
tP.elf:     file format elf32-avr

Sections:
Idx Name          Size      VMA       LMA       File off  Algn
  0 .data         0000028a  00800100  0000487a  0000490e  2**0
                  CONTENTS, ALLOC, LOAD, DATA
  1 .text         0000487a  00000000  00000000  00000094  2**1
                  CONTENTS, ALLOC, LOAD, READONLY, CODE
  2 .bss          00000064  0080038a  0080038a  00004b98  2**0
                  ALLOC
  3 .comment      0000005c  00000000  00000000  00004b98  2**0
                  CONTENTS, READONLY
  4 .note.gnu.avr.deviceinfo 00000040  00000000  00000000  00004bf4  2**2
                  CONTENTS, READONLY
  5 .debug_aranges 00000480  00000000  00000000  00004c34  2**0
                  CONTENTS, READONLY, DEBUGGING
  6 .debug_info   000072dd  00000000  00000000  000050b4  2**0
                  CONTENTS, READONLY, DEBUGGING
  7 .debug_abbrev 000016e4  00000000  00000000  0000c391  2**0
                  CONTENTS, READONLY, DEBUGGING
  8 .debug_line   000033a9  00000000  00000000  0000da75  2**0
                  CONTENTS, READONLY, DEBUGGING
  9 .debug_frame  00000cfc  00000000  00000000  00010e20  2**2
                  CONTENTS, READONLY, DEBUGGING
 10 .debug_str    000014e2  00000000  00000000  00011b1c  2**0
                  CONTENTS, READONLY, DEBUGGING
 11 .debug_loc    000026c4  00000000  00000000  00012ffe  2**0
                  CONTENTS, READONLY, DEBUGGING
 12 .debug_ranges 000003a0  00000000  00000000  000156c2  2**0
                  CONTENTS, READONLY, DEBUGGING

Disassembly of section .text:

00000000 <__vectors>:
       0:	0c 94 a2 09 	jmp	0x1344	; 0x1344 <__ctors_end>
       4:	0c 94 bf 09 	jmp	0x137e	; 0x137e <__bad_interrupt>
       8:	0c 94 bf 09 	jmp	0x137e	; 0x137e <__bad_interrupt>
       c:	0c 94 bf 09 	jmp	0x137e	; 0x137e <__bad_interrupt>
      10:	0c 94 bf 09 	jmp	0x137e	; 0x137e <__bad_interrupt>
      14:	0c 94 bf 09 	jmp	0x137e	; 0x137e <__bad_interrupt>
      18:	0c 94 bf 09 	jmp	0x137e	; 0x137e <__bad_interrupt>
      1c:	0c 94 bf 09 	jmp	0x137e	; 0x137e <__bad_interrupt>
      20:	0c 94 bf 09 	jmp	0x137e	; 0x137e <__bad_interrupt>
      24:	0c 94 bf 09 	jmp	0x137e	; 0x137e <__bad_interrupt>
      28:	0c 94 bf 09 	jmp	0x137e	; 0x137e <__bad_interrupt>
      2c:	0c 94 65 1e 	jmp	0x3cca	; 0x3cca <__vector_11>
      30:	0c 94 bf 09 	jmp	0x137e	; 0x137e <__bad_interrupt>
      34:	0c 94 bf 09 	jmp	0x137e	; 0x137e <__bad_interrupt>
      38:	0c 94 8b 1e 	jmp	0x3d16	; 0x3d16 <__vector_14>
      3c:	0c 94 bf 09 	jmp	0x137e	; 0x137e <__bad_interrupt>
      40:	0c 94 bf 09 	jmp	0x137e	; 0x137e <__bad_interrupt>
      44:	0c 94 bf 09 	jmp	0x137e	; 0x137e <__bad_interrupt>
      48:	0c 94 bf 09 	jmp	0x137e	; 0x137e <__bad_interrupt>
      4c:	0c 94 bf 09 	jmp	0x137e	; 0x137e <__bad_interrupt>
      50:	0c 94 bf 09 	jmp	0x137e	; 0x137e <__bad_interrupt>
      54:	0c 94 bf 09 	jmp	0x137e	; 0x137e <__bad_interrupt>
      58:	0c 94 bf 09 	jmp	0x137e	; 0x137e <__bad_interrupt>
      5c:	0c 94 bf 09 	jmp	0x137e	; 0x137e <__bad_interrupt>
      60:	0c 94 bf 09 	jmp	0x137e	; 0x137e <__bad_interrupt>
      64:	0c 94 bf 09 	jmp	0x137e	; 0x137e <__bad_interrupt>
      68:	14 1d       	adc	r17, r4
      6a:	33 1d       	adc	r19, r3
      6c:	3a 1d       	adc	r19, r10
      6e:	41 1d       	adc	r20, r1
      70:	3b 1e       	adc	r3, r27
      72:	3b 1e       	adc	r3, r27
      74:	3b 1e       	adc	r3, r27
      76:	3b 1e       	adc	r3, r27
      78:	3b 1e       	adc	r3, r27
      7a:	3b 1e       	adc	r3, r27
      7c:	3b 1e       	adc	r3, r27
      7e:	3b 1e       	adc	r3, r27
      80:	3b 1e       	adc	r3, r27
      82:	3b 1e       	adc	r3, r27
      84:	3b 1e       	adc	r3, r27
      86:	3b 1e       	adc	r3, r27
      88:	56 1d       	adc	r21, r6
      8a:	5f 1d       	adc	r21, r15
      8c:	6a 1d       	adc	r22, r10
      8e:	75 1d       	adc	r23, r5
      90:	80 1d       	adc	r24, r0
      92:	8b 1d       	adc	r24, r11
      94:	90 1d       	adc	r25, r0
      96:	99 1d       	adc	r25, r9
      98:	a2 1d       	adc	r26, r2
      9a:	a7 1d       	adc	r26, r7
      9c:	b0 1d       	adc	r27, r0
      9e:	c4 1d       	adc	r28, r4
      a0:	b9 1d       	adc	r27, r9
      a2:	3b 1e       	adc	r3, r27
      a4:	cd 1d       	adc	r28, r13
      a6:	d6 1d       	adc	r29, r6
      a8:	e1 1d       	adc	r30, r1
      aa:	ea 1d       	adc	r30, r10
      ac:	f3 1d       	adc	r31, r3
      ae:	fc 1d       	adc	r31, r12
      b0:	05 1e       	adc	r0, r21
      b2:	0c 1e       	adc	r0, r28
      b4:	1d 1e       	adc	r1, r29
      b6:	2e 1e       	adc	r2, r30
      b8:	3b 1e       	adc	r3, r27
      ba:	35 1e       	adc	r3, r21

000000bc <TextoExito2>:
      bc:	3e 3e a1 43 61 6d 62 69 6f 20 65 78 69 74 6f 73     >>.Cambio exitos
      cc:	6f 21 21 3c 3c 00                                   o!!<<.

000000d2 <MenuCambioDeNumero6>:
      d2:	3d 3d 3d 3d 3d 3d 3d 3d 3d 3d 3d 3d 3d 3d 3d 3d     ================
      e2:	3d 3d 3d 3d 3d 3d 3d 3d 3d 3d 3d 3d 3d 3d 3d 3d     ================
      f2:	3d 3d 3d 3d 3d 3d 3d 3d 3d 3d 3d 3d 3d 3d 3d 3d     ================
     102:	3d 3d 3d 3d 3d 3d 3d 3d 3d 3d 3d 00                 ===========.

0000010e <MenuCambioDeNumero5>:
     10e:	7c 20 20 a1 41 54 45 4e 43 49 4f 4e 21 3a 20 43     |  .ATENCION!: C
     11e:	4f 4c 4f 51 55 45 20 4e 55 4d 45 52 4f 53 20 44     OLOQUE NUMEROS D
     12e:	45 4e 54 52 4f 20 44 45 4c 20 52 41 4e 47 4f 20     ENTRO DEL RANGO 
     13e:	50 45 52 4d 49 54 49 44 4f 20 7c 00                 PERMITIDO |.

0000014a <MenuCambioDeNumero4>:
     14a:	3d 3d 3d 3d 3d 3d 3d 3d 3d 3d 3d 3d 3d 3d 3d 3d     ================
     15a:	3d 3d 3d 3d 3d 3d 3d 3d 3d 3d 3d 3d 3d 3d 3d 3d     ================
     16a:	3d 3d 3d 3d 3d 3d 3d 3d 3d 3d 3d 3d 3d 3d 3d 3d     ================
     17a:	3d 3d 3d 3d 3d 3d 3d 3d 3d 3d 3d 00                 ===========.

00000186 <MenuCambioDeNumero3>:
     186:	32 29 2d 20 41 70 72 65 74 65 20 27 32 27 20 68     2)- Aprete '2' h
     196:	61 73 74 61 20 76 65 72 20 73 75 20 63 61 6d 62     asta ver su camb
     1a6:	69 6f 20 72 65 66 6c 65 6a 61 64 6f 00              io reflejado.

000001b3 <MenuCambioDeNumero2>:
     1b3:	20 73 69 20 65 6c 20 6e 75 6d 65 72 6f 20 6d e1      si el numero m.
     1c3:	78 69 6d 6f 20 65 73 20 31 30 30 20 79 20 71 75     ximo es 100 y qu
     1d3:	65 72 65 6d 6f 73 20 70 6f 6e 65 72 20 32 35 2d     eremos poner 25-
     1e3:	3e 20 27 30 27 20 27 32 27 20 27 35 27 20 00        > '0' '2' '5' .

000001f2 <MenuCambioDeNumero1>:
     1f2:	31 29 2d 20 43 6f 6c 6f 71 75 65 20 63 69 66 72     1)- Coloque cifr
     202:	61 20 70 6f 72 20 63 69 66 72 61 20 73 65 67 75     a por cifra segu
     212:	6e 20 73 65 61 20 65 6c 20 6d 61 78 69 6d 6f 2e     n sea el maximo.
     222:	20 50 6f 72 20 65 6a 65 6d 70 6c 6f 3a 00            Por ejemplo:.

00000230 <MenuCambioDeNumero0>:
     230:	20 50 61 72 61 20 63 61 6d 62 69 61 72 20 6c 61      Para cambiar la
     240:	20 76 61 72 69 61 62 6c 65 20 73 69 67 61 20 6c      variable siga l
     250:	6f 73 20 73 69 67 75 69 65 6e 74 65 20 70 61 73     os siguiente pas
     260:	6f 73 3a 00                                         os:.

00000264 <MenuCambioDeNombre6>:
     264:	3d 3d 3d 3d 3d 3d 3d 3d 3d 3d 3d 3d 3d 3d 3d 3d     ================
     274:	3d 3d 3d 3d 3d 3d 3d 3d 3d 3d 3d 3d 3d 3d 3d 3d     ================
     284:	3d 3d 3d 3d 3d 3d 3d 3d 3d 3d 3d 3d 00              ============.

00000291 <MenuCambioDeNombre5>:
     291:	7c 20 a1 41 54 45 4e 43 49 4f 4e 21 3a 20 31 30     | .ATENCION!: 10
     2a1:	20 43 41 52 41 43 54 45 52 45 53 2c 20 45 4e 20      CARACTERES, EN 
     2b1:	4d 41 59 55 53 43 55 4c 41 2e 20 7c 00              MAYUSCULA. |.

000002be <MenuCambioDeNombre4>:
     2be:	3d 3d 3d 3d 3d 3d 3d 3d 3d 3d 3d 3d 3d 3d 3d 3d     ================
     2ce:	3d 3d 3d 3d 3d 3d 3d 3d 3d 3d 3d 3d 3d 3d 3d 3d     ================
     2de:	3d 3d 3d 3d 3d 3d 3d 3d 3d 3d 3d 3d 00              ============.

000002eb <MenuCambioDeNombre3>:
     2eb:	33 29 2d 20 41 70 72 65 74 65 20 27 32 27 20 68     3)- Aprete '2' h
     2fb:	61 73 74 61 20 76 65 72 20 73 75 20 63 61 6d 62     asta ver su camb
     30b:	69 6f 20 72 65 66 6c 65 6a 61 64 6f 00              io reflejado.

00000318 <MenuCambioDeNombre2>:
     318:	32 29 2d 20 43 6f 6c 6f 71 75 65 20 75 6e 20 67     2)- Coloque un g
     328:	75 69 6f 6e 20 62 61 6a 6f 20 28 27 5f 27 29 20     uion bajo ('_') 
     338:	61 6c 20 66 69 6e 61 6c 00                          al final.

00000341 <MenuCambioDeNombre1>:
     341:	31 29 2d 20 43 6f 6c 6f 71 75 65 20 6c 65 74 72     1)- Coloque letr
     351:	61 20 70 6f 72 20 6c 65 74 72 61 20 65 6c 20 6e     a por letra el n
     361:	75 65 76 6f 20 6e 6f 6d 62 72 65 00                 uevo nombre.

0000036d <MenuCambioDeNombre0>:
     36d:	20 50 61 72 61 20 63 61 6d 62 69 61 72 20 64 65      Para cambiar de
     37d:	20 6e 6f 6d 62 72 65 20 75 6e 61 20 62 65 62 69      nombre una bebi
     38d:	64 61 20 73 69 67 61 20 6c 6f 73 20 73 69 67 75     da siga los sigu
     39d:	69 65 6e 74 65 73 20 70 61 73 6f 73 3a 00           ientes pasos:.

000003ab <MenuTamagno1>:
     3ab:	20 57 2d 20 32 30 20 4c 00                           W- 20 L.

000003b4 <MenuTamagno0>:
     3b4:	20 56 2d 20 31 30 20 4c 00                           V- 10 L.

000003bd <MenuTamagno>:
     3bd:	3e 3e 53 65 6c 65 63 63 69 6f 6e 65 20 65 6c 20     >>Seleccione el 
     3cd:	6e 75 65 76 6f 20 76 6f 6c 75 6d 65 6e 20 70 72     nuevo volumen pr
     3dd:	65 73 69 6f 6e 61 6e 64 6f 20 75 6e 61 20 64 65     esionando una de
     3ed:	20 65 73 74 61 73 20 6c 65 74 72 61 73 3a 00         estas letras:.

000003fc <MenuConfiguracion19>:
     3fc:	20 55 2d 54 61 6d 61 f1 6f 20 64 65 20 42 69 64      U-Tama.o de Bid
     40c:	6f 6e 20 28 31 30 20 4c 20 2d 32 30 20 4c 29 20     on (10 L -20 L) 
     41c:	3d 00                                               =.

0000041e <MenuConfiguracion18>:
     41e:	20 54 2d 50 6f 72 63 65 6e 74 61 6a 65 20 64 65      T-Porcentaje de
     42e:	20 54 64 65 73 63 61 72 67 61 20 42 65 62 69 64      Tdescarga Bebid
     43e:	61 20 34 20 28 35 20 61 20 32 35 25 29 20 3d 00     a 4 (5 a 25%) =.

0000044e <MenuConfiguracion17>:
     44e:	20 53 2d 50 6f 72 63 65 6e 74 61 6a 65 20 64 65      S-Porcentaje de
     45e:	20 54 64 65 73 63 61 72 67 61 20 42 65 62 69 64      Tdescarga Bebid
     46e:	61 20 33 20 28 35 20 61 20 32 35 25 29 20 3d 00     a 3 (5 a 25%) =.

0000047e <MenuConfiguracion16>:
     47e:	20 52 2d 50 6f 72 63 65 6e 74 61 6a 65 20 64 65      R-Porcentaje de
     48e:	20 54 64 65 73 63 61 72 67 61 20 42 65 62 69 64      Tdescarga Bebid
     49e:	61 20 32 20 28 35 20 61 20 32 35 25 29 20 3d 00     a 2 (5 a 25%) =.

000004ae <MenuConfiguracion15>:
     4ae:	20 51 2d 50 6f 72 63 65 6e 74 61 6a 65 20 64 65      Q-Porcentaje de
     4be:	20 54 64 65 73 63 61 72 67 61 20 42 65 62 69 64      Tdescarga Bebid
     4ce:	61 20 31 20 28 35 20 61 20 32 35 25 29 20 3d 00     a 1 (5 a 25%) =.

000004de <MenuConfiguracion14>:
     4de:	20 50 2d 43 61 6e 74 69 64 61 64 20 64 65 20 61      P-Cantidad de a
     4ee:	67 75 61 20 43 61 6c 69 65 6e 74 65 20 42 65 62     gua Caliente Beb
     4fe:	69 64 61 20 34 20 28 31 35 30 20 61 20 33 30 30     ida 4 (150 a 300
     50e:	20 6d 4c 29 20 3d 00                                 mL) =.

00000515 <MenuConfiguracion13>:
     515:	20 4f 2d 43 61 6e 74 69 64 61 64 20 64 65 20 61      O-Cantidad de a
     525:	67 75 61 20 43 61 6c 69 65 6e 74 65 20 42 65 62     gua Caliente Beb
     535:	69 64 61 20 33 20 28 31 35 30 20 61 20 33 30 30     ida 3 (150 a 300
     545:	20 6d 4c 29 20 3d 00                                 mL) =.

0000054c <MenuConfiguracion12>:
     54c:	20 4e 2d 43 61 6e 74 69 64 61 64 20 64 65 20 61      N-Cantidad de a
     55c:	67 75 61 20 43 61 6c 69 65 6e 74 65 20 42 65 62     gua Caliente Beb
     56c:	69 64 61 20 32 20 28 31 35 30 20 61 20 33 30 30     ida 2 (150 a 300
     57c:	20 6d 4c 29 20 3d 00                                 mL) =.

00000583 <MenuConfiguracion11>:
     583:	20 4d 2d 43 61 6e 74 69 64 61 64 20 64 65 20 61      M-Cantidad de a
     593:	67 75 61 20 43 61 6c 69 65 6e 74 65 20 42 65 62     gua Caliente Beb
     5a3:	69 64 61 20 31 20 28 31 35 30 20 61 20 33 30 30     ida 1 (150 a 300
     5b3:	20 6d 4c 29 20 3d 00                                 mL) =.

000005ba <MenuConfiguracion10>:
     5ba:	20 4b 2d 43 61 6e 74 69 64 61 64 20 64 65 20 70      K-Cantidad de p
     5ca:	72 65 6d 65 7a 63 6c 61 20 42 65 62 69 64 61 20     remezcla Bebida 
     5da:	34 20 28 30 20 61 20 34 32 30 20 6d 4c 29 20 3d     4 (0 a 420 mL) =
	...

000005eb <MenuConfiguracion9>:
     5eb:	20 4a 2d 43 61 6e 74 69 64 61 64 20 64 65 20 70      J-Cantidad de p
     5fb:	72 65 6d 65 7a 63 6c 61 20 42 65 62 69 64 61 20     remezcla Bebida 
     60b:	33 20 28 30 20 61 20 34 32 30 20 6d 4c 29 20 3d     3 (0 a 420 mL) =
	...

0000061c <MenuConfiguracion8>:
     61c:	20 49 2d 43 61 6e 74 69 64 61 64 20 64 65 20 70      I-Cantidad de p
     62c:	72 65 6d 65 7a 63 6c 61 20 42 65 62 69 64 61 20     remezcla Bebida 
     63c:	32 20 28 30 20 61 20 34 32 30 20 6d 4c 29 20 3d     2 (0 a 420 mL) =
	...

0000064d <MenuConfiguracion7>:
     64d:	20 48 2d 43 61 6e 74 69 64 61 64 20 64 65 20 70      H-Cantidad de p
     65d:	72 65 6d 65 7a 63 6c 61 20 42 65 62 69 64 61 20     remezcla Bebida 
     66d:	31 20 28 30 20 61 20 34 32 30 20 6d 4c 29 20 3d     1 (0 a 420 mL) =
	...

0000067e <MenuConfiguracion6>:
     67e:	20 47 2d 43 6f 6e 73 74 61 6e 74 65 20 50 72 6f      G-Constante Pro
     68e:	70 6f 72 63 69 6f 6e 61 6c 20 27 4b 70 27 3a 00     porcional 'Kp':.

0000069e <MenuConfiguracion4>:
     69e:	20 45 2d 4e 6f 6d 62 72 65 20 64 65 20 6c 61 20      E-Nombre de la 
     6ae:	42 65 62 69 64 61 20 34 20 28 31 30 20 63 61 72     Bebida 4 (10 car
     6be:	e1 63 74 65 72 65 73 29 20 3d 00                    .cteres) =.

000006c9 <MenuConfiguracion3>:
     6c9:	20 44 2d 4e 6f 6d 62 72 65 20 64 65 20 6c 61 20      D-Nombre de la 
     6d9:	42 65 62 69 64 61 20 33 20 28 31 30 20 63 61 72     Bebida 3 (10 car
     6e9:	e1 63 74 65 72 65 73 29 20 3d 00                    .cteres) =.

000006f4 <MenuConfiguracion2>:
     6f4:	20 43 2d 4e 6f 6d 62 72 65 20 64 65 20 6c 61 20      C-Nombre de la 
     704:	42 65 62 69 64 61 20 32 20 28 31 30 20 63 61 72     Bebida 2 (10 car
     714:	e1 63 74 65 72 65 73 29 20 3d 00                    .cteres) =.

0000071f <MenuConfiguracion1>:
     71f:	20 42 2d 4e 6f 6d 62 72 65 20 64 65 20 6c 61 20      B-Nombre de la 
     72f:	42 65 62 69 64 61 20 31 20 28 31 30 20 63 61 72     Bebida 1 (10 car
     73f:	e1 63 74 65 72 65 73 29 20 3d 00                    .cteres) =.

0000074a <MenuConfiguracion0>:
     74a:	20 41 2d 54 65 6d 70 65 72 61 74 75 72 61 20 44      A-Temperatura D
     75a:	65 73 65 61 64 61 20 28 36 30 2d 39 35 29 2a 43     eseada (60-95)*C
     76a:	20 3d 00                                             =.

0000076d <Carpyy20>:
     76d:	34 34 34 36 36 36 36 36 36 36 36 36 34 34 35 20     444666666666445 
     77d:	20 20 20 20 20 20 20 20 33 30 30 30 36 30 30 30             30006000
     78d:	20 20 20 20 20 20 20 20 20 20 20 20 20 20 20 20                     
     79d:	35 30 30 30 30 30 30 30 30 30 30 30 30 30 30 30     5000000000000000
     7ad:	30 00                                               0.

000007af <Carpyy19>:
     7af:	20 20 20 30 30 30 30 30 30 30 30 36 20 20 20 20        000000006    
     7bf:	20 20 20 20 20 20 20 20 20 39 30 30 20 38 30 30              900 800
     7cf:	36 20 20 20 20 20 20 20 37 30 30 30 30 30 30 30     6       70000000
     7df:	30 30 30 30 30 30 30 30 30 30 30 30 30 30 30 30     0000000000000000
     7ef:	30 30 00                                            00.

000007f2 <Carpyy18>:
     7f2:	20 20 20 30 30 30 30 30 30 30 30 39 20 20 20 20        000000009    
     802:	20 20 20 20 20 20 20 20 20 39 30 30 20 30 30 30              900 000
     812:	30 32 20 35 30 30 30 30 30 30 30 30 30 30 30 30     02 5000000000000
     822:	30 30 30 30 30 30 30 30 30 30 30 30 30 30 30 30     0000000000000000
     832:	30 30 30 00                                         000.

00000836 <Carpyy17>:
     836:	20 20 20 30 30 30 30 30 30 30 30 30 32 20 20 20        0000000002   
     846:	20 20 20 20 20 20 20 20 20 39 30 30 30 30 30 30              9000000
     856:	30 30 30 30 30 30 30 30 30 30 30 30 30 30 30 30     0000000000000000
     866:	30 30 30 30 30 30 30 30 30 30 30 30 30 30 30 30     0000000000000000
     876:	30 30 30 00                                         000.

0000087a <Carpyy16>:
     87a:	20 20 20 30 30 30 30 30 30 30 30 39 20 20 39 20        000000009  9 
     88a:	20 20 20 20 20 20 20 20 20 30 30 30 30 30 30 30              0000000
     89a:	30 30 30 30 30 30 30 30 30 30 30 30 30 30 30 30     0000000000000000
     8aa:	30 30 30 30 30 30 30 30 30 30 30 30 30 30 30 30     0000000000000000
     8ba:	30 30 30 30 00                                      0000.

000008bf <Carpyy15>:
     8bf:	20 20 20 30 30 30 30 30 30 30 30 30 33 37 20 20        00000000037  
     8cf:	20 20 20 20 20 20 20 20 36 30 30 30 30 30 30 30             60000000
     8df:	30 30 30 30 30 30 30 30 30 30 30 30 30 30 30 30     0000000000000000
     8ef:	30 30 30 30 30 30 30 30 30 30 30 30 30 30 30 30     0000000000000000
     8ff:	30 30 30 30 00                                      0000.

00000904 <Carpyy14>:
     904:	20 20 20 20 20 31 20 20 31 20 20 20 20 20 20 20          1  1       
     914:	20 20 20 20 20 20 20 39 30 30 30 30 30 30 30 30            900000000
     924:	30 30 30 30 30 30 30 30 30 30 30 30 30 30 30 30     0000000000000000
     934:	30 30 30 30 30 30 30 30 30 30 30 30 30 30 30 30     0000000000000000
     944:	30 30 30 30 00                                      0000.

00000949 <Carpyy13>:
     949:	20 20 20 20 20 20 31 20 20 31 20 20 20 20 20 20           1  1      
     959:	20 20 20 20 20 20 20 30 30 30 30 30 30 30 30 30            000000000
     969:	30 30 30 30 30 30 30 30 30 30 30 30 30 30 30 30     0000000000000000
     979:	30 30 30 30 30 30 30 30 30 30 30 30 30 30 30 30     0000000000000000
     989:	30 30 30 30 00                                      0000.

0000098e <Carpyy12>:
     98e:	20 20 20 20 20 31 20 20 31 20 20 20 20 20 20 20          1  1       
     99e:	20 20 20 20 20 20 39 30 30 30 30 30 30 30 30 30           9000000000
     9ae:	30 30 30 30 30 30 30 30 30 30 30 30 30 30 30 30     0000000000000000
     9be:	30 30 30 30 30 30 30 30 30 30 30 30 30 30 30 30     0000000000000000
     9ce:	30 30 30 00                                         000.

000009d2 <Carpyy11>:
     9d2:	20 20 20 20 20 20 20 20 20 20 20 20 20 20 20 20                     
     9e2:	20 20 20 20 20 20 39 30 30 30 30 30 30 30 30 30           9000000000
     9f2:	30 30 30 30 30 30 30 30 30 30 30 30 30 30 30 30     0000000000000000
     a02:	30 30 30 30 30 30 30 30 30 30 30 30 30 30 30 30     0000000000000000
     a12:	30 30 00                                            00.

00000a15 <Carpyy10>:
     a15:	20 20 20 20 20 20 20 20 20 20 20 20 20 20 20 20                     
     a25:	20 20 20 20 30 30 30 30 30 30 30 30 30 30 30 30         000000000000
     a35:	30 30 30 30 30 30 30 30 30 30 30 30 30 30 30 30     0000000000000000
     a45:	30 30 30 30 30 30 30 30 30 30 30 30 30 30 30 30     0000000000000000
	...

00000a56 <Carpyy9>:
     a56:	20 20 20 20 20 20 20 20 20 20 20 20 20 20 20 20                     
     a66:	20 20 20 31 30 30 30 30 30 30 30 30 30 30 30 30        1000000000000
     a76:	30 30 30 30 30 30 30 30 30 30 30 30 30 30 30 30     0000000000000000
     a86:	30 30 30 30 30 30 30 30 30 30 30 30 30 30 31 20     000000000000001 
     a96:	20 20 20 20 20 20 20 20 20 20 20 20 20 43 4f 4e                  CON
     aa6:	53 4f 4c 41 00                                      SOLA.

00000aab <Carpyy8>:
     aab:	20 20 20 20 20 20 20 20 20 20 20 20 20 20 20 20                     
     abb:	30 30 30 30 30 30 30 30 30 30 30 30 30 30 30 30     0000000000000000
     acb:	30 30 30 30 30 30 30 30 30 30 30 30 30 30 30 30     0000000000000000
     adb:	30 30 30 30 30 30 30 30 30 30 30 30 36 20 20 20     0000000000006   
     aeb:	20 20 20 20 20 20 20 20 20 55 54 49 4c 49 43 45              UTILICE
     afb:	20 45 53 54 41 20 20 20 00                           ESTA   .

00000b04 <Carpyy7>:
     b04:	20 20 20 20 20 20 20 20 20 20 20 38 30 30 30 30                80000
     b14:	30 30 30 30 30 30 30 30 30 30 30 30 30 30 30 30     0000000000000000
     b24:	30 30 30 30 30 30 30 30 30 30 30 30 30 30 30 30     0000000000000000
     b34:	30 30 30 30 30 30 30 30 30 30 31 20 20 20 20 20     00000000001     
     b44:	20 50 41 52 41 20 4d 4f 44 49 46 49 43 41 52 20      PARA MODIFICAR 
     b54:	45 53 54 4f 53 20 20 00                             ESTOS  .

00000b5c <Carpyy6>:
     b5c:	20 20 20 20 20 20 20 20 20 20 30 30 30 30 30 30               000000
     b6c:	30 30 30 30 30 30 30 30 30 30 30 30 30 30 30 30     0000000000000000
     b7c:	30 30 30 30 30 30 30 30 30 30 30 30 30 30 30 30     0000000000000000
     b8c:	30 30 30 30 30 34 20 20 20 20 20 20 43 41 4e 54     000004      CANT
     b9c:	49 44 41 44 20 44 45 20 50 52 45 4d 45 5a 43 4c     IDAD DE PREMEZCL
     bac:	41 2c 45 54 43 20 20 00                             A,ETC  .

00000bb4 <Carpyy5>:
     bb4:	20 20 20 20 20 20 20 20 20 37 30 30 30 30 30 30              7000000
     bc4:	30 30 30 30 30 30 30 30 30 30 30 30 30 30 30 30     0000000000000000
     bd4:	30 30 30 30 30 30 30 30 30 20 20 20 20 20 20 20     000000000       
     be4:	20 20 20 20 20 20 20 20 50 55 45 44 45 4e 20 43             PUEDEN C
     bf4:	4f 4e 54 52 4f 4c 41 52 20 54 45 4d 50 45 52 41     ONTROLAR TEMPERA
     c04:	54 55 52 41 2c 20 00                                TURA, .

00000c0b <Carpyy4>:
     c0b:	20 20 20 20 20 20 20 20 20 34 30 30 30 30 30 30              4000000
     c1b:	30 30 30 30 30 30 30 30 30 30 30 30 30 30 30 30     0000000000000000
     c2b:	30 30 30 30 30 20 20 20 20 20 20 20 20 20 20 20     00000           
     c3b:	20 20 27 43 41 46 45 54 45 52 41 27 20 45 53 20       'CAFETERA' ES 
     c4b:	55 4e 20 50 52 4f 59 45 43 54 4f 20 44 4f 4e 44     UN PROYECTO DOND
     c5b:	45 20 53 45 20 00                                   E SE .

00000c61 <Carpyy3>:
     c61:	20 20 20 20 20 20 20 20 20 30 30 30 30 20 38 30              0000 80
     c71:	30 30 30 30 30 30 30 30 30 30 30 30 30 30 30 30     0000000000000000
     c81:	30 30 00                                            00.

00000c84 <Carpyy2>:
     c84:	20 20 20 20 20 20 20 20 20 34 30 30 30 30 30 30              4000000
     c94:	30 30 30 30 30 20 20 33 30 30 30 30 30 30 30 35     00000  300000005
     ca4:	20 20 20 20 20 20 4e 4f 4d 42 52 45 3a 20 46 41           NOMBRE: FA
     cb4:	42 52 49 43 49 4f 20 44 41 56 49 44 20 47 41 4c     BRICIO DAVID GAL
     cc4:	4c 4f 00                                            LO.

00000cc7 <Carpyy1>:
     cc7:	20 20 20 20 20 20 20 20 20 20 20 20 34 30 30 30                 4000
     cd7:	30 30 30 30 30 30 30 30 30 30 30 30 30 37 20 20     00000000000007  
     ce7:	20 20 20 20 20 20 20 20 20 20 20 20 20 20 20 20                     
     cf7:	20 20 20 20 20 20 20 20 20 20 20 20 20 20 4c 49                   LI
     d07:	43 20 4a 55 4c 49 41 4e 20 4d 49 4e 41 54 45 4c     C JULIAN MINATEL
	...

00000d18 <Carpyy0>:
     d18:	20 20 20 20 20 20 20 20 20 20 20 20 20 20 20 31                    1
     d28:	32 33 32 38 30 30 30 30 30 30 30 30 20 20 20 20     232800000000    
     d38:	20 20 20 20 20 20 20 20 20 20 20 20 20 20 20 20                     
     d48:	50 52 4f 46 45 53 4f 52 45 53 3a 20 49 4e 47 20     PROFESORES: ING 
     d58:	45 44 55 41 52 44 4f 20 56 45 4c 41 5a 51 55 45     EDUARDO VELAZQUE
     d68:	5a 00                                               Z.

00000d6a <Carpyy>:
     d6a:	20 20 20 20 20 20 20 20 20 20 20 20 20 20 20 20                     
     d7a:	20 20 20 20 39 30 20 20 34 30 30 20 20 20 20 20         90  400     
     d8a:	54 50 46 49 2e 2e 2e 20 43 41 54 45 44 52 41 3a     TPFI... CATEDRA:
     d9a:	20 20 20 20 53 49 53 54 45 4d 41 53 20 44 49 47         SISTEMAS DIG
     daa:	49 54 41 4c 45 53 20 49 56 00                       ITALES IV.

00000db4 <MenuMediciones2>:
     db4:	3d 3d 3d 3d 3d 3d 3d 3d 3d 3d 3d 3d 3d 3d 3d 3d     ================
     dc4:	3d 3d 3d 3d 3d 3d 3d 3e 3e 00                       =======>>.

00000dce <MenuMediciones1>:
     dce:	7c 20 4d 45 44 49 43 49 4f 4e 45 53 20 41 43 54     | MEDICIONES ACT
     dde:	55 41 4c 45 53 20 7c 3e 3e 00                       UALES |>>.

00000de8 <MenuMediciones0>:
     de8:	3d 3d 3d 3d 3d 3d 3d 3d 3d 3d 3d 3d 3d 3d 3d 3d     ================
     df8:	3d 3d 3d 3d 3d 3d 3d 3e 3e 00                       =======>>.

00000e02 <Menu0_3>:
     e02:	3e 3e 20 34 20 43 6f 6e 66 69 67 75 72 61 72 00     >> 4 Configurar.

00000e12 <Menu0_2>:
     e12:	3e 3e 20 33 20 44 61 74 6f 73 20 64 65 6c 20 50     >> 3 Datos del P
     e22:	72 6f 79 65 63 74 6f 00                             royecto.

00000e2a <Menu0_1>:
     e2a:	3e 3e 20 32 20 56 65 72 20 63 6f 6e 66 69 67 75     >> 2 Ver configu
     e3a:	72 61 63 69 6f 6e 65 73 00                          raciones.

00000e43 <Menu0_0>:
     e43:	3e 3e 20 31 20 56 65 72 20 4d 65 64 69 63 69 6f     >> 1 Ver Medicio
     e53:	6e 65 73 00                                         nes.

00000e57 <Bienvenida8>:
     e57:	20 2b 58 58 58 58 58 58 58 20 20 20 20 58 58 2b      +XXXXXXX    XX+
     e67:	20 20 20 58 58 58 58 58 58 58 2b 20 20 2b 58 78        XXXXXXX+  +Xx
     e77:	20 20 20 78 58 58 3a 20 20 20 20 2b 58 58 58 58        xXX:    +XXXX
     e87:	20 20 20 20 20 78 58 58 58 58 58 58 78 20 20 3a          xXXXXXXx  :
     e97:	58 58 20 20 20 3b 58 58 2b 20 20 20 58 58 3b 20     XX   ;XX+   XX; 
     ea7:	20 20 58 58 58 58 58 58 58 2b 20 20 20 20 78 58       XXXXXXX+    xX
     eb7:	58 58 58 58 78 20 20 00                             XXXXx  .

00000ebf <Bienvenida7>:
     ebf:	20 2b 58 58 20 20 20 58 58 58 20 20 20 58 58 2b      +XX   XXX   XX+
     ecf:	20 20 20 58 58 2b 20 20 20 20 20 20 20 2b 58 78        XX+       +Xx
     edf:	20 20 3a 58 58 58 3a 20 20 20 20 78 58 58 58 58       :XXX:    xXXXX
     eef:	2e 20 20 20 20 78 58 78 20 20 20 20 20 20 20 3a     .    xXx       :
     eff:	58 58 20 20 2e 58 58 58 2b 20 20 20 58 58 3b 20     XX  .XXX+   XX; 
     f0f:	20 20 58 58 2b 20 20 3b 58 58 3a 20 20 2b 58 58       XX+  ;XX:  +XX
     f1f:	2e 20 2e 58 58 2b 20 00                             . .XX+ .

00000f27 <Bienvenida6>:
     f27:	20 2b 58 58 20 20 20 2b 58 58 2e 20 20 58 58 2b      +XX   +XX.  XX+
     f37:	20 20 20 58 58 2b 20 20 20 20 20 20 20 2b 58 78        XX+       +Xx
     f47:	20 20 78 58 58 58 3a 20 20 20 20 58 58 2b 58 58       xXXX:    XX+XX
     f57:	2b 20 20 20 20 78 58 78 20 20 20 20 20 20 20 3a     +    xXx       :
     f67:	58 58 20 20 2b 58 58 58 2b 20 20 20 58 58 3b 20     XX  +XXX+   XX; 
     f77:	20 20 58 58 2b 20 20 3a 58 58 3b 20 20 78 58 58       XX+  :XX;  xXX
     f87:	20 20 20 58 58 78 20 00                                XXx .

00000f8f <Bienvenida5>:
     f8f:	20 2b 58 58 20 20 20 58 58 58 20 20 20 58 58 2b      +XX   XXX   XX+
     f9f:	20 20 20 58 58 2b 20 20 20 20 20 20 20 2b 58 78        XX+       +Xx
     faf:	20 3a 58 58 58 58 3a 20 20 20 3b 58 58 3a 3b 58      :XXXX:   ;XX:;X
     fbf:	58 20 20 20 20 78 58 78 20 20 20 20 20 20 20 3a     X    xXx       :
     fcf:	58 58 20 20 58 58 58 58 2b 20 20 20 58 58 3b 20     XX  XXXX+   XX; 
     fdf:	20 20 58 58 2b 20 20 3a 58 58 3b 20 20 78 58 58       XX+  :XX;  xXX
     fef:	20 20 20 58 58 78 20 00                                XXx .

00000ff7 <Bienvenida4>:
     ff7:	20 2b 58 58 58 58 58 58 78 20 20 20 20 58 58 2b      +XXXXXXx    XX+
    1007:	20 20 20 58 58 58 58 58 58 3b 20 20 20 2b 58 78        XXXXXX;   +Xx
    1017:	20 78 58 3b 58 58 3a 20 20 20 58 58 58 20 20 58      xX;XX:   XXX  X
    1027:	58 3a 20 20 20 78 58 58 58 58 58 78 20 20 20 3a     X:   xXXXXXx   :
    1037:	58 58 20 78 58 2b 58 58 2b 20 20 20 58 58 3b 20     XX xX+XX+   XX; 
    1047:	20 20 58 58 2b 20 20 3a 58 58 3b 20 20 78 58 58       XX+  :XX;  xXX
    1057:	20 20 20 58 58 78 20 00                                XXx .

0000105f <Bienvenida3>:
    105f:	20 2b 58 58 2e 20 3b 58 58 3a 20 20 20 58 58 2b      +XX. ;XX:   XX+
    106f:	20 20 20 58 58 2b 20 20 20 20 20 20 20 2b 58 78        XX+       +Xx
    107f:	3a 58 78 20 58 58 3a 20 20 20 58 58 2b 20 20 58     :Xx XX:   XX+  X
    108f:	58 3b 20 20 20 78 58 78 20 20 20 20 20 20 20 3a     X;   xXx       :
    109f:	58 58 20 58 58 20 58 58 2b 20 20 20 58 58 3b 20     XX XX XX+   XX; 
    10af:	20 20 58 58 2b 20 20 3a 58 58 3b 20 20 78 58 58       XX+  :XX;  xXX
    10bf:	20 20 20 58 58 78 20 00                                XXx .

000010c7 <Bienvenida2>:
    10c7:	20 2b 58 58 20 20 20 58 58 78 20 20 20 58 58 2b      +XX   XXx   XX+
    10d7:	20 20 20 58 58 2b 20 20 20 20 20 20 20 2b 58 58        XX+       +XX
    10e7:	58 58 3a 20 58 58 3a 20 20 3a 58 58 3a 20 20 78     XX: XX:  :XX:  x
    10f7:	58 78 20 20 20 78 58 78 20 20 20 20 20 20 20 3a     Xx   xXx       :
    1107:	58 58 58 58 3b 20 58 58 2b 20 20 20 58 58 3b 20     XXXX; XX+   XX; 
    1117:	20 20 58 58 2b 20 20 3a 58 58 3b 20 20 78 58 58       XX+  :XX;  xXX
    1127:	20 20 20 58 58 78 20 00                                XXx .

0000112f <Bienvenida1>:
    112f:	20 2b 58 58 2e 20 3b 58 58 78 20 20 20 58 58 2b      +XX. ;XXx   XX+
    113f:	20 20 20 58 58 2b 20 20 20 20 20 20 20 2b 58 58        XX+       +XX
    114f:	58 78 20 20 58 58 3a 20 20 2b 58 58 2e 20 20 3a     Xx  XX:  +XX.  :
    115f:	58 58 2e 20 20 78 58 78 20 20 20 20 20 20 20 3a     XX.  xXx       :
    116f:	58 58 58 58 20 20 58 58 2b 20 20 20 58 58 3b 20     XXXX  XX+   XX; 
    117f:	20 20 58 58 2b 20 20 2b 58 58 2e 20 20 2b 58 58       XX+  +XX.  +XX
    118f:	2e 20 3a 58 58 2b 00                                . :XX+.

00001196 <Bienvenida0>:
    1196:	20 2b 58 58 58 58 58 58 78 20 20 20 20 58 58 2b      +XXXXXXx    XX+
    11a6:	20 20 20 58 58 58 58 58 58 58 2b 20 20 2b 58 58        XXXXXXX+  +XX
    11b6:	58 20 20 20 58 58 3a 20 20 58 58 78 20 20 20 20     X   XX:  XXx    
    11c6:	58 58 3b 20 20 78 58 58 58 58 58 58 78 20 20 3a     XX;  xXXXXXXx  :
    11d6:	58 58 58 3a 20 20 58 58 2b 20 20 20 58 58 3b 20     XXX:  XX+   XX; 
    11e6:	20 20 58 58 58 58 58 58 58 3a 20 20 20 20 78 58       XXXXXXX:    xX
    11f6:	58 58 58 58 78 20 00                                XXXXx .

000011fd <TextoDosificador>:
    11fd:	3e 3e 4e 69 76 65 6c 65 73 20 64 65 20 6c 6c 65     >>Niveles de lle
    120d:	6e 61 64 6f 20 64 65 20 6c 6f 73 20 64 6f 73 69     nado de los dosi
    121d:	66 69 63 61 64 6f 72 65 73 20 64 65 20 70 72 65     ficadores de pre
    122d:	6d 65 7a 63 6c 61 20 28 65 6e 20 25 29 3a 00        mezcla (en %):.

0000123c <TextoBidon>:
    123c:	3e 3e 42 69 64 6f 6e 3a 00                          >>Bidon:.

00001245 <TextoVolumen0>:
    1245:	20 6d 4c 00                                          mL.

00001249 <TextoVolumen>:
    1249:	2d 56 6f 6c 75 6d 65 6e 3a 00                       -Volumen:.

00001253 <TextoTemperatura0>:
    1253:	20 2a 43 00                                          *C.

00001257 <TextoTemperatura>:
    1257:	2d 54 65 6d 70 65 72 61 74 75 72 61 3a 00           -Temperatura:.

00001265 <TextoFracaso1>:
    1265:	3e 3e 50 6f 72 20 66 61 76 6f 72 2c 20 69 6e 74     >>Por favor, int
    1275:	65 6e 74 65 6c 6f 20 6e 75 65 76 61 6d 65 6e 74     entelo nuevament
    1285:	65 20 6d e1 73 20 74 61 72 64 65 2e 20 41 43 45     e m.s tarde. ACE
    1295:	50 54 41 52 3a 20 41 70 72 65 74 65 20 58 00        PTAR: Aprete X.

000012a4 <TextoFracaso>:
    12a4:	3e 3e 45 52 52 4f 52 3a 20 4c 41 20 43 41 4e 54     >>ERROR: LA CANT
    12b4:	49 44 41 44 20 50 52 4f 50 55 45 53 54 41 20 45     IDAD PROPUESTA E
    12c4:	53 54 c1 20 46 55 45 52 41 20 44 45 20 52 41 4e     ST. FUERA DE RAN
    12d4:	47 4f 20 4f 20 45 4e 20 46 4f 52 4d 41 54 4f 20     GO O EN FORMATO 
    12e4:	45 52 52 4f 4e 45 4f 00                             ERRONEO.

000012ec <TextoRegresar>:
    12ec:	3e 3e 41 70 72 65 74 65 20 58 20 70 61 72 61 20     >>Aprete X para 
    12fc:	76 6f 6c 76 65 72 20 61 6c 20 6d 65 6e 75 20 69     volver al menu i
    130c:	6e 69 63 69 61 6c 00                                nicial.

00001313 <TextoElegir>:
    1313:	3e 3e 53 65 6c 65 63 63 69 6f 6e 65 20 61 6c 67     >>Seleccione alg
    1323:	75 6e 61 20 64 65 20 6c 61 73 20 61 6e 74 65 72     una de las anter
    1333:	69 6f 72 65 73 20 6f 70 63 69 6f 6e 65 73 20 00     iores opciones .
	...

00001344 <__ctors_end>:
    1344:	11 24       	eor	r1, r1
    1346:	1f be       	out	0x3f, r1	; 63
    1348:	cf ef       	ldi	r28, 0xFF	; 255
    134a:	d8 e0       	ldi	r29, 0x08	; 8
    134c:	de bf       	out	0x3e, r29	; 62
    134e:	cd bf       	out	0x3d, r28	; 61

00001350 <__do_copy_data>:
    1350:	13 e0       	ldi	r17, 0x03	; 3
    1352:	a0 e0       	ldi	r26, 0x00	; 0
    1354:	b1 e0       	ldi	r27, 0x01	; 1
    1356:	ea e7       	ldi	r30, 0x7A	; 122
    1358:	f8 e4       	ldi	r31, 0x48	; 72
    135a:	02 c0       	rjmp	.+4      	; 0x1360 <__do_copy_data+0x10>
    135c:	05 90       	lpm	r0, Z+
    135e:	0d 92       	st	X+, r0
    1360:	aa 38       	cpi	r26, 0x8A	; 138
    1362:	b1 07       	cpc	r27, r17
    1364:	d9 f7       	brne	.-10     	; 0x135c <__do_copy_data+0xc>

00001366 <__do_clear_bss>:
    1366:	23 e0       	ldi	r18, 0x03	; 3
    1368:	aa e8       	ldi	r26, 0x8A	; 138
    136a:	b3 e0       	ldi	r27, 0x03	; 3
    136c:	01 c0       	rjmp	.+2      	; 0x1370 <.do_clear_bss_start>

0000136e <.do_clear_bss_loop>:
    136e:	1d 92       	st	X+, r1

00001370 <.do_clear_bss_start>:
    1370:	ae 3e       	cpi	r26, 0xEE	; 238
    1372:	b2 07       	cpc	r27, r18
    1374:	e1 f7       	brne	.-8      	; 0x136e <.do_clear_bss_loop>
    1376:	0e 94 42 1e 	call	0x3c84	; 0x3c84 <main>
    137a:	0c 94 3b 24 	jmp	0x4876	; 0x4876 <_exit>

0000137e <__bad_interrupt>:
    137e:	0c 94 00 00 	jmp	0	; 0x0 <__vectors>

00001382 <iniciar_ADC>:


#include "ADC.h"

void iniciar_ADC(void){
ADMUX |= (1 << REFS0); // Voltaje de referencia AVCC con capacitor externo en AREF (tension de referencia)
    1382:	ec e7       	ldi	r30, 0x7C	; 124
    1384:	f0 e0       	ldi	r31, 0x00	; 0
    1386:	80 81       	ld	r24, Z
    1388:	80 64       	ori	r24, 0x40	; 64
    138a:	80 83       	st	Z, r24
ADMUX &= ~(1 << ADLAR); // ADC derecho justificado, los bits mas significativos se ubicaran en los bits mas altos del registo de resultado ADC
    138c:	80 81       	ld	r24, Z
    138e:	8f 7d       	andi	r24, 0xDF	; 223
    1390:	80 83       	st	Z, r24
ADCSRA |= (1 << ADPS2) | (1 << ADPS1) | (1 << ADPS0); //Prescaler en 128, divide la frecuencia del ADC por 128, esto hace que la conversion sea mas lenta pero precisa.
    1392:	ea e7       	ldi	r30, 0x7A	; 122
    1394:	f0 e0       	ldi	r31, 0x00	; 0
    1396:	80 81       	ld	r24, Z
    1398:	87 60       	ori	r24, 0x07	; 7
    139a:	80 83       	st	Z, r24
ADCSRA |= (1 << ADEN); // Habilita el ADC, el bit ADEN en 1 permite que se realicen las conversiones ADC
    139c:	80 81       	ld	r24, Z
    139e:	80 68       	ori	r24, 0x80	; 128
    13a0:	80 83       	st	Z, r24
    13a2:	08 95       	ret

000013a4 <leer_ADC>:
}

void leer_ADC(char canal){
ADMUX &= 0xF0; // Limpiar bits de selección de canal, hace una AND con 0xF0 (11110000) es para asegurar que los bits de seleccion de canal esten en 0 antes de seleccionarlos
    13a4:	ec e7       	ldi	r30, 0x7C	; 124
    13a6:	f0 e0       	ldi	r31, 0x00	; 0
    13a8:	90 81       	ld	r25, Z
    13aa:	90 7f       	andi	r25, 0xF0	; 240
    13ac:	90 83       	st	Z, r25
ADMUX |= (0x00+canal); // Selecciona el pin analogico que deseamos, en el main por ej utilizamos con canales a0 (canal 0) y a1 (canal 1)
    13ae:	90 81       	ld	r25, Z
    13b0:	89 2b       	or	r24, r25
    13b2:	80 83       	st	Z, r24
ADCSRA |= (1 << ADSC); // Iniciar conversión
    13b4:	ea e7       	ldi	r30, 0x7A	; 122
    13b6:	f0 e0       	ldi	r31, 0x00	; 0
    13b8:	80 81       	ld	r24, Z
    13ba:	80 64       	ori	r24, 0x40	; 64
    13bc:	80 83       	st	Z, r24
while(ADCSRA & (1 << ADSC)); // Espera a que termine la conversión
    13be:	80 91 7a 00 	lds	r24, 0x007A	; 0x80007a <__TEXT_REGION_LENGTH__+0x7f807a>
    13c2:	86 fd       	sbrc	r24, 6
    13c4:	fc cf       	rjmp	.-8      	; 0x13be <leer_ADC+0x1a>
    13c6:	08 95       	ret

000013c8 <RetardoPersonalizadosEnMs>:
void RetardoPersonalizadosEnMs(int i){  // Este es un delay no bloqueante
	// Assembly code auto-generated
	// by utility from Bret Mulvey
	// Delay 16 000 cycles
	// 1ms at 16 MHz
	while (i>=0){
    13c8:	07 c0       	rjmp	.+14     	; 0x13d8 <RetardoPersonalizadosEnMs+0x10>
		asm volatile (
    13ca:	25 e1       	ldi	r18, 0x15	; 21
    13cc:	37 ec       	ldi	r19, 0xC7	; 199
    13ce:	3a 95       	dec	r19
    13d0:	f1 f7       	brne	.-4      	; 0x13ce <RetardoPersonalizadosEnMs+0x6>
    13d2:	2a 95       	dec	r18
    13d4:	e1 f7       	brne	.-8      	; 0x13ce <RetardoPersonalizadosEnMs+0x6>
		"1:  dec  r19	\n"
		"    brne 1b	\n"
		"    dec  r18	\n"
		"    brne 1b	\n"
		);
	i--;}
    13d6:	01 97       	sbiw	r24, 0x01	; 1
void RetardoPersonalizadosEnMs(int i){  // Este es un delay no bloqueante
	// Assembly code auto-generated
	// by utility from Bret Mulvey
	// Delay 16 000 cycles
	// 1ms at 16 MHz
	while (i>=0){
    13d8:	99 23       	and	r25, r25
    13da:	bc f7       	brge	.-18     	; 0x13ca <RetardoPersonalizadosEnMs+0x2>
		"    brne 1b	\n"
		"    dec  r18	\n"
		"    brne 1b	\n"
		);
	i--;}
}
    13dc:	08 95       	ret

000013de <ServidoBebida1>:
void ServidoBebida1(void){
    13de:	cf 92       	push	r12
    13e0:	df 92       	push	r13
    13e2:	ef 92       	push	r14
    13e4:	ff 92       	push	r15
    13e6:	cf 93       	push	r28
    13e8:	df 93       	push	r29
	//Leemos la cantidad de dosificación y calculamos el tiempo de ossification
	EPROM_Read_String(DosificacionB1,Buffer,3);
    13ea:	43 e0       	ldi	r20, 0x03	; 3
    13ec:	50 e0       	ldi	r21, 0x00	; 0
    13ee:	61 ed       	ldi	r22, 0xD1	; 209
    13f0:	73 e0       	ldi	r23, 0x03	; 3
    13f2:	88 e1       	ldi	r24, 0x18	; 24
    13f4:	91 e0       	ldi	r25, 0x01	; 1
    13f6:	0e 94 c5 0e 	call	0x1d8a	; 0x1d8a <EPROM_Read_String>
	Aux=atoi(Buffer);
    13fa:	81 ed       	ldi	r24, 0xD1	; 209
    13fc:	93 e0       	ldi	r25, 0x03	; 3
    13fe:	0e 94 2b 21 	call	0x4256	; 0x4256 <atoi>
    1402:	90 93 8b 03 	sts	0x038B, r25	; 0x80038b <__data_end+0x1>
    1406:	80 93 8a 03 	sts	0x038A, r24	; 0x80038a <__data_end>
	TiempoDeDosificacion=(((float)Aux)/15)*1000; // Esto da en milisegundos, 15 ml es una cucharada
    140a:	bc 01       	movw	r22, r24
    140c:	99 0f       	add	r25, r25
    140e:	88 0b       	sbc	r24, r24
    1410:	99 0b       	sbc	r25, r25
    1412:	0e 94 2c 20 	call	0x4058	; 0x4058 <__floatsisf>
    1416:	20 e0       	ldi	r18, 0x00	; 0
    1418:	30 e0       	ldi	r19, 0x00	; 0
    141a:	40 e7       	ldi	r20, 0x70	; 112
    141c:	51 e4       	ldi	r21, 0x41	; 65
    141e:	0e 94 82 1f 	call	0x3f04	; 0x3f04 <__divsf3>
    1422:	20 e0       	ldi	r18, 0x00	; 0
    1424:	30 e0       	ldi	r19, 0x00	; 0
    1426:	4a e7       	ldi	r20, 0x7A	; 122
    1428:	54 e4       	ldi	r21, 0x44	; 68
    142a:	0e 94 b8 20 	call	0x4170	; 0x4170 <__mulsf3>
    142e:	0e 94 f4 1f 	call	0x3fe8	; 0x3fe8 <__fixsfsi>
    1432:	70 93 a4 03 	sts	0x03A4, r23	; 0x8003a4 <TiempoDeDosificacion+0x1>
    1436:	60 93 a3 03 	sts	0x03A3, r22	; 0x8003a3 <TiempoDeDosificacion>
	EscribirPcf8575(DOSIFICADOR1); // CAE EL POLVO DOSIFICADOR
    143a:	81 e0       	ldi	r24, 0x01	; 1
    143c:	90 e0       	ldi	r25, 0x00	; 0
    143e:	0e 94 0e 13 	call	0x261c	; 0x261c <EscribirPcf8575>
	RetardoPersonalizadosEnMs(TiempoDeDosificacion);
    1442:	80 91 a3 03 	lds	r24, 0x03A3	; 0x8003a3 <TiempoDeDosificacion>
    1446:	90 91 a4 03 	lds	r25, 0x03A4	; 0x8003a4 <TiempoDeDosificacion+0x1>
    144a:	0e 94 e4 09 	call	0x13c8	; 0x13c8 <RetardoPersonalizadosEnMs>
	// Lo mismo con el agua caliente
	EPROM_Read_String(CAguaB1,Buffer,4);
    144e:	44 e0       	ldi	r20, 0x04	; 4
    1450:	50 e0       	ldi	r21, 0x00	; 0
    1452:	61 ed       	ldi	r22, 0xD1	; 209
    1454:	73 e0       	ldi	r23, 0x03	; 3
    1456:	84 e6       	ldi	r24, 0x64	; 100
    1458:	90 e0       	ldi	r25, 0x00	; 0
    145a:	0e 94 c5 0e 	call	0x1d8a	; 0x1d8a <EPROM_Read_String>
	Aux=atoi(Buffer);
    145e:	81 ed       	ldi	r24, 0xD1	; 209
    1460:	93 e0       	ldi	r25, 0x03	; 3
    1462:	0e 94 2b 21 	call	0x4256	; 0x4256 <atoi>
    1466:	90 93 8b 03 	sts	0x038B, r25	; 0x80038b <__data_end+0x1>
    146a:	80 93 8a 03 	sts	0x038A, r24	; 0x80038a <__data_end>
	TiempoDeAguaCaliente=((float)Aux/25)*1000;// Esto da en milisegundos, 25 ml es lo que cae en un segundo 
    146e:	bc 01       	movw	r22, r24
    1470:	99 0f       	add	r25, r25
    1472:	88 0b       	sbc	r24, r24
    1474:	99 0b       	sbc	r25, r25
    1476:	0e 94 2c 20 	call	0x4058	; 0x4058 <__floatsisf>
    147a:	20 e0       	ldi	r18, 0x00	; 0
    147c:	30 e0       	ldi	r19, 0x00	; 0
    147e:	48 ec       	ldi	r20, 0xC8	; 200
    1480:	51 e4       	ldi	r21, 0x41	; 65
    1482:	0e 94 82 1f 	call	0x3f04	; 0x3f04 <__divsf3>
    1486:	20 e0       	ldi	r18, 0x00	; 0
    1488:	30 e0       	ldi	r19, 0x00	; 0
    148a:	4a e7       	ldi	r20, 0x7A	; 122
    148c:	54 e4       	ldi	r21, 0x44	; 68
    148e:	0e 94 b8 20 	call	0x4170	; 0x4170 <__mulsf3>
    1492:	0e 94 f4 1f 	call	0x3fe8	; 0x3fe8 <__fixsfsi>
    1496:	70 93 a2 03 	sts	0x03A2, r23	; 0x8003a2 <TiempoDeAguaCaliente+0x1>
    149a:	60 93 a1 03 	sts	0x03A1, r22	; 0x8003a1 <TiempoDeAguaCaliente>
	EscribirPcf8575(VALVULACALIENTE1); // CAE EL AGUA CALIENTE
    149e:	80 e1       	ldi	r24, 0x10	; 16
    14a0:	90 e0       	ldi	r25, 0x00	; 0
    14a2:	0e 94 0e 13 	call	0x261c	; 0x261c <EscribirPcf8575>
	RetardoPersonalizadosEnMs(TiempoDeAguaCaliente);
    14a6:	80 91 a1 03 	lds	r24, 0x03A1	; 0x8003a1 <TiempoDeAguaCaliente>
    14aa:	90 91 a2 03 	lds	r25, 0x03A2	; 0x8003a2 <TiempoDeAguaCaliente+0x1>
    14ae:	0e 94 e4 09 	call	0x13c8	; 0x13c8 <RetardoPersonalizadosEnMs>
	// Lo mismo con lo de descarga
	EPROM_Read_String(PorcDescargaB1,Buffer,4);
    14b2:	44 e0       	ldi	r20, 0x04	; 4
    14b4:	50 e0       	ldi	r21, 0x00	; 0
    14b6:	61 ed       	ldi	r22, 0xD1	; 209
    14b8:	73 e0       	ldi	r23, 0x03	; 3
    14ba:	8c e8       	ldi	r24, 0x8C	; 140
    14bc:	90 e0       	ldi	r25, 0x00	; 0
    14be:	0e 94 c5 0e 	call	0x1d8a	; 0x1d8a <EPROM_Read_String>
	Aux=atoi(Buffer);
    14c2:	81 ed       	ldi	r24, 0xD1	; 209
    14c4:	93 e0       	ldi	r25, 0x03	; 3
    14c6:	0e 94 2b 21 	call	0x4256	; 0x4256 <atoi>
    14ca:	ec 01       	movw	r28, r24
    14cc:	90 93 8b 03 	sts	0x038B, r25	; 0x80038b <__data_end+0x1>
    14d0:	80 93 8a 03 	sts	0x038A, r24	; 0x80038a <__data_end>
	TiempoDeDescarga = ((float)TiempoDeAguaCaliente * (1 + ((float)Aux / 100)));
    14d4:	60 91 a1 03 	lds	r22, 0x03A1	; 0x8003a1 <TiempoDeAguaCaliente>
    14d8:	70 91 a2 03 	lds	r23, 0x03A2	; 0x8003a2 <TiempoDeAguaCaliente+0x1>
    14dc:	07 2e       	mov	r0, r23
    14de:	00 0c       	add	r0, r0
    14e0:	88 0b       	sbc	r24, r24
    14e2:	99 0b       	sbc	r25, r25
    14e4:	0e 94 2c 20 	call	0x4058	; 0x4058 <__floatsisf>
    14e8:	6b 01       	movw	r12, r22
    14ea:	7c 01       	movw	r14, r24
    14ec:	be 01       	movw	r22, r28
    14ee:	dd 0f       	add	r29, r29
    14f0:	88 0b       	sbc	r24, r24
    14f2:	99 0b       	sbc	r25, r25
    14f4:	0e 94 2c 20 	call	0x4058	; 0x4058 <__floatsisf>
    14f8:	20 e0       	ldi	r18, 0x00	; 0
    14fa:	30 e0       	ldi	r19, 0x00	; 0
    14fc:	48 ec       	ldi	r20, 0xC8	; 200
    14fe:	52 e4       	ldi	r21, 0x42	; 66
    1500:	0e 94 82 1f 	call	0x3f04	; 0x3f04 <__divsf3>
    1504:	20 e0       	ldi	r18, 0x00	; 0
    1506:	30 e0       	ldi	r19, 0x00	; 0
    1508:	40 e8       	ldi	r20, 0x80	; 128
    150a:	5f e3       	ldi	r21, 0x3F	; 63
    150c:	0e 94 16 1f 	call	0x3e2c	; 0x3e2c <__addsf3>
    1510:	9b 01       	movw	r18, r22
    1512:	ac 01       	movw	r20, r24
    1514:	c7 01       	movw	r24, r14
    1516:	b6 01       	movw	r22, r12
    1518:	0e 94 b8 20 	call	0x4170	; 0x4170 <__mulsf3>
    151c:	0e 94 f4 1f 	call	0x3fe8	; 0x3fe8 <__fixsfsi>
    1520:	70 93 a6 03 	sts	0x03A6, r23	; 0x8003a6 <TiempoDeDescarga+0x1>
    1524:	60 93 a5 03 	sts	0x03A5, r22	; 0x8003a5 <TiempoDeDescarga>
	EscribirPcf8575(VALVULADESCARGA1); // SE DESCARGA LA BEBIDA
    1528:	80 e0       	ldi	r24, 0x00	; 0
    152a:	91 e0       	ldi	r25, 0x01	; 1
    152c:	0e 94 0e 13 	call	0x261c	; 0x261c <EscribirPcf8575>
	RetardoPersonalizadosEnMs(TiempoDeDescarga);
    1530:	80 91 a5 03 	lds	r24, 0x03A5	; 0x8003a5 <TiempoDeDescarga>
    1534:	90 91 a6 03 	lds	r25, 0x03A6	; 0x8003a6 <TiempoDeDescarga+0x1>
    1538:	0e 94 e4 09 	call	0x13c8	; 0x13c8 <RetardoPersonalizadosEnMs>
	ApagarTodo();
    153c:	0e 94 24 13 	call	0x2648	; 0x2648 <ApagarTodo>
}
    1540:	df 91       	pop	r29
    1542:	cf 91       	pop	r28
    1544:	ff 90       	pop	r15
    1546:	ef 90       	pop	r14
    1548:	df 90       	pop	r13
    154a:	cf 90       	pop	r12
    154c:	08 95       	ret

0000154e <ServidoBebida2>:
void ServidoBebida2(void){
    154e:	cf 92       	push	r12
    1550:	df 92       	push	r13
    1552:	ef 92       	push	r14
    1554:	ff 92       	push	r15
    1556:	cf 93       	push	r28
    1558:	df 93       	push	r29
	//Leemos la cantidad de dosificación y calculamos el tiempo de ossification
	EPROM_Read_String(DosificacionB2,Buffer,3);
    155a:	43 e0       	ldi	r20, 0x03	; 3
    155c:	50 e0       	ldi	r21, 0x00	; 0
    155e:	61 ed       	ldi	r22, 0xD1	; 209
    1560:	73 e0       	ldi	r23, 0x03	; 3
    1562:	86 e4       	ldi	r24, 0x46	; 70
    1564:	90 e0       	ldi	r25, 0x00	; 0
    1566:	0e 94 c5 0e 	call	0x1d8a	; 0x1d8a <EPROM_Read_String>
	Aux=atoi(Buffer);
    156a:	81 ed       	ldi	r24, 0xD1	; 209
    156c:	93 e0       	ldi	r25, 0x03	; 3
    156e:	0e 94 2b 21 	call	0x4256	; 0x4256 <atoi>
    1572:	90 93 8b 03 	sts	0x038B, r25	; 0x80038b <__data_end+0x1>
    1576:	80 93 8a 03 	sts	0x038A, r24	; 0x80038a <__data_end>
	TiempoDeDosificacion=(((float)Aux)/15)*1000; // Esto da en milisegundos, 15 ml es una cucharada
    157a:	bc 01       	movw	r22, r24
    157c:	99 0f       	add	r25, r25
    157e:	88 0b       	sbc	r24, r24
    1580:	99 0b       	sbc	r25, r25
    1582:	0e 94 2c 20 	call	0x4058	; 0x4058 <__floatsisf>
    1586:	20 e0       	ldi	r18, 0x00	; 0
    1588:	30 e0       	ldi	r19, 0x00	; 0
    158a:	40 e7       	ldi	r20, 0x70	; 112
    158c:	51 e4       	ldi	r21, 0x41	; 65
    158e:	0e 94 82 1f 	call	0x3f04	; 0x3f04 <__divsf3>
    1592:	20 e0       	ldi	r18, 0x00	; 0
    1594:	30 e0       	ldi	r19, 0x00	; 0
    1596:	4a e7       	ldi	r20, 0x7A	; 122
    1598:	54 e4       	ldi	r21, 0x44	; 68
    159a:	0e 94 b8 20 	call	0x4170	; 0x4170 <__mulsf3>
    159e:	0e 94 f4 1f 	call	0x3fe8	; 0x3fe8 <__fixsfsi>
    15a2:	70 93 a4 03 	sts	0x03A4, r23	; 0x8003a4 <TiempoDeDosificacion+0x1>
    15a6:	60 93 a3 03 	sts	0x03A3, r22	; 0x8003a3 <TiempoDeDosificacion>
	EscribirPcf8575(DOSIFICADOR2); // CAE EL POLVO DOSIFICADOR
    15aa:	82 e0       	ldi	r24, 0x02	; 2
    15ac:	90 e0       	ldi	r25, 0x00	; 0
    15ae:	0e 94 0e 13 	call	0x261c	; 0x261c <EscribirPcf8575>
	RetardoPersonalizadosEnMs(TiempoDeDosificacion);
    15b2:	80 91 a3 03 	lds	r24, 0x03A3	; 0x8003a3 <TiempoDeDosificacion>
    15b6:	90 91 a4 03 	lds	r25, 0x03A4	; 0x8003a4 <TiempoDeDosificacion+0x1>
    15ba:	0e 94 e4 09 	call	0x13c8	; 0x13c8 <RetardoPersonalizadosEnMs>
	// Lo mismo con el agua caliente
	EPROM_Read_String(CAguaB2,Buffer,4);
    15be:	44 e0       	ldi	r20, 0x04	; 4
    15c0:	50 e0       	ldi	r21, 0x00	; 0
    15c2:	61 ed       	ldi	r22, 0xD1	; 209
    15c4:	73 e0       	ldi	r23, 0x03	; 3
    15c6:	8e e6       	ldi	r24, 0x6E	; 110
    15c8:	90 e0       	ldi	r25, 0x00	; 0
    15ca:	0e 94 c5 0e 	call	0x1d8a	; 0x1d8a <EPROM_Read_String>
	Aux=atoi(Buffer);
    15ce:	81 ed       	ldi	r24, 0xD1	; 209
    15d0:	93 e0       	ldi	r25, 0x03	; 3
    15d2:	0e 94 2b 21 	call	0x4256	; 0x4256 <atoi>
    15d6:	90 93 8b 03 	sts	0x038B, r25	; 0x80038b <__data_end+0x1>
    15da:	80 93 8a 03 	sts	0x038A, r24	; 0x80038a <__data_end>
	TiempoDeAguaCaliente=((float)Aux/25)*1000;// Esto da en milisegundos, 25 ml es lo que cae en un segundo
    15de:	bc 01       	movw	r22, r24
    15e0:	99 0f       	add	r25, r25
    15e2:	88 0b       	sbc	r24, r24
    15e4:	99 0b       	sbc	r25, r25
    15e6:	0e 94 2c 20 	call	0x4058	; 0x4058 <__floatsisf>
    15ea:	20 e0       	ldi	r18, 0x00	; 0
    15ec:	30 e0       	ldi	r19, 0x00	; 0
    15ee:	48 ec       	ldi	r20, 0xC8	; 200
    15f0:	51 e4       	ldi	r21, 0x41	; 65
    15f2:	0e 94 82 1f 	call	0x3f04	; 0x3f04 <__divsf3>
    15f6:	20 e0       	ldi	r18, 0x00	; 0
    15f8:	30 e0       	ldi	r19, 0x00	; 0
    15fa:	4a e7       	ldi	r20, 0x7A	; 122
    15fc:	54 e4       	ldi	r21, 0x44	; 68
    15fe:	0e 94 b8 20 	call	0x4170	; 0x4170 <__mulsf3>
    1602:	0e 94 f4 1f 	call	0x3fe8	; 0x3fe8 <__fixsfsi>
    1606:	70 93 a2 03 	sts	0x03A2, r23	; 0x8003a2 <TiempoDeAguaCaliente+0x1>
    160a:	60 93 a1 03 	sts	0x03A1, r22	; 0x8003a1 <TiempoDeAguaCaliente>
	EscribirPcf8575(VALVULACALIENTE2); // CAE EL AGUA CALIENTE
    160e:	80 e2       	ldi	r24, 0x20	; 32
    1610:	90 e0       	ldi	r25, 0x00	; 0
    1612:	0e 94 0e 13 	call	0x261c	; 0x261c <EscribirPcf8575>
	RetardoPersonalizadosEnMs(TiempoDeAguaCaliente);
    1616:	80 91 a1 03 	lds	r24, 0x03A1	; 0x8003a1 <TiempoDeAguaCaliente>
    161a:	90 91 a2 03 	lds	r25, 0x03A2	; 0x8003a2 <TiempoDeAguaCaliente+0x1>
    161e:	0e 94 e4 09 	call	0x13c8	; 0x13c8 <RetardoPersonalizadosEnMs>
	// Lo mismo con lo de descarga
	EPROM_Read_String(PorcDescargaB2,Buffer,4);
    1622:	44 e0       	ldi	r20, 0x04	; 4
    1624:	50 e0       	ldi	r21, 0x00	; 0
    1626:	61 ed       	ldi	r22, 0xD1	; 209
    1628:	73 e0       	ldi	r23, 0x03	; 3
    162a:	81 e9       	ldi	r24, 0x91	; 145
    162c:	90 e0       	ldi	r25, 0x00	; 0
    162e:	0e 94 c5 0e 	call	0x1d8a	; 0x1d8a <EPROM_Read_String>
	Aux=atoi(Buffer);
    1632:	81 ed       	ldi	r24, 0xD1	; 209
    1634:	93 e0       	ldi	r25, 0x03	; 3
    1636:	0e 94 2b 21 	call	0x4256	; 0x4256 <atoi>
    163a:	ec 01       	movw	r28, r24
    163c:	90 93 8b 03 	sts	0x038B, r25	; 0x80038b <__data_end+0x1>
    1640:	80 93 8a 03 	sts	0x038A, r24	; 0x80038a <__data_end>
	TiempoDeDescarga = ((float)TiempoDeAguaCaliente * (1 + ((float)Aux / 100))) * 1;
    1644:	60 91 a1 03 	lds	r22, 0x03A1	; 0x8003a1 <TiempoDeAguaCaliente>
    1648:	70 91 a2 03 	lds	r23, 0x03A2	; 0x8003a2 <TiempoDeAguaCaliente+0x1>
    164c:	07 2e       	mov	r0, r23
    164e:	00 0c       	add	r0, r0
    1650:	88 0b       	sbc	r24, r24
    1652:	99 0b       	sbc	r25, r25
    1654:	0e 94 2c 20 	call	0x4058	; 0x4058 <__floatsisf>
    1658:	6b 01       	movw	r12, r22
    165a:	7c 01       	movw	r14, r24
    165c:	be 01       	movw	r22, r28
    165e:	dd 0f       	add	r29, r29
    1660:	88 0b       	sbc	r24, r24
    1662:	99 0b       	sbc	r25, r25
    1664:	0e 94 2c 20 	call	0x4058	; 0x4058 <__floatsisf>
    1668:	20 e0       	ldi	r18, 0x00	; 0
    166a:	30 e0       	ldi	r19, 0x00	; 0
    166c:	48 ec       	ldi	r20, 0xC8	; 200
    166e:	52 e4       	ldi	r21, 0x42	; 66
    1670:	0e 94 82 1f 	call	0x3f04	; 0x3f04 <__divsf3>
    1674:	20 e0       	ldi	r18, 0x00	; 0
    1676:	30 e0       	ldi	r19, 0x00	; 0
    1678:	40 e8       	ldi	r20, 0x80	; 128
    167a:	5f e3       	ldi	r21, 0x3F	; 63
    167c:	0e 94 16 1f 	call	0x3e2c	; 0x3e2c <__addsf3>
    1680:	9b 01       	movw	r18, r22
    1682:	ac 01       	movw	r20, r24
    1684:	c7 01       	movw	r24, r14
    1686:	b6 01       	movw	r22, r12
    1688:	0e 94 b8 20 	call	0x4170	; 0x4170 <__mulsf3>
    168c:	0e 94 f4 1f 	call	0x3fe8	; 0x3fe8 <__fixsfsi>
    1690:	70 93 a6 03 	sts	0x03A6, r23	; 0x8003a6 <TiempoDeDescarga+0x1>
    1694:	60 93 a5 03 	sts	0x03A5, r22	; 0x8003a5 <TiempoDeDescarga>
	EscribirPcf8575(VALVULADESCARGA2); // SE DESCARGA LA BEBIDA
    1698:	80 e0       	ldi	r24, 0x00	; 0
    169a:	92 e0       	ldi	r25, 0x02	; 2
    169c:	0e 94 0e 13 	call	0x261c	; 0x261c <EscribirPcf8575>
	RetardoPersonalizadosEnMs(TiempoDeDescarga);
    16a0:	80 91 a5 03 	lds	r24, 0x03A5	; 0x8003a5 <TiempoDeDescarga>
    16a4:	90 91 a6 03 	lds	r25, 0x03A6	; 0x8003a6 <TiempoDeDescarga+0x1>
    16a8:	0e 94 e4 09 	call	0x13c8	; 0x13c8 <RetardoPersonalizadosEnMs>
	ApagarTodo();
    16ac:	0e 94 24 13 	call	0x2648	; 0x2648 <ApagarTodo>
}
    16b0:	df 91       	pop	r29
    16b2:	cf 91       	pop	r28
    16b4:	ff 90       	pop	r15
    16b6:	ef 90       	pop	r14
    16b8:	df 90       	pop	r13
    16ba:	cf 90       	pop	r12
    16bc:	08 95       	ret

000016be <ServidoBebida3>:
void ServidoBebida3(void){
    16be:	cf 92       	push	r12
    16c0:	df 92       	push	r13
    16c2:	ef 92       	push	r14
    16c4:	ff 92       	push	r15
    16c6:	cf 93       	push	r28
    16c8:	df 93       	push	r29
	//Leemos la cantidad de dosificación y calculamos el tiempo de ossification
	EPROM_Read_String(DosificacionB3,Buffer,3);
    16ca:	43 e0       	ldi	r20, 0x03	; 3
    16cc:	50 e0       	ldi	r21, 0x00	; 0
    16ce:	61 ed       	ldi	r22, 0xD1	; 209
    16d0:	73 e0       	ldi	r23, 0x03	; 3
    16d2:	80 e5       	ldi	r24, 0x50	; 80
    16d4:	90 e0       	ldi	r25, 0x00	; 0
    16d6:	0e 94 c5 0e 	call	0x1d8a	; 0x1d8a <EPROM_Read_String>
	Aux=atoi(Buffer);
    16da:	81 ed       	ldi	r24, 0xD1	; 209
    16dc:	93 e0       	ldi	r25, 0x03	; 3
    16de:	0e 94 2b 21 	call	0x4256	; 0x4256 <atoi>
    16e2:	90 93 8b 03 	sts	0x038B, r25	; 0x80038b <__data_end+0x1>
    16e6:	80 93 8a 03 	sts	0x038A, r24	; 0x80038a <__data_end>
	TiempoDeDosificacion=(((float)Aux)/15)*1000; // Esto da en milisegundos, 15 ml es una cucharada
    16ea:	bc 01       	movw	r22, r24
    16ec:	99 0f       	add	r25, r25
    16ee:	88 0b       	sbc	r24, r24
    16f0:	99 0b       	sbc	r25, r25
    16f2:	0e 94 2c 20 	call	0x4058	; 0x4058 <__floatsisf>
    16f6:	20 e0       	ldi	r18, 0x00	; 0
    16f8:	30 e0       	ldi	r19, 0x00	; 0
    16fa:	40 e7       	ldi	r20, 0x70	; 112
    16fc:	51 e4       	ldi	r21, 0x41	; 65
    16fe:	0e 94 82 1f 	call	0x3f04	; 0x3f04 <__divsf3>
    1702:	20 e0       	ldi	r18, 0x00	; 0
    1704:	30 e0       	ldi	r19, 0x00	; 0
    1706:	4a e7       	ldi	r20, 0x7A	; 122
    1708:	54 e4       	ldi	r21, 0x44	; 68
    170a:	0e 94 b8 20 	call	0x4170	; 0x4170 <__mulsf3>
    170e:	0e 94 f4 1f 	call	0x3fe8	; 0x3fe8 <__fixsfsi>
    1712:	70 93 a4 03 	sts	0x03A4, r23	; 0x8003a4 <TiempoDeDosificacion+0x1>
    1716:	60 93 a3 03 	sts	0x03A3, r22	; 0x8003a3 <TiempoDeDosificacion>
	EscribirPcf8575(DOSIFICADOR3); // CAE EL POLVO DOSIFICADOR
    171a:	84 e0       	ldi	r24, 0x04	; 4
    171c:	90 e0       	ldi	r25, 0x00	; 0
    171e:	0e 94 0e 13 	call	0x261c	; 0x261c <EscribirPcf8575>
	RetardoPersonalizadosEnMs(TiempoDeDosificacion);
    1722:	80 91 a3 03 	lds	r24, 0x03A3	; 0x8003a3 <TiempoDeDosificacion>
    1726:	90 91 a4 03 	lds	r25, 0x03A4	; 0x8003a4 <TiempoDeDosificacion+0x1>
    172a:	0e 94 e4 09 	call	0x13c8	; 0x13c8 <RetardoPersonalizadosEnMs>
	// Lo mismo con el agua caliente
	EPROM_Read_String(CAguaB1,Buffer,4);
    172e:	44 e0       	ldi	r20, 0x04	; 4
    1730:	50 e0       	ldi	r21, 0x00	; 0
    1732:	61 ed       	ldi	r22, 0xD1	; 209
    1734:	73 e0       	ldi	r23, 0x03	; 3
    1736:	84 e6       	ldi	r24, 0x64	; 100
    1738:	90 e0       	ldi	r25, 0x00	; 0
    173a:	0e 94 c5 0e 	call	0x1d8a	; 0x1d8a <EPROM_Read_String>
	Aux=atoi(Buffer);
    173e:	81 ed       	ldi	r24, 0xD1	; 209
    1740:	93 e0       	ldi	r25, 0x03	; 3
    1742:	0e 94 2b 21 	call	0x4256	; 0x4256 <atoi>
    1746:	90 93 8b 03 	sts	0x038B, r25	; 0x80038b <__data_end+0x1>
    174a:	80 93 8a 03 	sts	0x038A, r24	; 0x80038a <__data_end>
	TiempoDeAguaCaliente=((float)Aux/25)*1000;// Esto da en milisegundos, 25 ml es lo que cae en un segundo
    174e:	bc 01       	movw	r22, r24
    1750:	99 0f       	add	r25, r25
    1752:	88 0b       	sbc	r24, r24
    1754:	99 0b       	sbc	r25, r25
    1756:	0e 94 2c 20 	call	0x4058	; 0x4058 <__floatsisf>
    175a:	20 e0       	ldi	r18, 0x00	; 0
    175c:	30 e0       	ldi	r19, 0x00	; 0
    175e:	48 ec       	ldi	r20, 0xC8	; 200
    1760:	51 e4       	ldi	r21, 0x41	; 65
    1762:	0e 94 82 1f 	call	0x3f04	; 0x3f04 <__divsf3>
    1766:	20 e0       	ldi	r18, 0x00	; 0
    1768:	30 e0       	ldi	r19, 0x00	; 0
    176a:	4a e7       	ldi	r20, 0x7A	; 122
    176c:	54 e4       	ldi	r21, 0x44	; 68
    176e:	0e 94 b8 20 	call	0x4170	; 0x4170 <__mulsf3>
    1772:	0e 94 f4 1f 	call	0x3fe8	; 0x3fe8 <__fixsfsi>
    1776:	70 93 a2 03 	sts	0x03A2, r23	; 0x8003a2 <TiempoDeAguaCaliente+0x1>
    177a:	60 93 a1 03 	sts	0x03A1, r22	; 0x8003a1 <TiempoDeAguaCaliente>
	EscribirPcf8575(VALVULACALIENTE3); // CAE EL AGUA CALIENTE
    177e:	80 e4       	ldi	r24, 0x40	; 64
    1780:	90 e0       	ldi	r25, 0x00	; 0
    1782:	0e 94 0e 13 	call	0x261c	; 0x261c <EscribirPcf8575>
	RetardoPersonalizadosEnMs(TiempoDeAguaCaliente);
    1786:	80 91 a1 03 	lds	r24, 0x03A1	; 0x8003a1 <TiempoDeAguaCaliente>
    178a:	90 91 a2 03 	lds	r25, 0x03A2	; 0x8003a2 <TiempoDeAguaCaliente+0x1>
    178e:	0e 94 e4 09 	call	0x13c8	; 0x13c8 <RetardoPersonalizadosEnMs>
	// Lo mismo con lo de descarga
	EPROM_Read_String(PorcDescargaB3,Buffer,4);
    1792:	44 e0       	ldi	r20, 0x04	; 4
    1794:	50 e0       	ldi	r21, 0x00	; 0
    1796:	61 ed       	ldi	r22, 0xD1	; 209
    1798:	73 e0       	ldi	r23, 0x03	; 3
    179a:	86 e9       	ldi	r24, 0x96	; 150
    179c:	90 e0       	ldi	r25, 0x00	; 0
    179e:	0e 94 c5 0e 	call	0x1d8a	; 0x1d8a <EPROM_Read_String>
	Aux=atoi(Buffer);
    17a2:	81 ed       	ldi	r24, 0xD1	; 209
    17a4:	93 e0       	ldi	r25, 0x03	; 3
    17a6:	0e 94 2b 21 	call	0x4256	; 0x4256 <atoi>
    17aa:	ec 01       	movw	r28, r24
    17ac:	90 93 8b 03 	sts	0x038B, r25	; 0x80038b <__data_end+0x1>
    17b0:	80 93 8a 03 	sts	0x038A, r24	; 0x80038a <__data_end>
	TiempoDeDescarga = ((float)TiempoDeAguaCaliente * (1 + ((float)Aux / 100)));
    17b4:	60 91 a1 03 	lds	r22, 0x03A1	; 0x8003a1 <TiempoDeAguaCaliente>
    17b8:	70 91 a2 03 	lds	r23, 0x03A2	; 0x8003a2 <TiempoDeAguaCaliente+0x1>
    17bc:	07 2e       	mov	r0, r23
    17be:	00 0c       	add	r0, r0
    17c0:	88 0b       	sbc	r24, r24
    17c2:	99 0b       	sbc	r25, r25
    17c4:	0e 94 2c 20 	call	0x4058	; 0x4058 <__floatsisf>
    17c8:	6b 01       	movw	r12, r22
    17ca:	7c 01       	movw	r14, r24
    17cc:	be 01       	movw	r22, r28
    17ce:	dd 0f       	add	r29, r29
    17d0:	88 0b       	sbc	r24, r24
    17d2:	99 0b       	sbc	r25, r25
    17d4:	0e 94 2c 20 	call	0x4058	; 0x4058 <__floatsisf>
    17d8:	20 e0       	ldi	r18, 0x00	; 0
    17da:	30 e0       	ldi	r19, 0x00	; 0
    17dc:	48 ec       	ldi	r20, 0xC8	; 200
    17de:	52 e4       	ldi	r21, 0x42	; 66
    17e0:	0e 94 82 1f 	call	0x3f04	; 0x3f04 <__divsf3>
    17e4:	20 e0       	ldi	r18, 0x00	; 0
    17e6:	30 e0       	ldi	r19, 0x00	; 0
    17e8:	40 e8       	ldi	r20, 0x80	; 128
    17ea:	5f e3       	ldi	r21, 0x3F	; 63
    17ec:	0e 94 16 1f 	call	0x3e2c	; 0x3e2c <__addsf3>
    17f0:	9b 01       	movw	r18, r22
    17f2:	ac 01       	movw	r20, r24
    17f4:	c7 01       	movw	r24, r14
    17f6:	b6 01       	movw	r22, r12
    17f8:	0e 94 b8 20 	call	0x4170	; 0x4170 <__mulsf3>
    17fc:	0e 94 f4 1f 	call	0x3fe8	; 0x3fe8 <__fixsfsi>
    1800:	70 93 a6 03 	sts	0x03A6, r23	; 0x8003a6 <TiempoDeDescarga+0x1>
    1804:	60 93 a5 03 	sts	0x03A5, r22	; 0x8003a5 <TiempoDeDescarga>
	EscribirPcf8575(VALVULADESCARGA3); // SE DESCARGA LA BEBIDA
    1808:	80 e0       	ldi	r24, 0x00	; 0
    180a:	94 e0       	ldi	r25, 0x04	; 4
    180c:	0e 94 0e 13 	call	0x261c	; 0x261c <EscribirPcf8575>
	RetardoPersonalizadosEnMs(TiempoDeDescarga);
    1810:	80 91 a5 03 	lds	r24, 0x03A5	; 0x8003a5 <TiempoDeDescarga>
    1814:	90 91 a6 03 	lds	r25, 0x03A6	; 0x8003a6 <TiempoDeDescarga+0x1>
    1818:	0e 94 e4 09 	call	0x13c8	; 0x13c8 <RetardoPersonalizadosEnMs>
	ApagarTodo();
    181c:	0e 94 24 13 	call	0x2648	; 0x2648 <ApagarTodo>
}
    1820:	df 91       	pop	r29
    1822:	cf 91       	pop	r28
    1824:	ff 90       	pop	r15
    1826:	ef 90       	pop	r14
    1828:	df 90       	pop	r13
    182a:	cf 90       	pop	r12
    182c:	08 95       	ret

0000182e <ServidoBebida4>:
void ServidoBebida4(void){
    182e:	cf 92       	push	r12
    1830:	df 92       	push	r13
    1832:	ef 92       	push	r14
    1834:	ff 92       	push	r15
    1836:	cf 93       	push	r28
    1838:	df 93       	push	r29
	//Leemos la cantidad de dosificación y calculamos el tiempo de ossification
	EPROM_Read_String(DosificacionB4,Buffer,3);
    183a:	43 e0       	ldi	r20, 0x03	; 3
    183c:	50 e0       	ldi	r21, 0x00	; 0
    183e:	61 ed       	ldi	r22, 0xD1	; 209
    1840:	73 e0       	ldi	r23, 0x03	; 3
    1842:	8a e5       	ldi	r24, 0x5A	; 90
    1844:	90 e0       	ldi	r25, 0x00	; 0
    1846:	0e 94 c5 0e 	call	0x1d8a	; 0x1d8a <EPROM_Read_String>
	Aux=atoi(Buffer);
    184a:	81 ed       	ldi	r24, 0xD1	; 209
    184c:	93 e0       	ldi	r25, 0x03	; 3
    184e:	0e 94 2b 21 	call	0x4256	; 0x4256 <atoi>
    1852:	90 93 8b 03 	sts	0x038B, r25	; 0x80038b <__data_end+0x1>
    1856:	80 93 8a 03 	sts	0x038A, r24	; 0x80038a <__data_end>
	TiempoDeDosificacion=(((float)Aux)/15)*1000; // Esto da en milisegundos, 15 ml es una cucharada
    185a:	bc 01       	movw	r22, r24
    185c:	99 0f       	add	r25, r25
    185e:	88 0b       	sbc	r24, r24
    1860:	99 0b       	sbc	r25, r25
    1862:	0e 94 2c 20 	call	0x4058	; 0x4058 <__floatsisf>
    1866:	20 e0       	ldi	r18, 0x00	; 0
    1868:	30 e0       	ldi	r19, 0x00	; 0
    186a:	40 e7       	ldi	r20, 0x70	; 112
    186c:	51 e4       	ldi	r21, 0x41	; 65
    186e:	0e 94 82 1f 	call	0x3f04	; 0x3f04 <__divsf3>
    1872:	20 e0       	ldi	r18, 0x00	; 0
    1874:	30 e0       	ldi	r19, 0x00	; 0
    1876:	4a e7       	ldi	r20, 0x7A	; 122
    1878:	54 e4       	ldi	r21, 0x44	; 68
    187a:	0e 94 b8 20 	call	0x4170	; 0x4170 <__mulsf3>
    187e:	0e 94 f4 1f 	call	0x3fe8	; 0x3fe8 <__fixsfsi>
    1882:	70 93 a4 03 	sts	0x03A4, r23	; 0x8003a4 <TiempoDeDosificacion+0x1>
    1886:	60 93 a3 03 	sts	0x03A3, r22	; 0x8003a3 <TiempoDeDosificacion>
	EscribirPcf8575(DOSIFICADOR4); // CAE EL POLVO DOSIFICADOR
    188a:	88 e0       	ldi	r24, 0x08	; 8
    188c:	90 e0       	ldi	r25, 0x00	; 0
    188e:	0e 94 0e 13 	call	0x261c	; 0x261c <EscribirPcf8575>
	RetardoPersonalizadosEnMs(TiempoDeDosificacion);
    1892:	80 91 a3 03 	lds	r24, 0x03A3	; 0x8003a3 <TiempoDeDosificacion>
    1896:	90 91 a4 03 	lds	r25, 0x03A4	; 0x8003a4 <TiempoDeDosificacion+0x1>
    189a:	0e 94 e4 09 	call	0x13c8	; 0x13c8 <RetardoPersonalizadosEnMs>
	// Lo mismo con el agua caliente
	EPROM_Read_String(CAguaB4,Buffer,4);
    189e:	44 e0       	ldi	r20, 0x04	; 4
    18a0:	50 e0       	ldi	r21, 0x00	; 0
    18a2:	61 ed       	ldi	r22, 0xD1	; 209
    18a4:	73 e0       	ldi	r23, 0x03	; 3
    18a6:	82 e8       	ldi	r24, 0x82	; 130
    18a8:	90 e0       	ldi	r25, 0x00	; 0
    18aa:	0e 94 c5 0e 	call	0x1d8a	; 0x1d8a <EPROM_Read_String>
	Aux=atoi(Buffer);
    18ae:	81 ed       	ldi	r24, 0xD1	; 209
    18b0:	93 e0       	ldi	r25, 0x03	; 3
    18b2:	0e 94 2b 21 	call	0x4256	; 0x4256 <atoi>
    18b6:	90 93 8b 03 	sts	0x038B, r25	; 0x80038b <__data_end+0x1>
    18ba:	80 93 8a 03 	sts	0x038A, r24	; 0x80038a <__data_end>
	TiempoDeAguaCaliente=((float)Aux/25)*1000;// Esto da en milisegundos, 25 ml es lo que cae en un segundo
    18be:	bc 01       	movw	r22, r24
    18c0:	99 0f       	add	r25, r25
    18c2:	88 0b       	sbc	r24, r24
    18c4:	99 0b       	sbc	r25, r25
    18c6:	0e 94 2c 20 	call	0x4058	; 0x4058 <__floatsisf>
    18ca:	20 e0       	ldi	r18, 0x00	; 0
    18cc:	30 e0       	ldi	r19, 0x00	; 0
    18ce:	48 ec       	ldi	r20, 0xC8	; 200
    18d0:	51 e4       	ldi	r21, 0x41	; 65
    18d2:	0e 94 82 1f 	call	0x3f04	; 0x3f04 <__divsf3>
    18d6:	20 e0       	ldi	r18, 0x00	; 0
    18d8:	30 e0       	ldi	r19, 0x00	; 0
    18da:	4a e7       	ldi	r20, 0x7A	; 122
    18dc:	54 e4       	ldi	r21, 0x44	; 68
    18de:	0e 94 b8 20 	call	0x4170	; 0x4170 <__mulsf3>
    18e2:	0e 94 f4 1f 	call	0x3fe8	; 0x3fe8 <__fixsfsi>
    18e6:	70 93 a2 03 	sts	0x03A2, r23	; 0x8003a2 <TiempoDeAguaCaliente+0x1>
    18ea:	60 93 a1 03 	sts	0x03A1, r22	; 0x8003a1 <TiempoDeAguaCaliente>
	EscribirPcf8575(VALVULACALIENTE4); // CAE EL AGUA CALIENTE
    18ee:	80 e8       	ldi	r24, 0x80	; 128
    18f0:	90 e0       	ldi	r25, 0x00	; 0
    18f2:	0e 94 0e 13 	call	0x261c	; 0x261c <EscribirPcf8575>
	RetardoPersonalizadosEnMs(TiempoDeAguaCaliente);
    18f6:	80 91 a1 03 	lds	r24, 0x03A1	; 0x8003a1 <TiempoDeAguaCaliente>
    18fa:	90 91 a2 03 	lds	r25, 0x03A2	; 0x8003a2 <TiempoDeAguaCaliente+0x1>
    18fe:	0e 94 e4 09 	call	0x13c8	; 0x13c8 <RetardoPersonalizadosEnMs>
	// Lo mismo con lo de descarga
	EPROM_Read_String(PorcDescargaB4,Buffer,4);
    1902:	44 e0       	ldi	r20, 0x04	; 4
    1904:	50 e0       	ldi	r21, 0x00	; 0
    1906:	61 ed       	ldi	r22, 0xD1	; 209
    1908:	73 e0       	ldi	r23, 0x03	; 3
    190a:	8b e9       	ldi	r24, 0x9B	; 155
    190c:	90 e0       	ldi	r25, 0x00	; 0
    190e:	0e 94 c5 0e 	call	0x1d8a	; 0x1d8a <EPROM_Read_String>
	Aux=atoi(Buffer);
    1912:	81 ed       	ldi	r24, 0xD1	; 209
    1914:	93 e0       	ldi	r25, 0x03	; 3
    1916:	0e 94 2b 21 	call	0x4256	; 0x4256 <atoi>
    191a:	ec 01       	movw	r28, r24
    191c:	90 93 8b 03 	sts	0x038B, r25	; 0x80038b <__data_end+0x1>
    1920:	80 93 8a 03 	sts	0x038A, r24	; 0x80038a <__data_end>
	TiempoDeDescarga = ((float)TiempoDeAguaCaliente * (1 + ((float)Aux / 100)));
    1924:	60 91 a1 03 	lds	r22, 0x03A1	; 0x8003a1 <TiempoDeAguaCaliente>
    1928:	70 91 a2 03 	lds	r23, 0x03A2	; 0x8003a2 <TiempoDeAguaCaliente+0x1>
    192c:	07 2e       	mov	r0, r23
    192e:	00 0c       	add	r0, r0
    1930:	88 0b       	sbc	r24, r24
    1932:	99 0b       	sbc	r25, r25
    1934:	0e 94 2c 20 	call	0x4058	; 0x4058 <__floatsisf>
    1938:	6b 01       	movw	r12, r22
    193a:	7c 01       	movw	r14, r24
    193c:	be 01       	movw	r22, r28
    193e:	dd 0f       	add	r29, r29
    1940:	88 0b       	sbc	r24, r24
    1942:	99 0b       	sbc	r25, r25
    1944:	0e 94 2c 20 	call	0x4058	; 0x4058 <__floatsisf>
    1948:	20 e0       	ldi	r18, 0x00	; 0
    194a:	30 e0       	ldi	r19, 0x00	; 0
    194c:	48 ec       	ldi	r20, 0xC8	; 200
    194e:	52 e4       	ldi	r21, 0x42	; 66
    1950:	0e 94 82 1f 	call	0x3f04	; 0x3f04 <__divsf3>
    1954:	20 e0       	ldi	r18, 0x00	; 0
    1956:	30 e0       	ldi	r19, 0x00	; 0
    1958:	40 e8       	ldi	r20, 0x80	; 128
    195a:	5f e3       	ldi	r21, 0x3F	; 63
    195c:	0e 94 16 1f 	call	0x3e2c	; 0x3e2c <__addsf3>
    1960:	9b 01       	movw	r18, r22
    1962:	ac 01       	movw	r20, r24
    1964:	c7 01       	movw	r24, r14
    1966:	b6 01       	movw	r22, r12
    1968:	0e 94 b8 20 	call	0x4170	; 0x4170 <__mulsf3>
    196c:	0e 94 f4 1f 	call	0x3fe8	; 0x3fe8 <__fixsfsi>
    1970:	70 93 a6 03 	sts	0x03A6, r23	; 0x8003a6 <TiempoDeDescarga+0x1>
    1974:	60 93 a5 03 	sts	0x03A5, r22	; 0x8003a5 <TiempoDeDescarga>
	EscribirPcf8575(VALVULADESCARGA4); // SE DESCARGA LA BEBIDA
    1978:	80 e0       	ldi	r24, 0x00	; 0
    197a:	98 e0       	ldi	r25, 0x08	; 8
    197c:	0e 94 0e 13 	call	0x261c	; 0x261c <EscribirPcf8575>
	RetardoPersonalizadosEnMs(TiempoDeDescarga);
    1980:	80 91 a5 03 	lds	r24, 0x03A5	; 0x8003a5 <TiempoDeDescarga>
    1984:	90 91 a6 03 	lds	r25, 0x03A6	; 0x8003a6 <TiempoDeDescarga+0x1>
    1988:	0e 94 e4 09 	call	0x13c8	; 0x13c8 <RetardoPersonalizadosEnMs>
	ApagarTodo();
    198c:	0e 94 24 13 	call	0x2648	; 0x2648 <ApagarTodo>
}
    1990:	df 91       	pop	r29
    1992:	cf 91       	pop	r28
    1994:	ff 90       	pop	r15
    1996:	ef 90       	pop	r14
    1998:	df 90       	pop	r13
    199a:	cf 90       	pop	r12
    199c:	08 95       	ret

0000199e <SeleccionarMedida>:
void SeleccionarMedida(int Selector){
	switch(Selector){
    199e:	82 30       	cpi	r24, 0x02	; 2
    19a0:	91 05       	cpc	r25, r1
    19a2:	69 f0       	breq	.+26     	; 0x19be <SeleccionarMedida+0x20>
    19a4:	1c f4       	brge	.+6      	; 0x19ac <SeleccionarMedida+0xe>
    19a6:	01 97       	sbiw	r24, 0x01	; 1
    19a8:	39 f0       	breq	.+14     	; 0x19b8 <SeleccionarMedida+0x1a>
    19aa:	08 95       	ret
    19ac:	83 30       	cpi	r24, 0x03	; 3
    19ae:	91 05       	cpc	r25, r1
    19b0:	49 f0       	breq	.+18     	; 0x19c4 <SeleccionarMedida+0x26>
    19b2:	04 97       	sbiw	r24, 0x04	; 4
    19b4:	51 f0       	breq	.+20     	; 0x19ca <SeleccionarMedida+0x2c>
    19b6:	08 95       	ret
		case 1:
		ServidoBebida1();
    19b8:	0e 94 ef 09 	call	0x13de	; 0x13de <ServidoBebida1>
		break;
    19bc:	08 95       	ret
		case 2:
		ServidoBebida2();
    19be:	0e 94 a7 0a 	call	0x154e	; 0x154e <ServidoBebida2>
		break;
    19c2:	08 95       	ret
		case 3:
		ServidoBebida3();
    19c4:	0e 94 5f 0b 	call	0x16be	; 0x16be <ServidoBebida3>
		break;
    19c8:	08 95       	ret
		case 4:
		ServidoBebida4();
    19ca:	0e 94 17 0c 	call	0x182e	; 0x182e <ServidoBebida4>
    19ce:	08 95       	ret

000019d0 <DetectarTipo>:

// ====================================================================================================================================================
char DetectarTipo(uint16_t uiAddress){ // ESTO ES PARA DETECTAR QUE CONDICION SE LE DEBE APLICAR Al nuevo valor ingresado por UART
									   // ESTA FUNCIÓN SOLO SERÁ LLAMADA ACÁ, POR LO QUE NO HACE FALTA PONERLA EN EL HEADER
	char Tipo;
	if ((uiAddress==DosificacionB1)|| (uiAddress==DosificacionB2)|| (uiAddress==DosificacionB3)|| (uiAddress==DosificacionB4)) {
    19d0:	88 31       	cpi	r24, 0x18	; 24
    19d2:	21 e0       	ldi	r18, 0x01	; 1
    19d4:	92 07       	cpc	r25, r18
    19d6:	59 f1       	breq	.+86     	; 0x1a2e <DetectarTipo+0x5e>
    19d8:	86 34       	cpi	r24, 0x46	; 70
    19da:	91 05       	cpc	r25, r1
    19dc:	51 f1       	breq	.+84     	; 0x1a32 <DetectarTipo+0x62>
    19de:	80 35       	cpi	r24, 0x50	; 80
    19e0:	91 05       	cpc	r25, r1
    19e2:	49 f1       	breq	.+82     	; 0x1a36 <DetectarTipo+0x66>
    19e4:	8a 35       	cpi	r24, 0x5A	; 90
    19e6:	91 05       	cpc	r25, r1
    19e8:	41 f1       	breq	.+80     	; 0x1a3a <DetectarTipo+0x6a>
		Tipo='D';
		return Tipo;
	}
	if ((uiAddress==CAguaB1)|| (uiAddress==CAguaB2)|| (uiAddress==CAguaB3)|| (uiAddress==CAguaB4)) {
    19ea:	84 36       	cpi	r24, 0x64	; 100
    19ec:	91 05       	cpc	r25, r1
    19ee:	39 f1       	breq	.+78     	; 0x1a3e <DetectarTipo+0x6e>
    19f0:	8e 36       	cpi	r24, 0x6E	; 110
    19f2:	91 05       	cpc	r25, r1
    19f4:	31 f1       	breq	.+76     	; 0x1a42 <DetectarTipo+0x72>
    19f6:	88 37       	cpi	r24, 0x78	; 120
    19f8:	91 05       	cpc	r25, r1
    19fa:	29 f1       	breq	.+74     	; 0x1a46 <DetectarTipo+0x76>
    19fc:	82 38       	cpi	r24, 0x82	; 130
    19fe:	91 05       	cpc	r25, r1
    1a00:	21 f1       	breq	.+72     	; 0x1a4a <DetectarTipo+0x7a>
		Tipo='A';
		return Tipo;
	}
	if ((uiAddress==PorcDescargaB1)|| (uiAddress==PorcDescargaB2)|| (uiAddress==PorcDescargaB3)|| (uiAddress==PorcDescargaB4)) {
    1a02:	8c 38       	cpi	r24, 0x8C	; 140
    1a04:	91 05       	cpc	r25, r1
    1a06:	19 f1       	breq	.+70     	; 0x1a4e <DetectarTipo+0x7e>
    1a08:	81 39       	cpi	r24, 0x91	; 145
    1a0a:	91 05       	cpc	r25, r1
    1a0c:	11 f1       	breq	.+68     	; 0x1a52 <DetectarTipo+0x82>
    1a0e:	86 39       	cpi	r24, 0x96	; 150
    1a10:	91 05       	cpc	r25, r1
    1a12:	09 f1       	breq	.+66     	; 0x1a56 <DetectarTipo+0x86>
    1a14:	8b 39       	cpi	r24, 0x9B	; 155
    1a16:	91 05       	cpc	r25, r1
    1a18:	01 f1       	breq	.+64     	; 0x1a5a <DetectarTipo+0x8a>
		Tipo='P';
		return Tipo;
	}
	if (uiAddress==TamagnoBidon) {
    1a1a:	80 3a       	cpi	r24, 0xA0	; 160
    1a1c:	91 05       	cpc	r25, r1
    1a1e:	f9 f0       	breq	.+62     	; 0x1a5e <DetectarTipo+0x8e>
		Tipo='V';
		return Tipo;
	}
	if (uiAddress==KpEprom) {
    1a20:	8a 3a       	cpi	r24, 0xAA	; 170
    1a22:	91 05       	cpc	r25, r1
    1a24:	f1 f0       	breq	.+60     	; 0x1a62 <DetectarTipo+0x92>
		Tipo='K';
		return Tipo;
	}
	if (uiAddress==TemperaturaDeseada) {
    1a26:	84 3b       	cpi	r24, 0xB4	; 180
    1a28:	91 05       	cpc	r25, r1
    1a2a:	e9 f0       	breq	.+58     	; 0x1a66 <DetectarTipo+0x96>
		Tipo='T';
		return Tipo;
	}
}
    1a2c:	08 95       	ret
char DetectarTipo(uint16_t uiAddress){ // ESTO ES PARA DETECTAR QUE CONDICION SE LE DEBE APLICAR Al nuevo valor ingresado por UART
									   // ESTA FUNCIÓN SOLO SERÁ LLAMADA ACÁ, POR LO QUE NO HACE FALTA PONERLA EN EL HEADER
	char Tipo;
	if ((uiAddress==DosificacionB1)|| (uiAddress==DosificacionB2)|| (uiAddress==DosificacionB3)|| (uiAddress==DosificacionB4)) {
		Tipo='D';
		return Tipo;
    1a2e:	84 e4       	ldi	r24, 0x44	; 68
    1a30:	08 95       	ret
    1a32:	84 e4       	ldi	r24, 0x44	; 68
    1a34:	08 95       	ret
    1a36:	84 e4       	ldi	r24, 0x44	; 68
    1a38:	08 95       	ret
    1a3a:	84 e4       	ldi	r24, 0x44	; 68
    1a3c:	08 95       	ret
	}
	if ((uiAddress==CAguaB1)|| (uiAddress==CAguaB2)|| (uiAddress==CAguaB3)|| (uiAddress==CAguaB4)) {
		Tipo='A';
		return Tipo;
    1a3e:	81 e4       	ldi	r24, 0x41	; 65
    1a40:	08 95       	ret
    1a42:	81 e4       	ldi	r24, 0x41	; 65
    1a44:	08 95       	ret
    1a46:	81 e4       	ldi	r24, 0x41	; 65
    1a48:	08 95       	ret
    1a4a:	81 e4       	ldi	r24, 0x41	; 65
    1a4c:	08 95       	ret
	}
	if ((uiAddress==PorcDescargaB1)|| (uiAddress==PorcDescargaB2)|| (uiAddress==PorcDescargaB3)|| (uiAddress==PorcDescargaB4)) {
		Tipo='P';
		return Tipo;
    1a4e:	80 e5       	ldi	r24, 0x50	; 80
    1a50:	08 95       	ret
    1a52:	80 e5       	ldi	r24, 0x50	; 80
    1a54:	08 95       	ret
    1a56:	80 e5       	ldi	r24, 0x50	; 80
    1a58:	08 95       	ret
    1a5a:	80 e5       	ldi	r24, 0x50	; 80
    1a5c:	08 95       	ret
	}
	if (uiAddress==TamagnoBidon) {
		Tipo='V';
		return Tipo;
    1a5e:	86 e5       	ldi	r24, 0x56	; 86
    1a60:	08 95       	ret
	}
	if (uiAddress==KpEprom) {
		Tipo='K';
		return Tipo;
    1a62:	8b e4       	ldi	r24, 0x4B	; 75
    1a64:	08 95       	ret
	}
	if (uiAddress==TemperaturaDeseada) {
		Tipo='T';
		return Tipo;
    1a66:	84 e5       	ldi	r24, 0x54	; 84
	}
}
    1a68:	08 95       	ret

00001a6a <LlenarVectorConDosCaracteres>:
void LlenarVectorConDosCaracteres(uint16_t uiAddress) {//le damos -La dirección de eeprom a la cual guardar ej: TemperaturaDeseada
    1a6a:	ef 92       	push	r14
    1a6c:	ff 92       	push	r15
    1a6e:	1f 93       	push	r17
    1a70:	cf 93       	push	r28
    1a72:	df 93       	push	r29
    1a74:	00 d0       	rcall	.+0      	; 0x1a76 <LlenarVectorConDosCaracteres+0xc>
    1a76:	1f 92       	push	r1
    1a78:	cd b7       	in	r28, 0x3d	; 61
    1a7a:	de b7       	in	r29, 0x3e	; 62
    1a7c:	7c 01       	movw	r14, r24
	CambioDeNumero();
    1a7e:	0e 94 ae 17 	call	0x2f5c	; 0x2f5c <CambioDeNumero>
	char Vector[3]; // Vector auxiliar para el llenado, con la ultima posición para el caracter nulo
	 Aux=0;  
    1a82:	10 92 8b 03 	sts	0x038B, r1	; 0x80038b <__data_end+0x1>
    1a86:	10 92 8a 03 	sts	0x038A, r1	; 0x80038a <__data_end>
		Vector[Aux] = echo_serial(); //Primer dígito
    1a8a:	0e 94 f0 13 	call	0x27e0	; 0x27e0 <echo_serial>
    1a8e:	89 83       	std	Y+1, r24	; 0x01
	 Aux=1;
    1a90:	81 e0       	ldi	r24, 0x01	; 1
    1a92:	90 e0       	ldi	r25, 0x00	; 0
    1a94:	90 93 8b 03 	sts	0x038B, r25	; 0x80038b <__data_end+0x1>
    1a98:	80 93 8a 03 	sts	0x038A, r24	; 0x80038a <__data_end>
	    Vector[Aux] = echo_serial(); //Segundo dígito
    1a9c:	0e 94 f0 13 	call	0x27e0	; 0x27e0 <echo_serial>
    1aa0:	8a 83       	std	Y+2, r24	; 0x02
	   Vector[2] = '\0';			 //Terminamos el dato con el caracter nulo.
    1aa2:	1b 82       	std	Y+3, r1	; 0x03
	   char Tipo=DetectarTipo(uiAddress);
    1aa4:	c7 01       	movw	r24, r14
    1aa6:	0e 94 e8 0c 	call	0x19d0	; 0x19d0 <DetectarTipo>
    1aaa:	18 2f       	mov	r17, r24
	   if (Tipo=='T')
    1aac:	84 35       	cpi	r24, 0x54	; 84
    1aae:	91 f4       	brne	.+36     	; 0x1ad4 <LlenarVectorConDosCaracteres+0x6a>
	   {if ((atoi(Vector)<=95)&&(atoi(Vector)>=60)){ //Condición para la Temperatura Deseada
    1ab0:	ce 01       	movw	r24, r28
    1ab2:	01 96       	adiw	r24, 0x01	; 1
    1ab4:	0e 94 2b 21 	call	0x4256	; 0x4256 <atoi>
    1ab8:	80 36       	cpi	r24, 0x60	; 96
    1aba:	91 05       	cpc	r25, r1
    1abc:	4c f4       	brge	.+18     	; 0x1ad0 <LlenarVectorConDosCaracteres+0x66>
    1abe:	cc 97       	sbiw	r24, 0x3c	; 60
    1ac0:	3c f0       	brlt	.+14     	; 0x1ad0 <LlenarVectorConDosCaracteres+0x66>
		   EPROM_Write_String(uiAddress, Vector); // Guaradamos ;
    1ac2:	be 01       	movw	r22, r28
    1ac4:	6f 5f       	subi	r22, 0xFF	; 255
    1ac6:	7f 4f       	sbci	r23, 0xFF	; 255
    1ac8:	c7 01       	movw	r24, r14
    1aca:	0e 94 8b 0e 	call	0x1d16	; 0x1d16 <EPROM_Write_String>
    1ace:	02 c0       	rjmp	.+4      	; 0x1ad4 <LlenarVectorConDosCaracteres+0x6a>
	   }else{Fracaso();}
    1ad0:	0e 94 9f 17 	call	0x2f3e	; 0x2f3e <Fracaso>
		}
		if (Tipo=='K')
    1ad4:	1b 34       	cpi	r17, 0x4B	; 75
    1ad6:	79 f4       	brne	.+30     	; 0x1af6 <LlenarVectorConDosCaracteres+0x8c>
		{if ((atoi(Vector)!=0)){ //Condición para Kp, de 1 a 99; el numero es a ingresar está de 00 a 99,
    1ad8:	ce 01       	movw	r24, r28
    1ada:	01 96       	adiw	r24, 0x01	; 1
    1adc:	0e 94 2b 21 	call	0x4256	; 0x4256 <atoi>
    1ae0:	89 2b       	or	r24, r25
    1ae2:	39 f0       	breq	.+14     	; 0x1af2 <LlenarVectorConDosCaracteres+0x88>
								 // por eso restringimos el 0
			EPROM_Write_String(uiAddress, Vector); // Guaradamos ;
    1ae4:	be 01       	movw	r22, r28
    1ae6:	6f 5f       	subi	r22, 0xFF	; 255
    1ae8:	7f 4f       	sbci	r23, 0xFF	; 255
    1aea:	c7 01       	movw	r24, r14
    1aec:	0e 94 8b 0e 	call	0x1d16	; 0x1d16 <EPROM_Write_String>
    1af0:	02 c0       	rjmp	.+4      	; 0x1af6 <LlenarVectorConDosCaracteres+0x8c>
			}else{Fracaso();}
    1af2:	0e 94 9f 17 	call	0x2f3e	; 0x2f3e <Fracaso>
			//EPROM_Write_String(uiAddress, Vector); // Guaradamos
		}
		if (Tipo=='P')
    1af6:	10 35       	cpi	r17, 0x50	; 80
    1af8:	91 f4       	brne	.+36     	; 0x1b1e <LlenarVectorConDosCaracteres+0xb4>
		{if ((atoi(Vector)<=25)&&(atoi(Vector)>=5)){ //Condición el porcentaje del tiempo de descarga
    1afa:	ce 01       	movw	r24, r28
    1afc:	01 96       	adiw	r24, 0x01	; 1
    1afe:	0e 94 2b 21 	call	0x4256	; 0x4256 <atoi>
    1b02:	8a 31       	cpi	r24, 0x1A	; 26
    1b04:	91 05       	cpc	r25, r1
    1b06:	4c f4       	brge	.+18     	; 0x1b1a <LlenarVectorConDosCaracteres+0xb0>
    1b08:	05 97       	sbiw	r24, 0x05	; 5
    1b0a:	3c f0       	brlt	.+14     	; 0x1b1a <LlenarVectorConDosCaracteres+0xb0>
			EPROM_Write_String(uiAddress, Vector); // Guaradamos ;
    1b0c:	be 01       	movw	r22, r28
    1b0e:	6f 5f       	subi	r22, 0xFF	; 255
    1b10:	7f 4f       	sbci	r23, 0xFF	; 255
    1b12:	c7 01       	movw	r24, r14
    1b14:	0e 94 8b 0e 	call	0x1d16	; 0x1d16 <EPROM_Write_String>
    1b18:	02 c0       	rjmp	.+4      	; 0x1b1e <LlenarVectorConDosCaracteres+0xb4>
			}else{Fracaso();}
    1b1a:	0e 94 9f 17 	call	0x2f3e	; 0x2f3e <Fracaso>
		}
	   }
    1b1e:	0f 90       	pop	r0
    1b20:	0f 90       	pop	r0
    1b22:	0f 90       	pop	r0
    1b24:	df 91       	pop	r29
    1b26:	cf 91       	pop	r28
    1b28:	1f 91       	pop	r17
    1b2a:	ff 90       	pop	r15
    1b2c:	ef 90       	pop	r14
    1b2e:	08 95       	ret

00001b30 <LlenarVectorConDiezCaracteres>:
		
void LlenarVectorConDiezCaracteres(uint16_t uiAddress) {//le damos -La dirección de eeprom a la cual guardar ej: TemperaturaDeseada
    1b30:	0f 93       	push	r16
    1b32:	1f 93       	push	r17
    1b34:	cf 93       	push	r28
    1b36:	df 93       	push	r29
    1b38:	cd b7       	in	r28, 0x3d	; 61
    1b3a:	de b7       	in	r29, 0x3e	; 62
    1b3c:	2b 97       	sbiw	r28, 0x0b	; 11
    1b3e:	0f b6       	in	r0, 0x3f	; 63
    1b40:	f8 94       	cli
    1b42:	de bf       	out	0x3e, r29	; 62
    1b44:	0f be       	out	0x3f, r0	; 63
    1b46:	cd bf       	out	0x3d, r28	; 61
    1b48:	8c 01       	movw	r16, r24
	char Vector[11]; // Vector auxiliar para el llenado, con la ultima posición para el caracter nulo
	Aux=0;
    1b4a:	10 92 8b 03 	sts	0x038B, r1	; 0x80038b <__data_end+0x1>
    1b4e:	10 92 8a 03 	sts	0x038A, r1	; 0x80038a <__data_end>
	Vector[Aux] = echo_serial(); //
    1b52:	0e 94 f0 13 	call	0x27e0	; 0x27e0 <echo_serial>
    1b56:	89 83       	std	Y+1, r24	; 0x01
	Aux=1;
    1b58:	81 e0       	ldi	r24, 0x01	; 1
    1b5a:	90 e0       	ldi	r25, 0x00	; 0
    1b5c:	90 93 8b 03 	sts	0x038B, r25	; 0x80038b <__data_end+0x1>
    1b60:	80 93 8a 03 	sts	0x038A, r24	; 0x80038a <__data_end>
	Vector[Aux] = echo_serial(); //
    1b64:	0e 94 f0 13 	call	0x27e0	; 0x27e0 <echo_serial>
    1b68:	8a 83       	std	Y+2, r24	; 0x02
	Aux=2;
    1b6a:	82 e0       	ldi	r24, 0x02	; 2
    1b6c:	90 e0       	ldi	r25, 0x00	; 0
    1b6e:	90 93 8b 03 	sts	0x038B, r25	; 0x80038b <__data_end+0x1>
    1b72:	80 93 8a 03 	sts	0x038A, r24	; 0x80038a <__data_end>
	Vector[Aux] = echo_serial(); //
    1b76:	0e 94 f0 13 	call	0x27e0	; 0x27e0 <echo_serial>
    1b7a:	8b 83       	std	Y+3, r24	; 0x03
	Aux=3;
    1b7c:	83 e0       	ldi	r24, 0x03	; 3
    1b7e:	90 e0       	ldi	r25, 0x00	; 0
    1b80:	90 93 8b 03 	sts	0x038B, r25	; 0x80038b <__data_end+0x1>
    1b84:	80 93 8a 03 	sts	0x038A, r24	; 0x80038a <__data_end>
	Vector[Aux] = echo_serial(); //
    1b88:	0e 94 f0 13 	call	0x27e0	; 0x27e0 <echo_serial>
    1b8c:	8c 83       	std	Y+4, r24	; 0x04
	Aux=4;
    1b8e:	84 e0       	ldi	r24, 0x04	; 4
    1b90:	90 e0       	ldi	r25, 0x00	; 0
    1b92:	90 93 8b 03 	sts	0x038B, r25	; 0x80038b <__data_end+0x1>
    1b96:	80 93 8a 03 	sts	0x038A, r24	; 0x80038a <__data_end>
	Vector[Aux] = echo_serial(); //
    1b9a:	0e 94 f0 13 	call	0x27e0	; 0x27e0 <echo_serial>
    1b9e:	8d 83       	std	Y+5, r24	; 0x05
	Aux=5;
    1ba0:	85 e0       	ldi	r24, 0x05	; 5
    1ba2:	90 e0       	ldi	r25, 0x00	; 0
    1ba4:	90 93 8b 03 	sts	0x038B, r25	; 0x80038b <__data_end+0x1>
    1ba8:	80 93 8a 03 	sts	0x038A, r24	; 0x80038a <__data_end>
	Vector[Aux] = echo_serial(); //
    1bac:	0e 94 f0 13 	call	0x27e0	; 0x27e0 <echo_serial>
    1bb0:	8e 83       	std	Y+6, r24	; 0x06
	Aux=6;
    1bb2:	86 e0       	ldi	r24, 0x06	; 6
    1bb4:	90 e0       	ldi	r25, 0x00	; 0
    1bb6:	90 93 8b 03 	sts	0x038B, r25	; 0x80038b <__data_end+0x1>
    1bba:	80 93 8a 03 	sts	0x038A, r24	; 0x80038a <__data_end>
	Vector[Aux] = echo_serial(); //
    1bbe:	0e 94 f0 13 	call	0x27e0	; 0x27e0 <echo_serial>
    1bc2:	8f 83       	std	Y+7, r24	; 0x07
	Aux=7;
    1bc4:	87 e0       	ldi	r24, 0x07	; 7
    1bc6:	90 e0       	ldi	r25, 0x00	; 0
    1bc8:	90 93 8b 03 	sts	0x038B, r25	; 0x80038b <__data_end+0x1>
    1bcc:	80 93 8a 03 	sts	0x038A, r24	; 0x80038a <__data_end>
	Vector[Aux] = echo_serial(); //
    1bd0:	0e 94 f0 13 	call	0x27e0	; 0x27e0 <echo_serial>
    1bd4:	88 87       	std	Y+8, r24	; 0x08
	Aux=8;
    1bd6:	88 e0       	ldi	r24, 0x08	; 8
    1bd8:	90 e0       	ldi	r25, 0x00	; 0
    1bda:	90 93 8b 03 	sts	0x038B, r25	; 0x80038b <__data_end+0x1>
    1bde:	80 93 8a 03 	sts	0x038A, r24	; 0x80038a <__data_end>
	Vector[Aux] = echo_serial(); //
    1be2:	0e 94 f0 13 	call	0x27e0	; 0x27e0 <echo_serial>
    1be6:	89 87       	std	Y+9, r24	; 0x09
	Aux=9;
    1be8:	89 e0       	ldi	r24, 0x09	; 9
    1bea:	90 e0       	ldi	r25, 0x00	; 0
    1bec:	90 93 8b 03 	sts	0x038B, r25	; 0x80038b <__data_end+0x1>
    1bf0:	80 93 8a 03 	sts	0x038A, r24	; 0x80038a <__data_end>
	Vector[Aux] = echo_serial(); //
    1bf4:	0e 94 f0 13 	call	0x27e0	; 0x27e0 <echo_serial>
    1bf8:	8a 87       	std	Y+10, r24	; 0x0a
	Vector[11] = '\0';			 //Terminamos el dato con el caracter nulo.
    1bfa:	1c 86       	std	Y+12, r1	; 0x0c
	
	EPROM_Write_String(uiAddress, Vector); // Guaradamos
    1bfc:	be 01       	movw	r22, r28
    1bfe:	6f 5f       	subi	r22, 0xFF	; 255
    1c00:	7f 4f       	sbci	r23, 0xFF	; 255
    1c02:	c8 01       	movw	r24, r16
    1c04:	0e 94 8b 0e 	call	0x1d16	; 0x1d16 <EPROM_Write_String>
	MandarStringdesdePrograma(TextoExito2);
    1c08:	8c eb       	ldi	r24, 0xBC	; 188
    1c0a:	90 e0       	ldi	r25, 0x00	; 0
    1c0c:	0e 94 fb 13 	call	0x27f6	; 0x27f6 <MandarStringdesdePrograma>
	uart_send_newline();
    1c10:	0e 94 df 13 	call	0x27be	; 0x27be <uart_send_newline>
}
    1c14:	2b 96       	adiw	r28, 0x0b	; 11
    1c16:	0f b6       	in	r0, 0x3f	; 63
    1c18:	f8 94       	cli
    1c1a:	de bf       	out	0x3e, r29	; 62
    1c1c:	0f be       	out	0x3f, r0	; 63
    1c1e:	cd bf       	out	0x3d, r28	; 61
    1c20:	df 91       	pop	r29
    1c22:	cf 91       	pop	r28
    1c24:	1f 91       	pop	r17
    1c26:	0f 91       	pop	r16
    1c28:	08 95       	ret

00001c2a <LlenarVectorConTresCaracteres>:

void LlenarVectorConTresCaracteres(uint16_t uiAddress) {//le damos -La dirección de eeprom a la cual guardar ej: TemperaturaDeseada
    1c2a:	ef 92       	push	r14
    1c2c:	ff 92       	push	r15
    1c2e:	1f 93       	push	r17
    1c30:	cf 93       	push	r28
    1c32:	df 93       	push	r29
    1c34:	00 d0       	rcall	.+0      	; 0x1c36 <LlenarVectorConTresCaracteres+0xc>
    1c36:	00 d0       	rcall	.+0      	; 0x1c38 <LlenarVectorConTresCaracteres+0xe>
    1c38:	cd b7       	in	r28, 0x3d	; 61
    1c3a:	de b7       	in	r29, 0x3e	; 62
    1c3c:	7c 01       	movw	r14, r24
	CambioDeNumero();
    1c3e:	0e 94 ae 17 	call	0x2f5c	; 0x2f5c <CambioDeNumero>
	char Vector[4]; // Vector auxiliar para el llenado, con la ultima posición para el caracter nulo
	Aux=0;
    1c42:	10 92 8b 03 	sts	0x038B, r1	; 0x80038b <__data_end+0x1>
    1c46:	10 92 8a 03 	sts	0x038A, r1	; 0x80038a <__data_end>
	Vector[Aux] = echo_serial(); //Primer dígito
    1c4a:	0e 94 f0 13 	call	0x27e0	; 0x27e0 <echo_serial>
    1c4e:	89 83       	std	Y+1, r24	; 0x01
	Aux=1;
    1c50:	81 e0       	ldi	r24, 0x01	; 1
    1c52:	90 e0       	ldi	r25, 0x00	; 0
    1c54:	90 93 8b 03 	sts	0x038B, r25	; 0x80038b <__data_end+0x1>
    1c58:	80 93 8a 03 	sts	0x038A, r24	; 0x80038a <__data_end>
	Vector[Aux] = echo_serial(); //Segundo dígito
    1c5c:	0e 94 f0 13 	call	0x27e0	; 0x27e0 <echo_serial>
    1c60:	8a 83       	std	Y+2, r24	; 0x02
	Aux=2;
    1c62:	82 e0       	ldi	r24, 0x02	; 2
    1c64:	90 e0       	ldi	r25, 0x00	; 0
    1c66:	90 93 8b 03 	sts	0x038B, r25	; 0x80038b <__data_end+0x1>
    1c6a:	80 93 8a 03 	sts	0x038A, r24	; 0x80038a <__data_end>
	Vector[Aux] = echo_serial(); //Tercer dígito
    1c6e:	0e 94 f0 13 	call	0x27e0	; 0x27e0 <echo_serial>
    1c72:	8b 83       	std	Y+3, r24	; 0x03
	Vector[3] = '\0';			 //Terminamos el dato con el caracter nulo.
    1c74:	1c 82       	std	Y+4, r1	; 0x04
	char Tipo=DetectarTipo(uiAddress);
    1c76:	c7 01       	movw	r24, r14
    1c78:	0e 94 e8 0c 	call	0x19d0	; 0x19d0 <DetectarTipo>
    1c7c:	18 2f       	mov	r17, r24
	if (Tipo=='D')
    1c7e:	84 34       	cpi	r24, 0x44	; 68
    1c80:	99 f4       	brne	.+38     	; 0x1ca8 <LlenarVectorConTresCaracteres+0x7e>
	{if (((atoi(Vector)<=420)&&(atoi(Vector)>=00))){ //Condición para Dosificacion
    1c82:	ce 01       	movw	r24, r28
    1c84:	01 96       	adiw	r24, 0x01	; 1
    1c86:	0e 94 2b 21 	call	0x4256	; 0x4256 <atoi>
    1c8a:	85 3a       	cpi	r24, 0xA5	; 165
    1c8c:	21 e0       	ldi	r18, 0x01	; 1
    1c8e:	92 07       	cpc	r25, r18
    1c90:	4c f4       	brge	.+18     	; 0x1ca4 <LlenarVectorConTresCaracteres+0x7a>
    1c92:	99 23       	and	r25, r25
    1c94:	3c f0       	brlt	.+14     	; 0x1ca4 <LlenarVectorConTresCaracteres+0x7a>
		EPROM_Write_String(uiAddress, Vector); // Guaradamos ;
    1c96:	be 01       	movw	r22, r28
    1c98:	6f 5f       	subi	r22, 0xFF	; 255
    1c9a:	7f 4f       	sbci	r23, 0xFF	; 255
    1c9c:	c7 01       	movw	r24, r14
    1c9e:	0e 94 8b 0e 	call	0x1d16	; 0x1d16 <EPROM_Write_String>
    1ca2:	02 c0       	rjmp	.+4      	; 0x1ca8 <LlenarVectorConTresCaracteres+0x7e>
		}else{Fracaso();}
    1ca4:	0e 94 9f 17 	call	0x2f3e	; 0x2f3e <Fracaso>
	}
	if (Tipo=='A')
    1ca8:	11 34       	cpi	r17, 0x41	; 65
    1caa:	a1 f4       	brne	.+40     	; 0x1cd4 <LlenarVectorConTresCaracteres+0xaa>
	{if (((atoi(Vector)<=300)&&(atoi(Vector)>=150))){ //Condición para la cantidad de Agua caliente
    1cac:	ce 01       	movw	r24, r28
    1cae:	01 96       	adiw	r24, 0x01	; 1
    1cb0:	0e 94 2b 21 	call	0x4256	; 0x4256 <atoi>
    1cb4:	8d 32       	cpi	r24, 0x2D	; 45
    1cb6:	21 e0       	ldi	r18, 0x01	; 1
    1cb8:	92 07       	cpc	r25, r18
    1cba:	54 f4       	brge	.+20     	; 0x1cd0 <LlenarVectorConTresCaracteres+0xa6>
    1cbc:	86 39       	cpi	r24, 0x96	; 150
    1cbe:	91 05       	cpc	r25, r1
    1cc0:	3c f0       	brlt	.+14     	; 0x1cd0 <LlenarVectorConTresCaracteres+0xa6>
		EPROM_Write_String(uiAddress, Vector); // Guaradamos ;
    1cc2:	be 01       	movw	r22, r28
    1cc4:	6f 5f       	subi	r22, 0xFF	; 255
    1cc6:	7f 4f       	sbci	r23, 0xFF	; 255
    1cc8:	c7 01       	movw	r24, r14
    1cca:	0e 94 8b 0e 	call	0x1d16	; 0x1d16 <EPROM_Write_String>
    1cce:	02 c0       	rjmp	.+4      	; 0x1cd4 <LlenarVectorConTresCaracteres+0xaa>
		}else{Fracaso();}
    1cd0:	0e 94 9f 17 	call	0x2f3e	; 0x2f3e <Fracaso>
	}
    1cd4:	0f 90       	pop	r0
    1cd6:	0f 90       	pop	r0
    1cd8:	0f 90       	pop	r0
    1cda:	0f 90       	pop	r0
    1cdc:	df 91       	pop	r29
    1cde:	cf 91       	pop	r28
    1ce0:	1f 91       	pop	r17
    1ce2:	ff 90       	pop	r15
    1ce4:	ef 90       	pop	r14
    1ce6:	08 95       	ret

00001ce8 <EPROM_Write>:
				  // Al finalizar, el dato está en el vector "read_data"
*/

// Escribe un byte en una dirección específica de la EEPROM
void EPROM_Write(uint16_t uiAddress, uint8_t ucData) {
	cli();                   // Desactivamos interrupciones
    1ce8:	f8 94       	cli
	while(EECR & (1<<EEPE)); // Espera a que se complete la escritura anterior
    1cea:	f9 99       	sbic	0x1f, 1	; 31
    1cec:	fe cf       	rjmp	.-4      	; 0x1cea <EPROM_Write+0x2>
	EEAR = uiAddress;        // Configura el registro de dirección
    1cee:	92 bd       	out	0x22, r25	; 34
    1cf0:	81 bd       	out	0x21, r24	; 33
	EEDR = ucData;           // Configura el registro de datos
    1cf2:	60 bd       	out	0x20, r22	; 32
	EECR |= (1<<EEMPE);      // Habilita la escritura maestra de la EEPROM
    1cf4:	8f b3       	in	r24, 0x1f	; 31
    1cf6:	84 60       	ori	r24, 0x04	; 4
    1cf8:	8f bb       	out	0x1f, r24	; 31
	EECR |= (1<<EEPE);       // Comienza la escritura en la EEPROM
    1cfa:	8f b3       	in	r24, 0x1f	; 31
    1cfc:	82 60       	ori	r24, 0x02	; 2
    1cfe:	8f bb       	out	0x1f, r24	; 31
	sei();                   // Volvemos a activar interrupciones
    1d00:	78 94       	sei
    1d02:	08 95       	ret

00001d04 <EPROM_Read>:
}

// Lee un byte de una dirección específica de la EEPROM
uint8_t EPROM_Read(uint16_t uiAddress) {
	while(EECR & (1<<EEPE)); // Espera a que se complete la escritura anterior
    1d04:	f9 99       	sbic	0x1f, 1	; 31
    1d06:	fe cf       	rjmp	.-4      	; 0x1d04 <EPROM_Read>
	EEAR = uiAddress;        // Configura el registro de dirección
    1d08:	92 bd       	out	0x22, r25	; 34
    1d0a:	81 bd       	out	0x21, r24	; 33
	EECR |= (1<<EERE);       // Comienza la lectura de la EEPROM
    1d0c:	8f b3       	in	r24, 0x1f	; 31
    1d0e:	81 60       	ori	r24, 0x01	; 1
    1d10:	8f bb       	out	0x1f, r24	; 31
	return EEDR;             // Devuelve los datos del registro de datos
    1d12:	80 b5       	in	r24, 0x20	; 32
}
    1d14:	08 95       	ret

00001d16 <EPROM_Write_String>:


// Escribe un string en la EEPROM comenzando desde una dirección específica
void EPROM_Write_String(uint16_t uiAddress, const char* string) {
    1d16:	af 92       	push	r10
    1d18:	bf 92       	push	r11
    1d1a:	cf 92       	push	r12
    1d1c:	df 92       	push	r13
    1d1e:	ef 92       	push	r14
    1d20:	ff 92       	push	r15
    1d22:	0f 93       	push	r16
    1d24:	1f 93       	push	r17
    1d26:	cf 93       	push	r28
    1d28:	df 93       	push	r29
    1d2a:	6c 01       	movw	r12, r24
    1d2c:	5b 01       	movw	r10, r22
	// Escribe cada carácter en la EEPROM
	uint16_t i;
	for (i = 0; string[i] != '\0'; ++i) {
    1d2e:	c0 e0       	ldi	r28, 0x00	; 0
    1d30:	d0 e0       	ldi	r29, 0x00	; 0
    1d32:	0e c0       	rjmp	.+28     	; 0x1d50 <EPROM_Write_String+0x3a>
		// Lee el carácter actual en la EEPROM
		uint8_t ucCurrentData = EPROM_Read(uiAddress + i);
    1d34:	7e 01       	movw	r14, r28
    1d36:	ec 0c       	add	r14, r12
    1d38:	fd 1c       	adc	r15, r13
    1d3a:	c7 01       	movw	r24, r14
    1d3c:	0e 94 82 0e 	call	0x1d04	; 0x1d04 <EPROM_Read>
		// Compara el carácter actual con el carácter a escribir
		if (ucCurrentData != string[i]) {
    1d40:	f8 01       	movw	r30, r16
    1d42:	60 81       	ld	r22, Z
    1d44:	86 17       	cp	r24, r22
    1d46:	19 f0       	breq	.+6      	; 0x1d4e <EPROM_Write_String+0x38>
			EPROM_Write(uiAddress + i, string[i]); // Escribe el carácter si es diferente, si es igual no
    1d48:	c7 01       	movw	r24, r14
    1d4a:	0e 94 74 0e 	call	0x1ce8	; 0x1ce8 <EPROM_Write>

// Escribe un string en la EEPROM comenzando desde una dirección específica
void EPROM_Write_String(uint16_t uiAddress, const char* string) {
	// Escribe cada carácter en la EEPROM
	uint16_t i;
	for (i = 0; string[i] != '\0'; ++i) {
    1d4e:	21 96       	adiw	r28, 0x01	; 1
    1d50:	85 01       	movw	r16, r10
    1d52:	0c 0f       	add	r16, r28
    1d54:	1d 1f       	adc	r17, r29
    1d56:	f8 01       	movw	r30, r16
    1d58:	80 81       	ld	r24, Z
    1d5a:	81 11       	cpse	r24, r1
    1d5c:	eb cf       	rjmp	.-42     	; 0x1d34 <EPROM_Write_String+0x1e>
		if (ucCurrentData != string[i]) {
			EPROM_Write(uiAddress + i, string[i]); // Escribe el carácter si es diferente, si es igual no
		}
	}
	// Verifica si el carácter nulo necesita ser escrito
	uint8_t ucCurrentData = EPROM_Read(uiAddress + i);
    1d5e:	cc 0d       	add	r28, r12
    1d60:	dd 1d       	adc	r29, r13
    1d62:	ce 01       	movw	r24, r28
    1d64:	0e 94 82 0e 	call	0x1d04	; 0x1d04 <EPROM_Read>
	if (ucCurrentData != '\0') {
    1d68:	88 23       	and	r24, r24
    1d6a:	21 f0       	breq	.+8      	; 0x1d74 <EPROM_Write_String+0x5e>
		EPROM_Write(uiAddress + i, '\0'); // Escribe el carácter nulo al final del string
    1d6c:	60 e0       	ldi	r22, 0x00	; 0
    1d6e:	ce 01       	movw	r24, r28
    1d70:	0e 94 74 0e 	call	0x1ce8	; 0x1ce8 <EPROM_Write>
	}
}
    1d74:	df 91       	pop	r29
    1d76:	cf 91       	pop	r28
    1d78:	1f 91       	pop	r17
    1d7a:	0f 91       	pop	r16
    1d7c:	ff 90       	pop	r15
    1d7e:	ef 90       	pop	r14
    1d80:	df 90       	pop	r13
    1d82:	cf 90       	pop	r12
    1d84:	bf 90       	pop	r11
    1d86:	af 90       	pop	r10
    1d88:	08 95       	ret

00001d8a <EPROM_Read_String>:


// Lee un string de la EEPROM comenzando desde una dirección específica
void EPROM_Read_String(uint16_t uiAddress, char* buffer, uint16_t length) {
    1d8a:	af 92       	push	r10
    1d8c:	bf 92       	push	r11
    1d8e:	cf 92       	push	r12
    1d90:	df 92       	push	r13
    1d92:	ef 92       	push	r14
    1d94:	ff 92       	push	r15
    1d96:	0f 93       	push	r16
    1d98:	1f 93       	push	r17
    1d9a:	cf 93       	push	r28
    1d9c:	df 93       	push	r29
    1d9e:	5c 01       	movw	r10, r24
    1da0:	6b 01       	movw	r12, r22
    1da2:	7a 01       	movw	r14, r20
	for (uint16_t i = 0; i < length; ++i) {
    1da4:	c0 e0       	ldi	r28, 0x00	; 0
    1da6:	d0 e0       	ldi	r29, 0x00	; 0
    1da8:	0b c0       	rjmp	.+22     	; 0x1dc0 <EPROM_Read_String+0x36>
		buffer[i] = EPROM_Read(uiAddress + i); // Lee cada carácter
    1daa:	86 01       	movw	r16, r12
    1dac:	0c 0f       	add	r16, r28
    1dae:	1d 1f       	adc	r17, r29
    1db0:	ce 01       	movw	r24, r28
    1db2:	8a 0d       	add	r24, r10
    1db4:	9b 1d       	adc	r25, r11
    1db6:	0e 94 82 0e 	call	0x1d04	; 0x1d04 <EPROM_Read>
    1dba:	f8 01       	movw	r30, r16
    1dbc:	80 83       	st	Z, r24
}


// Lee un string de la EEPROM comenzando desde una dirección específica
void EPROM_Read_String(uint16_t uiAddress, char* buffer, uint16_t length) {
	for (uint16_t i = 0; i < length; ++i) {
    1dbe:	21 96       	adiw	r28, 0x01	; 1
    1dc0:	ce 15       	cp	r28, r14
    1dc2:	df 05       	cpc	r29, r15
    1dc4:	90 f3       	brcs	.-28     	; 0x1daa <EPROM_Read_String+0x20>
		buffer[i] = EPROM_Read(uiAddress + i); // Lee cada carácter
	}
	buffer[length] = '\0'; // Termina el string con el carácter nulo
    1dc6:	f6 01       	movw	r30, r12
    1dc8:	ee 0d       	add	r30, r14
    1dca:	ff 1d       	adc	r31, r15
    1dcc:	10 82       	st	Z, r1
}
    1dce:	df 91       	pop	r29
    1dd0:	cf 91       	pop	r28
    1dd2:	1f 91       	pop	r17
    1dd4:	0f 91       	pop	r16
    1dd6:	ff 90       	pop	r15
    1dd8:	ef 90       	pop	r14
    1dda:	df 90       	pop	r13
    1ddc:	cf 90       	pop	r12
    1dde:	bf 90       	pop	r11
    1de0:	af 90       	pop	r10
    1de2:	08 95       	ret

00001de4 <i2c_init>:

#include "i2c.h"


void i2c_init() { //Se encarga de inicializar el bus I2C en modo maestro con una velocidad de transmisión de 100 kHz
	TWBR = 25; // Frecuencia de reloj de 16MHz / (16 + 2 * TWBR * 1) = 100 kHz {con 25242kHz}
    1de4:	89 e1       	ldi	r24, 0x19	; 25
    1de6:	80 93 b8 00 	sts	0x00B8, r24	; 0x8000b8 <__TEXT_REGION_LENGTH__+0x7f80b8>
	TWSR = 0;  // Prescaler de 1
    1dea:	10 92 b9 00 	sts	0x00B9, r1	; 0x8000b9 <__TEXT_REGION_LENGTH__+0x7f80b9>
    1dee:	08 95       	ret

00001df0 <i2c_start>:
}

void i2c_start(){	//Envía una condición de inicio al bus I2C.
	TWCR = (1<<TWINT) | (1<<TWEN) | (1<<TWSTA); // Condición de inicio
    1df0:	84 ea       	ldi	r24, 0xA4	; 164
    1df2:	80 93 bc 00 	sts	0x00BC, r24	; 0x8000bc <__TEXT_REGION_LENGTH__+0x7f80bc>
	while (!(TWCR & (1<<TWINT))); // Verificar la condición de inicio
    1df6:	80 91 bc 00 	lds	r24, 0x00BC	; 0x8000bc <__TEXT_REGION_LENGTH__+0x7f80bc>
    1dfa:	88 23       	and	r24, r24
    1dfc:	e4 f7       	brge	.-8      	; 0x1df6 <i2c_start+0x6>
}
    1dfe:	08 95       	ret

00001e00 <i2c_write>:
	//TWINT (para limpiar la bandera de interrupción), 
	//TWEN (para habilitar el módulo I2C) y TWSTA (para enviar la condición de inicio). 

void i2c_write(char x){	//Se utiliza para escribir un byte de datos en el bus I2C. 
	TWDR = x; // Mover valor a I2C
    1e00:	80 93 bb 00 	sts	0x00BB, r24	; 0x8000bb <__TEXT_REGION_LENGTH__+0x7f80bb>
	TWCR = (1<<TWINT) | (1<<TWEN); // Habilite I2C y borra la interrupción
    1e04:	84 e8       	ldi	r24, 0x84	; 132
    1e06:	80 93 bc 00 	sts	0x00BC, r24	; 0x8000bc <__TEXT_REGION_LENGTH__+0x7f80bc>
	while (!(TWCR & (1<<TWINT)));
    1e0a:	80 91 bc 00 	lds	r24, 0x00BC	; 0x8000bc <__TEXT_REGION_LENGTH__+0x7f80bc>
    1e0e:	88 23       	and	r24, r24
    1e10:	e4 f7       	brge	.-8      	; 0x1e0a <i2c_write+0xa>
}
    1e12:	08 95       	ret

00001e14 <i2c_stop>:

void i2c_stop(){	//Envía una condición de parada al bus I2C, indicando el final de la transmisión.
	TWCR = (1<<TWSTO)|(1<<TWINT)|(1<<TWEN);
    1e14:	84 e9       	ldi	r24, 0x94	; 148
    1e16:	80 93 bc 00 	sts	0x00BC, r24	; 0x8000bc <__TEXT_REGION_LENGTH__+0x7f80bc>
	while (TWCR&(1<TWSTO));	
    1e1a:	80 91 bc 00 	lds	r24, 0x00BC	; 0x8000bc <__TEXT_REGION_LENGTH__+0x7f80bc>
    1e1e:	80 fd       	sbrc	r24, 0
    1e20:	fc cf       	rjmp	.-8      	; 0x1e1a <i2c_stop+0x6>
}
    1e22:	08 95       	ret

00001e24 <enviarPulsoEnable>:
#include "LCD_I2C.h"
#include <util/delay.h>
#define direccionLcd 0x40
void enviarPulsoEnable()
{
TWDR |= 0x02;					//---PIN En la pantalla LCD en = 1; -----Enclavar datos en el registro de datos LCD usando una señal de alta a baja
    1e24:	eb eb       	ldi	r30, 0xBB	; 187
    1e26:	f0 e0       	ldi	r31, 0x00	; 0
    1e28:	80 81       	ld	r24, Z
    1e2a:	82 60       	ori	r24, 0x02	; 2
    1e2c:	80 83       	st	Z, r24
TWCR = (1<<TWINT) | (1<<TWEN);	//---Habilita I2C y borra la interrupción- Esta linea y la siguiente simepre van despues de querer mandar un coamndo por TDWR
    1e2e:	84 e8       	ldi	r24, 0x84	; 132
    1e30:	80 93 bc 00 	sts	0x00BC, r24	; 0x8000bc <__TEXT_REGION_LENGTH__+0x7f80bc>
while  (!(TWCR &(1<<TWINT)));	//---Siempre poner despues de la linea anterior al mandar datos por TWDR
    1e34:	80 91 bc 00 	lds	r24, 0x00BC	; 0x8000bc <__TEXT_REGION_LENGTH__+0x7f80bc>
    1e38:	88 23       	and	r24, r24
    1e3a:	e4 f7       	brge	.-8      	; 0x1e34 <enviarPulsoEnable+0x10>
	#else
		//round up by default
		__ticks_dc = (uint32_t)(ceil(fabs(__tmp)));
	#endif

	__builtin_avr_delay_cycles(__ticks_dc);
    1e3c:	89 ef       	ldi	r24, 0xF9	; 249
    1e3e:	90 e0       	ldi	r25, 0x00	; 0
    1e40:	01 97       	sbiw	r24, 0x01	; 1
    1e42:	f1 f7       	brne	.-4      	; 0x1e40 <enviarPulsoEnable+0x1c>
    1e44:	00 c0       	rjmp	.+0      	; 0x1e46 <enviarPulsoEnable+0x22>
    1e46:	00 00       	nop
_delay_ms(1);
TWDR &= ~0x02;					//---PIN del Enable de la LCD en = 0;
    1e48:	eb eb       	ldi	r30, 0xBB	; 187
    1e4a:	f0 e0       	ldi	r31, 0x00	; 0
    1e4c:	80 81       	ld	r24, Z
    1e4e:	8d 7f       	andi	r24, 0xFD	; 253
    1e50:	80 83       	st	Z, r24
TWCR = (1<<TWINT) | (1<<TWEN);	//---Habilita I2C y borra la interrupción
    1e52:	84 e8       	ldi	r24, 0x84	; 132
    1e54:	80 93 bc 00 	sts	0x00BC, r24	; 0x8000bc <__TEXT_REGION_LENGTH__+0x7f80bc>
while  (!(TWCR &(1<<TWINT)));
    1e58:	80 91 bc 00 	lds	r24, 0x00BC	; 0x8000bc <__TEXT_REGION_LENGTH__+0x7f80bc>
    1e5c:	88 23       	and	r24, r24
    1e5e:	e4 f7       	brge	.-8      	; 0x1e58 <enviarPulsoEnable+0x34>
}
    1e60:	08 95       	ret

00001e62 <enviarComando4Bits>:

void enviarComando4Bits(char v1)
{
TWDR &=~0x01;					//PIN RS de la pantalla LCD rs = 0; ----Seleccionar registro como registro de comando
    1e62:	eb eb       	ldi	r30, 0xBB	; 187
    1e64:	f0 e0       	ldi	r31, 0x00	; 0
    1e66:	90 81       	ld	r25, Z
    1e68:	9e 7f       	andi	r25, 0xFE	; 254
    1e6a:	90 83       	st	Z, r25
TWCR = (1<<TWINT) | (1<<TWEN);	//Habilita I2C y borra la interrupción
    1e6c:	94 e8       	ldi	r25, 0x84	; 132
    1e6e:	90 93 bc 00 	sts	0x00BC, r25	; 0x8000bc <__TEXT_REGION_LENGTH__+0x7f80bc>
while  (!(TWCR &(1<<TWINT)));
    1e72:	90 91 bc 00 	lds	r25, 0x00BC	; 0x8000bc <__TEXT_REGION_LENGTH__+0x7f80bc>
    1e76:	99 23       	and	r25, r25
    1e78:	e4 f7       	brge	.-8      	; 0x1e72 <enviarComando4Bits+0x10>
TWDR &= 0x0F;					//----Enmascaramiento de 4 bits superiores y envío a LCD
    1e7a:	eb eb       	ldi	r30, 0xBB	; 187
    1e7c:	f0 e0       	ldi	r31, 0x00	; 0
    1e7e:	90 81       	ld	r25, Z
    1e80:	9f 70       	andi	r25, 0x0F	; 15
    1e82:	90 83       	st	Z, r25
TWCR = (1<<TWINT) | (1<<TWEN);	//Habilita I2C y borra la interrupción
    1e84:	94 e8       	ldi	r25, 0x84	; 132
    1e86:	90 93 bc 00 	sts	0x00BC, r25	; 0x8000bc <__TEXT_REGION_LENGTH__+0x7f80bc>
while  (!(TWCR &(1<<TWINT)));
    1e8a:	90 91 bc 00 	lds	r25, 0x00BC	; 0x8000bc <__TEXT_REGION_LENGTH__+0x7f80bc>
    1e8e:	99 23       	and	r25, r25
    1e90:	e4 f7       	brge	.-8      	; 0x1e8a <enviarComando4Bits+0x28>
TWDR |= (v1 & 0xF0);			//----
    1e92:	eb eb       	ldi	r30, 0xBB	; 187
    1e94:	f0 e0       	ldi	r31, 0x00	; 0
    1e96:	90 81       	ld	r25, Z
    1e98:	80 7f       	andi	r24, 0xF0	; 240
    1e9a:	89 2b       	or	r24, r25
    1e9c:	80 83       	st	Z, r24
TWCR = (1<<TWINT) | (1<<TWEN);	//Habilita I2C y borra la interrupción
    1e9e:	84 e8       	ldi	r24, 0x84	; 132
    1ea0:	80 93 bc 00 	sts	0x00BC, r24	; 0x8000bc <__TEXT_REGION_LENGTH__+0x7f80bc>
while  (!(TWCR &(1<<TWINT)));
    1ea4:	80 91 bc 00 	lds	r24, 0x00BC	; 0x8000bc <__TEXT_REGION_LENGTH__+0x7f80bc>
    1ea8:	88 23       	and	r24, r24
    1eaa:	e4 f7       	brge	.-8      	; 0x1ea4 <enviarComando4Bits+0x42>
enviarPulsoEnable();
    1eac:	0e 94 12 0f 	call	0x1e24	; 0x1e24 <enviarPulsoEnable>
    1eb0:	08 95       	ret

00001eb2 <enviarComando>:
}

void enviarComando(char v2)
{
    1eb2:	cf 93       	push	r28
    1eb4:	c8 2f       	mov	r28, r24
TWDR&=~0x01;					//rs = 0; ----Seleccionar registro como registro de comando
    1eb6:	eb eb       	ldi	r30, 0xBB	; 187
    1eb8:	f0 e0       	ldi	r31, 0x00	; 0
    1eba:	80 81       	ld	r24, Z
    1ebc:	8e 7f       	andi	r24, 0xFE	; 254
    1ebe:	80 83       	st	Z, r24
TWCR = (1<<TWINT) | (1<<TWEN);	//Habilita I2C y borra la interrupción
    1ec0:	84 e8       	ldi	r24, 0x84	; 132
    1ec2:	80 93 bc 00 	sts	0x00BC, r24	; 0x8000bc <__TEXT_REGION_LENGTH__+0x7f80bc>
while  (!(TWCR &(1<<TWINT)));
    1ec6:	80 91 bc 00 	lds	r24, 0x00BC	; 0x8000bc <__TEXT_REGION_LENGTH__+0x7f80bc>
    1eca:	88 23       	and	r24, r24
    1ecc:	e4 f7       	brge	.-8      	; 0x1ec6 <enviarComando+0x14>

TWDR &= 0x0F;                   //----borrando los 4 bits superiores
    1ece:	eb eb       	ldi	r30, 0xBB	; 187
    1ed0:	f0 e0       	ldi	r31, 0x00	; 0
    1ed2:	80 81       	ld	r24, Z
    1ed4:	8f 70       	andi	r24, 0x0F	; 15
    1ed6:	80 83       	st	Z, r24
TWCR = (1<<TWINT) | (1<<TWEN);	//Habilita I2C y borra la interrupción
    1ed8:	84 e8       	ldi	r24, 0x84	; 132
    1eda:	80 93 bc 00 	sts	0x00BC, r24	; 0x8000bc <__TEXT_REGION_LENGTH__+0x7f80bc>
while  (!(TWCR &(1<<TWINT)));
    1ede:	80 91 bc 00 	lds	r24, 0x00BC	; 0x8000bc <__TEXT_REGION_LENGTH__+0x7f80bc>
    1ee2:	88 23       	and	r24, r24
    1ee4:	e4 f7       	brge	.-8      	; 0x1ede <enviarComando+0x2c>
TWDR |= (v2 & 0xF0);			//----Enmascaramiento de 4 bits superiores y envío a LCD
    1ee6:	eb eb       	ldi	r30, 0xBB	; 187
    1ee8:	f0 e0       	ldi	r31, 0x00	; 0
    1eea:	80 81       	ld	r24, Z
    1eec:	9c 2f       	mov	r25, r28
    1eee:	90 7f       	andi	r25, 0xF0	; 240
    1ef0:	89 2b       	or	r24, r25
    1ef2:	80 83       	st	Z, r24
TWCR = (1<<TWINT) | (1<<TWEN);	//Habilita I2C y borra la interrupción
    1ef4:	84 e8       	ldi	r24, 0x84	; 132
    1ef6:	80 93 bc 00 	sts	0x00BC, r24	; 0x8000bc <__TEXT_REGION_LENGTH__+0x7f80bc>
while  (!(TWCR &(1<<TWINT)));
    1efa:	80 91 bc 00 	lds	r24, 0x00BC	; 0x8000bc <__TEXT_REGION_LENGTH__+0x7f80bc>
    1efe:	88 23       	and	r24, r24
    1f00:	e4 f7       	brge	.-8      	; 0x1efa <enviarComando+0x48>
enviarPulsoEnable();
    1f02:	0e 94 12 0f 	call	0x1e24	; 0x1e24 <enviarPulsoEnable>
	
TWDR &= 0x0F;                    //----borrando los 4 bits superiores
    1f06:	eb eb       	ldi	r30, 0xBB	; 187
    1f08:	f0 e0       	ldi	r31, 0x00	; 0
    1f0a:	80 81       	ld	r24, Z
    1f0c:	8f 70       	andi	r24, 0x0F	; 15
    1f0e:	80 83       	st	Z, r24
TWCR = (1<<TWINT) | (1<<TWEN);	//Habilita I2C y borra la interrupción
    1f10:	84 e8       	ldi	r24, 0x84	; 132
    1f12:	80 93 bc 00 	sts	0x00BC, r24	; 0x8000bc <__TEXT_REGION_LENGTH__+0x7f80bc>
while  (!(TWCR &(1<<TWINT)));
    1f16:	80 91 bc 00 	lds	r24, 0x00BC	; 0x8000bc <__TEXT_REGION_LENGTH__+0x7f80bc>
    1f1a:	88 23       	and	r24, r24
    1f1c:	e4 f7       	brge	.-8      	; 0x1f16 <enviarComando+0x64>
TWDR |= ((v2 & 0x0F)<<4);		//----Enmascaramiento de 4 bits inferiores y envío a LCD
    1f1e:	eb eb       	ldi	r30, 0xBB	; 187
    1f20:	f0 e0       	ldi	r31, 0x00	; 0
    1f22:	20 81       	ld	r18, Z
    1f24:	30 e1       	ldi	r19, 0x10	; 16
    1f26:	c3 9f       	mul	r28, r19
    1f28:	c0 01       	movw	r24, r0
    1f2a:	11 24       	eor	r1, r1
    1f2c:	82 2b       	or	r24, r18
    1f2e:	80 83       	st	Z, r24
TWCR = (1<<TWINT) | (1<<TWEN);	//Habilite I2C y borra la interrupción
    1f30:	84 e8       	ldi	r24, 0x84	; 132
    1f32:	80 93 bc 00 	sts	0x00BC, r24	; 0x8000bc <__TEXT_REGION_LENGTH__+0x7f80bc>
while  (!(TWCR &(1<<TWINT)));
    1f36:	80 91 bc 00 	lds	r24, 0x00BC	; 0x8000bc <__TEXT_REGION_LENGTH__+0x7f80bc>
    1f3a:	88 23       	and	r24, r24
    1f3c:	e4 f7       	brge	.-8      	; 0x1f36 <enviarComando+0x84>
enviarPulsoEnable();
    1f3e:	0e 94 12 0f 	call	0x1e24	; 0x1e24 <enviarPulsoEnable>
}
    1f42:	cf 91       	pop	r28
    1f44:	08 95       	ret

00001f46 <escribirDato>:

void escribirDato(char v3)
{
    1f46:	cf 93       	push	r28
    1f48:	c8 2f       	mov	r28, r24
TWDR|=0x01;						//RS = 1; ----Selecciona registro como registro de comando
    1f4a:	eb eb       	ldi	r30, 0xBB	; 187
    1f4c:	f0 e0       	ldi	r31, 0x00	; 0
    1f4e:	80 81       	ld	r24, Z
    1f50:	81 60       	ori	r24, 0x01	; 1
    1f52:	80 83       	st	Z, r24
TWCR = (1<<TWINT) | (1<<TWEN);	//Habilita I2C y borra la interrupción
    1f54:	84 e8       	ldi	r24, 0x84	; 132
    1f56:	80 93 bc 00 	sts	0x00BC, r24	; 0x8000bc <__TEXT_REGION_LENGTH__+0x7f80bc>
while  (!(TWCR &(1<<TWINT)));
    1f5a:	80 91 bc 00 	lds	r24, 0x00BC	; 0x8000bc <__TEXT_REGION_LENGTH__+0x7f80bc>
    1f5e:	88 23       	and	r24, r24
    1f60:	e4 f7       	brge	.-8      	; 0x1f5a <escribirDato+0x14>
TWDR &= 0x0F;				    //----borrando los 4 bits superiores
    1f62:	eb eb       	ldi	r30, 0xBB	; 187
    1f64:	f0 e0       	ldi	r31, 0x00	; 0
    1f66:	80 81       	ld	r24, Z
    1f68:	8f 70       	andi	r24, 0x0F	; 15
    1f6a:	80 83       	st	Z, r24
TWCR = (1<<TWINT) | (1<<TWEN);	//Habilita I2C y borra la interrupción
    1f6c:	84 e8       	ldi	r24, 0x84	; 132
    1f6e:	80 93 bc 00 	sts	0x00BC, r24	; 0x8000bc <__TEXT_REGION_LENGTH__+0x7f80bc>
while  (!(TWCR &(1<<TWINT)));
    1f72:	80 91 bc 00 	lds	r24, 0x00BC	; 0x8000bc <__TEXT_REGION_LENGTH__+0x7f80bc>
    1f76:	88 23       	and	r24, r24
    1f78:	e4 f7       	brge	.-8      	; 0x1f72 <escribirDato+0x2c>
TWDR |= (v3 & 0xF0);			//----Enmascaramiento de 4 bits superiores y envío a LCD
    1f7a:	eb eb       	ldi	r30, 0xBB	; 187
    1f7c:	f0 e0       	ldi	r31, 0x00	; 0
    1f7e:	80 81       	ld	r24, Z
    1f80:	9c 2f       	mov	r25, r28
    1f82:	90 7f       	andi	r25, 0xF0	; 240
    1f84:	89 2b       	or	r24, r25
    1f86:	80 83       	st	Z, r24
TWCR = (1<<TWINT) | (1<<TWEN);	//Habilita I2C y borra la interrupción
    1f88:	84 e8       	ldi	r24, 0x84	; 132
    1f8a:	80 93 bc 00 	sts	0x00BC, r24	; 0x8000bc <__TEXT_REGION_LENGTH__+0x7f80bc>
while  (!(TWCR &(1<<TWINT)));
    1f8e:	80 91 bc 00 	lds	r24, 0x00BC	; 0x8000bc <__TEXT_REGION_LENGTH__+0x7f80bc>
    1f92:	88 23       	and	r24, r24
    1f94:	e4 f7       	brge	.-8      	; 0x1f8e <escribirDato+0x48>
enviarPulsoEnable();
    1f96:	0e 94 12 0f 	call	0x1e24	; 0x1e24 <enviarPulsoEnable>
	
TWDR &= 0x0F;					//----borrando los 4 bits inferiores
    1f9a:	eb eb       	ldi	r30, 0xBB	; 187
    1f9c:	f0 e0       	ldi	r31, 0x00	; 0
    1f9e:	80 81       	ld	r24, Z
    1fa0:	8f 70       	andi	r24, 0x0F	; 15
    1fa2:	80 83       	st	Z, r24
TWCR = (1<<TWINT) | (1<<TWEN);	//Habilita I2C y borra la interrupción
    1fa4:	84 e8       	ldi	r24, 0x84	; 132
    1fa6:	80 93 bc 00 	sts	0x00BC, r24	; 0x8000bc <__TEXT_REGION_LENGTH__+0x7f80bc>
while  (!(TWCR &(1<<TWINT)));
    1faa:	80 91 bc 00 	lds	r24, 0x00BC	; 0x8000bc <__TEXT_REGION_LENGTH__+0x7f80bc>
    1fae:	88 23       	and	r24, r24
    1fb0:	e4 f7       	brge	.-8      	; 0x1faa <escribirDato+0x64>
TWDR |= ((v3 & 0x0F)<<4);		//----Enmascaramiento de 4 bits inferiores y envío a LCD
    1fb2:	eb eb       	ldi	r30, 0xBB	; 187
    1fb4:	f0 e0       	ldi	r31, 0x00	; 0
    1fb6:	20 81       	ld	r18, Z
    1fb8:	30 e1       	ldi	r19, 0x10	; 16
    1fba:	c3 9f       	mul	r28, r19
    1fbc:	c0 01       	movw	r24, r0
    1fbe:	11 24       	eor	r1, r1
    1fc0:	82 2b       	or	r24, r18
    1fc2:	80 83       	st	Z, r24
TWCR = (1<<TWINT) | (1<<TWEN);	//Habilita I2C y borra la interrupción
    1fc4:	84 e8       	ldi	r24, 0x84	; 132
    1fc6:	80 93 bc 00 	sts	0x00BC, r24	; 0x8000bc <__TEXT_REGION_LENGTH__+0x7f80bc>
while  (!(TWCR &(1<<TWINT)));
    1fca:	80 91 bc 00 	lds	r24, 0x00BC	; 0x8000bc <__TEXT_REGION_LENGTH__+0x7f80bc>
    1fce:	88 23       	and	r24, r24
    1fd0:	e4 f7       	brge	.-8      	; 0x1fca <escribirDato+0x84>
enviarPulsoEnable();
    1fd2:	0e 94 12 0f 	call	0x1e24	; 0x1e24 <enviarPulsoEnable>
}
    1fd6:	cf 91       	pop	r28
    1fd8:	08 95       	ret

00001fda <lcd_init>:

void lcd_init() {
i2c_init(); //inciamos la comunicación i2c
    1fda:	0e 94 f2 0e 	call	0x1de4	; 0x1de4 <i2c_init>
i2c_start(); //Iniciamos el i2c
    1fde:	0e 94 f8 0e 	call	0x1df0	; 0x1df0 <i2c_start>
i2c_write(direccionLcd); //Dirección del PCF8574 0x40
    1fe2:	80 e4       	ldi	r24, 0x40	; 64
    1fe4:	0e 94 00 0f 	call	0x1e00	; 0x1e00 <i2c_write>
    1fe8:	81 ee       	ldi	r24, 0xE1	; 225
    1fea:	94 e0       	ldi	r25, 0x04	; 4
    1fec:	01 97       	sbiw	r24, 0x01	; 1
    1fee:	f1 f7       	brne	.-4      	; 0x1fec <lcd_init+0x12>
    1ff0:	00 c0       	rjmp	.+0      	; 0x1ff2 <lcd_init+0x18>
    1ff2:	00 00       	nop
// Inicialización del LCD de 20x4 en modo 4 bits.
_delay_ms(5);
enviarComando4Bits(0x30); // 3 veces
    1ff4:	80 e3       	ldi	r24, 0x30	; 48
    1ff6:	0e 94 31 0f 	call	0x1e62	; 0x1e62 <enviarComando4Bits>
    1ffa:	81 ee       	ldi	r24, 0xE1	; 225
    1ffc:	94 e0       	ldi	r25, 0x04	; 4
    1ffe:	01 97       	sbiw	r24, 0x01	; 1
    2000:	f1 f7       	brne	.-4      	; 0x1ffe <lcd_init+0x24>
    2002:	00 c0       	rjmp	.+0      	; 0x2004 <lcd_init+0x2a>
    2004:	00 00       	nop
_delay_ms(5);
enviarComando4Bits(0x30);
    2006:	80 e3       	ldi	r24, 0x30	; 48
    2008:	0e 94 31 0f 	call	0x1e62	; 0x1e62 <enviarComando4Bits>
enviarComando4Bits(0x20); // Modo 4 bits
    200c:	80 e2       	ldi	r24, 0x20	; 32
    200e:	0e 94 31 0f 	call	0x1e62	; 0x1e62 <enviarComando4Bits>
    2012:	81 ee       	ldi	r24, 0xE1	; 225
    2014:	94 e0       	ldi	r25, 0x04	; 4
    2016:	01 97       	sbiw	r24, 0x01	; 1
    2018:	f1 f7       	brne	.-4      	; 0x2016 <lcd_init+0x3c>
    201a:	00 c0       	rjmp	.+0      	; 0x201c <lcd_init+0x42>
    201c:	00 00       	nop
_delay_ms(5);
	
// Configuración del LCD de 20x4
enviarComando(0x28);      // Función de 4 bits, 2 líneas, fuente 5x8
    201e:	88 e2       	ldi	r24, 0x28	; 40
    2020:	0e 94 59 0f 	call	0x1eb2	; 0x1eb2 <enviarComando>
enviarComando(0x0C);      // Encender el display, apagar el cursor
    2024:	8c e0       	ldi	r24, 0x0C	; 12
    2026:	0e 94 59 0f 	call	0x1eb2	; 0x1eb2 <enviarComando>
enviarComando(0x01);      // Borrar pantalla
    202a:	81 e0       	ldi	r24, 0x01	; 1
    202c:	0e 94 59 0f 	call	0x1eb2	; 0x1eb2 <enviarComando>
enviarComando(0x06);      // Desplazamiento del cursor a la derecha
    2030:	86 e0       	ldi	r24, 0x06	; 6
    2032:	0e 94 59 0f 	call	0x1eb2	; 0x1eb2 <enviarComando>
enviarComando(0x80);      // Posiciona el cursor en la primera línea, primera posición
    2036:	80 e8       	ldi	r24, 0x80	; 128
    2038:	0e 94 59 0f 	call	0x1eb2	; 0x1eb2 <enviarComando>
    203c:	08 95       	ret

0000203e <escribirEnLCD>:
}

void escribirEnLCD(char *c)
{
    203e:	cf 93       	push	r28
    2040:	df 93       	push	r29
    2042:	ec 01       	movw	r28, r24
while(*c != 0)			//----Espere hasta que todas las cadenas pasen a la pantalla LCD.
    2044:	03 c0       	rjmp	.+6      	; 0x204c <escribirEnLCD+0xe>
escribirDato(*c++);		//----Enviar la cadena a la pantalla LCD
    2046:	21 96       	adiw	r28, 0x01	; 1
    2048:	0e 94 a3 0f 	call	0x1f46	; 0x1f46 <escribirDato>
enviarComando(0x80);      // Posiciona el cursor en la primera línea, primera posición
}

void escribirEnLCD(char *c)
{
while(*c != 0)			//----Espere hasta que todas las cadenas pasen a la pantalla LCD.
    204c:	88 81       	ld	r24, Y
    204e:	81 11       	cpse	r24, r1
    2050:	fa cf       	rjmp	.-12     	; 0x2046 <escribirEnLCD+0x8>
escribirDato(*c++);		//----Enviar la cadena a la pantalla LCD
}
    2052:	df 91       	pop	r29
    2054:	cf 91       	pop	r28
    2056:	08 95       	ret

00002058 <escribirSegundaLinea>:
void escribirSegundaLinea(char *c) { // Siempre va luego de "escribir lcd"
    2058:	cf 93       	push	r28
    205a:	df 93       	push	r29
    205c:	ec 01       	movw	r28, r24
	enviarComando(0xC0); // Mover el cursor a la primera posición de la segunda línea
    205e:	80 ec       	ldi	r24, 0xC0	; 192
    2060:	0e 94 59 0f 	call	0x1eb2	; 0x1eb2 <enviarComando>
	while(*c != 0) { // Recorrer la cadena y enviar cada carácter a la LCD
    2064:	03 c0       	rjmp	.+6      	; 0x206c <escribirSegundaLinea+0x14>
		escribirDato(*c++);
    2066:	21 96       	adiw	r28, 0x01	; 1
    2068:	0e 94 a3 0f 	call	0x1f46	; 0x1f46 <escribirDato>
while(*c != 0)			//----Espere hasta que todas las cadenas pasen a la pantalla LCD.
escribirDato(*c++);		//----Enviar la cadena a la pantalla LCD
}
void escribirSegundaLinea(char *c) { // Siempre va luego de "escribir lcd"
	enviarComando(0xC0); // Mover el cursor a la primera posición de la segunda línea
	while(*c != 0) { // Recorrer la cadena y enviar cada carácter a la LCD
    206c:	88 81       	ld	r24, Y
    206e:	81 11       	cpse	r24, r1
    2070:	fa cf       	rjmp	.-12     	; 0x2066 <escribirSegundaLinea+0xe>
		escribirDato(*c++);
	}
}
    2072:	df 91       	pop	r29
    2074:	cf 91       	pop	r28
    2076:	08 95       	ret

00002078 <limpiar_LCD>:


void limpiar_LCD()
{
enviarComando(0x01);	//Comando para limpar el lcd
    2078:	81 e0       	ldi	r24, 0x01	; 1
    207a:	0e 94 59 0f 	call	0x1eb2	; 0x1eb2 <enviarComando>
	#else
		//round up by default
		__ticks_dc = (uint32_t)(ceil(fabs(__tmp)));
	#endif

	__builtin_avr_delay_cycles(__ticks_dc);
    207e:	81 e2       	ldi	r24, 0x21	; 33
    2080:	8a 95       	dec	r24
    2082:	f1 f7       	brne	.-4      	; 0x2080 <limpiar_LCD+0x8>
    2084:	00 00       	nop
_delay_us(100);
enviarComando (0x80);	//Setea el cursor en la posicion cero
    2086:	80 e8       	ldi	r24, 0x80	; 128
    2088:	0e 94 59 0f 	call	0x1eb2	; 0x1eb2 <enviarComando>
    208c:	08 95       	ret

0000208e <TWI_ini>:

//????????????? TWI
void TWI_ini(void)
{
	//??????? ???????? ???????? ??????
	TWBR=0x05;//???????? ??? ???????? ???????? ??????: 5
    208e:	85 e0       	ldi	r24, 0x05	; 5
    2090:	80 93 b8 00 	sts	0x00B8, r24	; 0x8000b8 <__TEXT_REGION_LENGTH__+0x7f80b8>
    2094:	08 95       	ret

00002096 <TWI_Start>:
void TWI_Start(void)
{
	//?????????? ?????? TWI: TWEN=1
	//????????? ???? ????????? "Start": TWSTA=1
	//????????? ???? ?????????? TWI: TWINT=1
	TWCR=(1<<TWEN)|(1<<TWSTA)|(1<<TWINT);
    2096:	84 ea       	ldi	r24, 0xA4	; 164
    2098:	80 93 bc 00 	sts	0x00BC, r24	; 0x8000bc <__TEXT_REGION_LENGTH__+0x7f80bc>
	while(~TWCR&(1<<TWINT));//????????? ?????????? ????????
    209c:	80 91 bc 00 	lds	r24, 0x00BC	; 0x8000bc <__TEXT_REGION_LENGTH__+0x7f80bc>
    20a0:	88 23       	and	r24, r24
    20a2:	e4 f7       	brge	.-8      	; 0x209c <TWI_Start+0x6>
}
    20a4:	08 95       	ret

000020a6 <TWI_Sendbyte>:

//???????? ?????
void TWI_Sendbyte(unsigned char byte)
{
	TWDR=byte;//???????? ???? ? ??????? ??????
    20a6:	80 93 bb 00 	sts	0x00BB, r24	; 0x8000bb <__TEXT_REGION_LENGTH__+0x7f80bb>
	//?????????? ?????? TWI
	//????????? ???? ?????????? TWI
	TWCR=(1<<TWEN)|(1<<TWINT);
    20aa:	84 e8       	ldi	r24, 0x84	; 132
    20ac:	80 93 bc 00 	sts	0x00BC, r24	; 0x8000bc <__TEXT_REGION_LENGTH__+0x7f80bc>
	while(~TWCR&(1<<TWINT));//????????? ?????????? ????????
    20b0:	80 91 bc 00 	lds	r24, 0x00BC	; 0x8000bc <__TEXT_REGION_LENGTH__+0x7f80bc>
    20b4:	88 23       	and	r24, r24
    20b6:	e4 f7       	brge	.-8      	; 0x20b0 <TWI_Sendbyte+0xa>
}
    20b8:	08 95       	ret

000020ba <TWI_Receivebytes>:
//????? ??????
void TWI_Receivebytes()
{
   //...............................18 ???..................................
   //????? ??????? ????? ?????? 
   TWCR=(1<<TWINT)|(1<<TWEN)|(1<<TWEA);//?????????? "ACK": TWEA=1
    20ba:	84 ec       	ldi	r24, 0xC4	; 196
    20bc:	80 93 bc 00 	sts	0x00BC, r24	; 0x8000bc <__TEXT_REGION_LENGTH__+0x7f80bc>
   while(~TWCR&(1<<TWINT));//????????? ?????????? ????????
    20c0:	80 91 bc 00 	lds	r24, 0x00BC	; 0x8000bc <__TEXT_REGION_LENGTH__+0x7f80bc>
    20c4:	88 23       	and	r24, r24
    20c6:	e4 f7       	brge	.-8      	; 0x20c0 <TWI_Receivebytes+0x6>
   a1=TWDR;//?????????? ??????? ???? ?? MCP3421 ? ?????????? a1=TWDR;
    20c8:	80 91 bb 00 	lds	r24, 0x00BB	; 0x8000bb <__TEXT_REGION_LENGTH__+0x7f80bb>
    20cc:	90 e0       	ldi	r25, 0x00	; 0
    20ce:	a0 e0       	ldi	r26, 0x00	; 0
    20d0:	b0 e0       	ldi	r27, 0x00	; 0
    20d2:	80 93 a8 03 	sts	0x03A8, r24	; 0x8003a8 <a1>
    20d6:	90 93 a9 03 	sts	0x03A9, r25	; 0x8003a9 <a1+0x1>
    20da:	a0 93 aa 03 	sts	0x03AA, r26	; 0x8003aa <a1+0x2>
    20de:	b0 93 ab 03 	sts	0x03AB, r27	; 0x8003ab <a1+0x3>
   //????? ??????? ????? ??????
   TWCR=(1<<TWINT)|(1<<TWEN)|(1<<TWEA);//?????????? "ACK": TWEA=1
    20e2:	84 ec       	ldi	r24, 0xC4	; 196
    20e4:	80 93 bc 00 	sts	0x00BC, r24	; 0x8000bc <__TEXT_REGION_LENGTH__+0x7f80bc>
   while(~TWCR&(1<<TWINT));//????????? ?????????? ????????
    20e8:	80 91 bc 00 	lds	r24, 0x00BC	; 0x8000bc <__TEXT_REGION_LENGTH__+0x7f80bc>
    20ec:	88 23       	and	r24, r24
    20ee:	e4 f7       	brge	.-8      	; 0x20e8 <TWI_Receivebytes+0x2e>
   a2=TWDR;//?????????? ??????? ???? ?? MCP3421 ? ?????????? a1=TWDR;
    20f0:	80 91 bb 00 	lds	r24, 0x00BB	; 0x8000bb <__TEXT_REGION_LENGTH__+0x7f80bb>
    20f4:	90 e0       	ldi	r25, 0x00	; 0
    20f6:	a0 e0       	ldi	r26, 0x00	; 0
    20f8:	b0 e0       	ldi	r27, 0x00	; 0
    20fa:	80 93 b0 03 	sts	0x03B0, r24	; 0x8003b0 <a2>
    20fe:	90 93 b1 03 	sts	0x03B1, r25	; 0x8003b1 <a2+0x1>
    2102:	a0 93 b2 03 	sts	0x03B2, r26	; 0x8003b2 <a2+0x2>
    2106:	b0 93 b3 03 	sts	0x03B3, r27	; 0x8003b3 <a2+0x3>
   //????? ???????? ????? ??????
   TWCR=(1<<TWINT)|(1<<TWEN);//?????????? "NACK": TWEA ?? ?????????
    210a:	84 e8       	ldi	r24, 0x84	; 132
    210c:	80 93 bc 00 	sts	0x00BC, r24	; 0x8000bc <__TEXT_REGION_LENGTH__+0x7f80bc>
   while(~TWCR&(1<<TWINT));//????????? ?????????? ????????
    2110:	80 91 bc 00 	lds	r24, 0x00BC	; 0x8000bc <__TEXT_REGION_LENGTH__+0x7f80bc>
    2114:	88 23       	and	r24, r24
    2116:	e4 f7       	brge	.-8      	; 0x2110 <TWI_Receivebytes+0x56>
   a3=TWDR;//?????????? ??????? ???? ?? MCP3421 ? ?????????? a2
    2118:	80 91 bb 00 	lds	r24, 0x00BB	; 0x8000bb <__TEXT_REGION_LENGTH__+0x7f80bb>
    211c:	90 e0       	ldi	r25, 0x00	; 0
    211e:	a0 e0       	ldi	r26, 0x00	; 0
    2120:	b0 e0       	ldi	r27, 0x00	; 0
    2122:	80 93 ac 03 	sts	0x03AC, r24	; 0x8003ac <a3>
    2126:	90 93 ad 03 	sts	0x03AD, r25	; 0x8003ad <a3+0x1>
    212a:	a0 93 ae 03 	sts	0x03AE, r26	; 0x8003ae <a3+0x2>
    212e:	b0 93 af 03 	sts	0x03AF, r27	; 0x8003af <a3+0x3>
    2132:	08 95       	ret

00002134 <TWI_Stop>:
void TWI_Stop(void)
{
	//?????????? ?????? TWI: TWEN=1
	//????????? ???? ????????? "Stop": TWSTO=1
	//????????? ???? ?????????? TWI: TWINT=1
	TWCR=(1<<TWEN)|(1<<TWSTO)|(1<<TWINT);
    2134:	84 e9       	ldi	r24, 0x94	; 148
    2136:	80 93 bc 00 	sts	0x00BC, r24	; 0x8000bc <__TEXT_REGION_LENGTH__+0x7f80bc>
    213a:	08 95       	ret

0000213c <MCP3421_config>:
}

//????????? MCP3421
void MCP3421_config(void)
{
	TWI_Start();
    213c:	0e 94 4b 10 	call	0x2096	; 0x2096 <TWI_Start>
	TWI_Sendbyte(0b11010000);//?????????? ????? MCP3421: 1101000 + 0 ??????
    2140:	80 ed       	ldi	r24, 0xD0	; 208
    2142:	0e 94 53 10 	call	0x20a6	; 0x20a6 <TWI_Sendbyte>
	TWI_Sendbyte(0b00011100);//?????????? ??????. ????: 00011100
    2146:	8c e1       	ldi	r24, 0x1C	; 28
    2148:	0e 94 53 10 	call	0x20a6	; 0x20a6 <TWI_Sendbyte>
	TWI_Stop();
    214c:	0e 94 9a 10 	call	0x2134	; 0x2134 <TWI_Stop>
    2150:	08 95       	ret

00002152 <MCP3421_read>:
}

//????????? ?????? ?? MCP3421

int MCP3421_read(void)
{
    2152:	cf 93       	push	r28
    2154:	df 93       	push	r29
	TWI_ini(); //INCIALIZA EL TWI (TIENE UNA CONFIGURACIÓN ESPECIAL, NO HAY QUE TOCAR)
    2156:	0e 94 47 10 	call	0x208e	; 0x208e <TWI_ini>
	MCP3421_config(); //configura el sensor MCP3421
    215a:	0e 94 9e 10 	call	0x213c	; 0x213c <MCP3421_config>
	TWI_Start();
    215e:	0e 94 4b 10 	call	0x2096	; 0x2096 <TWI_Start>
	TWI_Sendbyte(0b11010001);//?????????? ????? MCP3421: 1101000 + 1 ??????
    2162:	81 ed       	ldi	r24, 0xD1	; 209
    2164:	0e 94 53 10 	call	0x20a6	; 0x20a6 <TWI_Sendbyte>
    TWI_Receivebytes();//??????? ????? ? ??????????? ?????????
    2168:	0e 94 5d 10 	call	0x20ba	; 0x20ba <TWI_Receivebytes>
	int Resultado = (((int)a1 << 10) | ((int)a2 << 2) | ((int)a3 >> 6))-2;
    216c:	20 91 a8 03 	lds	r18, 0x03A8	; 0x8003a8 <a1>
    2170:	80 e0       	ldi	r24, 0x00	; 0
    2172:	90 e0       	ldi	r25, 0x00	; 0
    2174:	92 2f       	mov	r25, r18
    2176:	99 0f       	add	r25, r25
    2178:	99 0f       	add	r25, r25
    217a:	c0 91 b0 03 	lds	r28, 0x03B0	; 0x8003b0 <a2>
    217e:	d0 91 b1 03 	lds	r29, 0x03B1	; 0x8003b1 <a2+0x1>
    2182:	cc 0f       	add	r28, r28
    2184:	dd 1f       	adc	r29, r29
    2186:	cc 0f       	add	r28, r28
    2188:	dd 1f       	adc	r29, r29
    218a:	c8 2b       	or	r28, r24
    218c:	d9 2b       	or	r29, r25
    218e:	80 91 ac 03 	lds	r24, 0x03AC	; 0x8003ac <a3>
    2192:	90 91 ad 03 	lds	r25, 0x03AD	; 0x8003ad <a3+0x1>
    2196:	08 2e       	mov	r0, r24
    2198:	89 2f       	mov	r24, r25
    219a:	00 0c       	add	r0, r0
    219c:	88 1f       	adc	r24, r24
    219e:	99 0b       	sbc	r25, r25
    21a0:	00 0c       	add	r0, r0
    21a2:	88 1f       	adc	r24, r24
    21a4:	99 1f       	adc	r25, r25
    21a6:	c8 2b       	or	r28, r24
    21a8:	d9 2b       	or	r29, r25
    21aa:	22 97       	sbiw	r28, 0x02	; 2
    TWI_Stop();
    21ac:	0e 94 9a 10 	call	0x2134	; 0x2134 <TWI_Stop>
	return Resultado; 
}
    21b0:	ce 01       	movw	r24, r28
    21b2:	df 91       	pop	r29
    21b4:	cf 91       	pop	r28
    21b6:	08 95       	ret

000021b8 <PesarAgua>:
int PesarAgua(void){
    21b8:	cf 92       	push	r12
    21ba:	df 92       	push	r13
    21bc:	ef 92       	push	r14
    21be:	ff 92       	push	r15
    21c0:	0f 93       	push	r16
    21c2:	1f 93       	push	r17
    21c4:	cf 93       	push	r28
    21c6:	df 93       	push	r29
    21c8:	00 d0       	rcall	.+0      	; 0x21ca <PesarAgua+0x12>
    21ca:	1f 92       	push	r1
    21cc:	cd b7       	in	r28, 0x3d	; 61
    21ce:	de b7       	in	r29, 0x3e	; 62
int valorLeido = MCP3421_read();
    21d0:	0e 94 a9 10 	call	0x2152	; 0x2152 <MCP3421_read>
    21d4:	7c 01       	movw	r14, r24
char Buffer[3];
EPROM_Read_String(TamagnoBidon,Buffer,2);
    21d6:	42 e0       	ldi	r20, 0x02	; 2
    21d8:	50 e0       	ldi	r21, 0x00	; 0
    21da:	be 01       	movw	r22, r28
    21dc:	6f 5f       	subi	r22, 0xFF	; 255
    21de:	7f 4f       	sbci	r23, 0xFF	; 255
    21e0:	80 ea       	ldi	r24, 0xA0	; 160
    21e2:	90 e0       	ldi	r25, 0x00	; 0
    21e4:	0e 94 c5 0e 	call	0x1d8a	; 0x1d8a <EPROM_Read_String>
int Tbidon=(atoi(Buffer)*10); // Recuperamos el tamaño del bidón en  Decalitros de la memoria Eeprom
    21e8:	ce 01       	movw	r24, r28
    21ea:	01 96       	adiw	r24, 0x01	; 1
    21ec:	0e 94 2b 21 	call	0x4256	; 0x4256 <atoi>
    21f0:	bc 01       	movw	r22, r24
    21f2:	66 0f       	add	r22, r22
    21f4:	77 1f       	adc	r23, r23
    21f6:	88 0f       	add	r24, r24
    21f8:	99 1f       	adc	r25, r25
    21fa:	88 0f       	add	r24, r24
    21fc:	99 1f       	adc	r25, r25
    21fe:	88 0f       	add	r24, r24
    2200:	99 1f       	adc	r25, r25
    2202:	8b 01       	movw	r16, r22
    2204:	08 0f       	add	r16, r24
    2206:	19 1f       	adc	r17, r25
int Peso = ((((float)valorLeido + 2)*1000) / 2047 )* Tbidon; //esto da en cm3 o ml, (Tbidon = 10 l o 20 l).
    2208:	b7 01       	movw	r22, r14
    220a:	ff 0c       	add	r15, r15
    220c:	88 0b       	sbc	r24, r24
    220e:	99 0b       	sbc	r25, r25
    2210:	0e 94 2c 20 	call	0x4058	; 0x4058 <__floatsisf>
    2214:	20 e0       	ldi	r18, 0x00	; 0
    2216:	30 e0       	ldi	r19, 0x00	; 0
    2218:	40 e0       	ldi	r20, 0x00	; 0
    221a:	50 e4       	ldi	r21, 0x40	; 64
    221c:	0e 94 16 1f 	call	0x3e2c	; 0x3e2c <__addsf3>
    2220:	20 e0       	ldi	r18, 0x00	; 0
    2222:	30 e0       	ldi	r19, 0x00	; 0
    2224:	4a e7       	ldi	r20, 0x7A	; 122
    2226:	54 e4       	ldi	r21, 0x44	; 68
    2228:	0e 94 b8 20 	call	0x4170	; 0x4170 <__mulsf3>
    222c:	20 e0       	ldi	r18, 0x00	; 0
    222e:	30 ee       	ldi	r19, 0xE0	; 224
    2230:	4f ef       	ldi	r20, 0xFF	; 255
    2232:	54 e4       	ldi	r21, 0x44	; 68
    2234:	0e 94 82 1f 	call	0x3f04	; 0x3f04 <__divsf3>
    2238:	6b 01       	movw	r12, r22
    223a:	7c 01       	movw	r14, r24
    223c:	b8 01       	movw	r22, r16
    223e:	11 0f       	add	r17, r17
    2240:	88 0b       	sbc	r24, r24
    2242:	99 0b       	sbc	r25, r25
    2244:	0e 94 2c 20 	call	0x4058	; 0x4058 <__floatsisf>
    2248:	a7 01       	movw	r20, r14
    224a:	96 01       	movw	r18, r12
    224c:	0e 94 b8 20 	call	0x4170	; 0x4170 <__mulsf3>
    2250:	0e 94 f4 1f 	call	0x3fe8	; 0x3fe8 <__fixsfsi>
return Peso;}
    2254:	cb 01       	movw	r24, r22
    2256:	0f 90       	pop	r0
    2258:	0f 90       	pop	r0
    225a:	0f 90       	pop	r0
    225c:	df 91       	pop	r29
    225e:	cf 91       	pop	r28
    2260:	1f 91       	pop	r17
    2262:	0f 91       	pop	r16
    2264:	ff 90       	pop	r15
    2266:	ef 90       	pop	r14
    2268:	df 90       	pop	r13
    226a:	cf 90       	pop	r12
    226c:	08 95       	ret

0000226e <i2c_read>:
	int MedicionTemperatura = atoi(buf);
	char buffer[10]; // Espacio para la cadena de caracteres
	sprintf(buffer, "%d", MedicionTemperatura); // Convierte el entero a una cadena
	uart_send_string(buffer);
	;
};
    226e:	94 ea       	ldi	r25, 0xA4	; 164
    2270:	90 93 bc 00 	sts	0x00BC, r25	; 0x8000bc <__TEXT_REGION_LENGTH__+0x7f80bc>
    2274:	90 91 bc 00 	lds	r25, 0x00BC	; 0x8000bc <__TEXT_REGION_LENGTH__+0x7f80bc>
    2278:	99 23       	and	r25, r25
    227a:	e4 f7       	brge	.-8      	; 0x2274 <i2c_read+0x6>
    227c:	90 91 b9 00 	lds	r25, 0x00B9	; 0x8000b9 <__TEXT_REGION_LENGTH__+0x7f80b9>
    2280:	9b 7f       	andi	r25, 0xFB	; 251
    2282:	98 30       	cpi	r25, 0x08	; 8
    2284:	09 f0       	breq	.+2      	; 0x2288 <i2c_read+0x1a>
    2286:	57 c0       	rjmp	.+174    	; 0x2336 <i2c_read+0xc8>
    2288:	90 e9       	ldi	r25, 0x90	; 144
    228a:	90 93 bb 00 	sts	0x00BB, r25	; 0x8000bb <__TEXT_REGION_LENGTH__+0x7f80bb>
    228e:	94 e8       	ldi	r25, 0x84	; 132
    2290:	90 93 bc 00 	sts	0x00BC, r25	; 0x8000bc <__TEXT_REGION_LENGTH__+0x7f80bc>
    2294:	90 91 bc 00 	lds	r25, 0x00BC	; 0x8000bc <__TEXT_REGION_LENGTH__+0x7f80bc>
    2298:	99 23       	and	r25, r25
    229a:	e4 f7       	brge	.-8      	; 0x2294 <i2c_read+0x26>
    229c:	90 91 b9 00 	lds	r25, 0x00B9	; 0x8000b9 <__TEXT_REGION_LENGTH__+0x7f80b9>
    22a0:	9b 7f       	andi	r25, 0xFB	; 251
    22a2:	98 31       	cpi	r25, 0x18	; 24
    22a4:	09 f0       	breq	.+2      	; 0x22a8 <i2c_read+0x3a>
    22a6:	47 c0       	rjmp	.+142    	; 0x2336 <i2c_read+0xc8>
    22a8:	80 93 bb 00 	sts	0x00BB, r24	; 0x8000bb <__TEXT_REGION_LENGTH__+0x7f80bb>
    22ac:	84 e8       	ldi	r24, 0x84	; 132
    22ae:	80 93 bc 00 	sts	0x00BC, r24	; 0x8000bc <__TEXT_REGION_LENGTH__+0x7f80bc>
    22b2:	80 91 bc 00 	lds	r24, 0x00BC	; 0x8000bc <__TEXT_REGION_LENGTH__+0x7f80bc>
    22b6:	88 23       	and	r24, r24
    22b8:	e4 f7       	brge	.-8      	; 0x22b2 <i2c_read+0x44>
    22ba:	80 91 b9 00 	lds	r24, 0x00B9	; 0x8000b9 <__TEXT_REGION_LENGTH__+0x7f80b9>
    22be:	8b 7f       	andi	r24, 0xFB	; 251
    22c0:	88 32       	cpi	r24, 0x28	; 40
    22c2:	c9 f5       	brne	.+114    	; 0x2336 <i2c_read+0xc8>
    22c4:	84 ea       	ldi	r24, 0xA4	; 164
    22c6:	80 93 bc 00 	sts	0x00BC, r24	; 0x8000bc <__TEXT_REGION_LENGTH__+0x7f80bc>
    22ca:	80 91 bc 00 	lds	r24, 0x00BC	; 0x8000bc <__TEXT_REGION_LENGTH__+0x7f80bc>
    22ce:	88 23       	and	r24, r24
    22d0:	e4 f7       	brge	.-8      	; 0x22ca <i2c_read+0x5c>
    22d2:	80 91 b9 00 	lds	r24, 0x00B9	; 0x8000b9 <__TEXT_REGION_LENGTH__+0x7f80b9>
    22d6:	8b 7f       	andi	r24, 0xFB	; 251
    22d8:	80 31       	cpi	r24, 0x10	; 16
    22da:	69 f5       	brne	.+90     	; 0x2336 <i2c_read+0xc8>
    22dc:	81 e9       	ldi	r24, 0x91	; 145
    22de:	80 93 bb 00 	sts	0x00BB, r24	; 0x8000bb <__TEXT_REGION_LENGTH__+0x7f80bb>
    22e2:	84 e8       	ldi	r24, 0x84	; 132
    22e4:	80 93 bc 00 	sts	0x00BC, r24	; 0x8000bc <__TEXT_REGION_LENGTH__+0x7f80bc>
    22e8:	80 91 bc 00 	lds	r24, 0x00BC	; 0x8000bc <__TEXT_REGION_LENGTH__+0x7f80bc>
    22ec:	88 23       	and	r24, r24
    22ee:	e4 f7       	brge	.-8      	; 0x22e8 <i2c_read+0x7a>
    22f0:	80 91 b9 00 	lds	r24, 0x00B9	; 0x8000b9 <__TEXT_REGION_LENGTH__+0x7f80b9>
    22f4:	8b 7f       	andi	r24, 0xFB	; 251
    22f6:	80 34       	cpi	r24, 0x40	; 64
    22f8:	f1 f4       	brne	.+60     	; 0x2336 <i2c_read+0xc8>
    22fa:	15 c0       	rjmp	.+42     	; 0x2326 <i2c_read+0xb8>
    22fc:	21 15       	cp	r18, r1
    22fe:	31 05       	cpc	r19, r1
    2300:	21 f4       	brne	.+8      	; 0x230a <i2c_read+0x9c>
    2302:	84 e8       	ldi	r24, 0x84	; 132
    2304:	80 93 bc 00 	sts	0x00BC, r24	; 0x8000bc <__TEXT_REGION_LENGTH__+0x7f80bc>
    2308:	03 c0       	rjmp	.+6      	; 0x2310 <i2c_read+0xa2>
    230a:	84 ec       	ldi	r24, 0xC4	; 196
    230c:	80 93 bc 00 	sts	0x00BC, r24	; 0x8000bc <__TEXT_REGION_LENGTH__+0x7f80bc>
    2310:	80 91 bc 00 	lds	r24, 0x00BC	; 0x8000bc <__TEXT_REGION_LENGTH__+0x7f80bc>
    2314:	88 23       	and	r24, r24
    2316:	e4 f7       	brge	.-8      	; 0x2310 <i2c_read+0xa2>
    2318:	80 91 bb 00 	lds	r24, 0x00BB	; 0x8000bb <__TEXT_REGION_LENGTH__+0x7f80bb>
    231c:	fb 01       	movw	r30, r22
    231e:	80 83       	st	Z, r24
    2320:	a9 01       	movw	r20, r18
    2322:	6f 5f       	subi	r22, 0xFF	; 255
    2324:	7f 4f       	sbci	r23, 0xFF	; 255
    2326:	9a 01       	movw	r18, r20
    2328:	21 50       	subi	r18, 0x01	; 1
    232a:	31 09       	sbc	r19, r1
    232c:	45 2b       	or	r20, r21
    232e:	31 f7       	brne	.-52     	; 0x22fc <i2c_read+0x8e>
    2330:	84 e9       	ldi	r24, 0x94	; 148
    2332:	80 93 bc 00 	sts	0x00BC, r24	; 0x8000bc <__TEXT_REGION_LENGTH__+0x7f80bc>
    2336:	08 95       	ret

00002338 <i2c_wwrite>:
    2338:	94 ea       	ldi	r25, 0xA4	; 164
    233a:	90 93 bc 00 	sts	0x00BC, r25	; 0x8000bc <__TEXT_REGION_LENGTH__+0x7f80bc>
    233e:	90 91 bc 00 	lds	r25, 0x00BC	; 0x8000bc <__TEXT_REGION_LENGTH__+0x7f80bc>
    2342:	99 23       	and	r25, r25
    2344:	e4 f7       	brge	.-8      	; 0x233e <i2c_wwrite+0x6>
    2346:	90 91 b9 00 	lds	r25, 0x00B9	; 0x8000b9 <__TEXT_REGION_LENGTH__+0x7f80b9>
    234a:	9b 7f       	andi	r25, 0xFB	; 251
    234c:	98 30       	cpi	r25, 0x08	; 8
    234e:	d1 f5       	brne	.+116    	; 0x23c4 <i2c_wwrite+0x8c>
    2350:	90 e9       	ldi	r25, 0x90	; 144
    2352:	90 93 bb 00 	sts	0x00BB, r25	; 0x8000bb <__TEXT_REGION_LENGTH__+0x7f80bb>
    2356:	94 e8       	ldi	r25, 0x84	; 132
    2358:	90 93 bc 00 	sts	0x00BC, r25	; 0x8000bc <__TEXT_REGION_LENGTH__+0x7f80bc>
    235c:	90 91 bc 00 	lds	r25, 0x00BC	; 0x8000bc <__TEXT_REGION_LENGTH__+0x7f80bc>
    2360:	99 23       	and	r25, r25
    2362:	e4 f7       	brge	.-8      	; 0x235c <i2c_wwrite+0x24>
    2364:	90 91 b9 00 	lds	r25, 0x00B9	; 0x8000b9 <__TEXT_REGION_LENGTH__+0x7f80b9>
    2368:	9b 7f       	andi	r25, 0xFB	; 251
    236a:	98 31       	cpi	r25, 0x18	; 24
    236c:	59 f5       	brne	.+86     	; 0x23c4 <i2c_wwrite+0x8c>
    236e:	80 93 bb 00 	sts	0x00BB, r24	; 0x8000bb <__TEXT_REGION_LENGTH__+0x7f80bb>
    2372:	84 e8       	ldi	r24, 0x84	; 132
    2374:	80 93 bc 00 	sts	0x00BC, r24	; 0x8000bc <__TEXT_REGION_LENGTH__+0x7f80bc>
    2378:	80 91 bc 00 	lds	r24, 0x00BC	; 0x8000bc <__TEXT_REGION_LENGTH__+0x7f80bc>
    237c:	88 23       	and	r24, r24
    237e:	e4 f7       	brge	.-8      	; 0x2378 <i2c_wwrite+0x40>
    2380:	80 91 b9 00 	lds	r24, 0x00B9	; 0x8000b9 <__TEXT_REGION_LENGTH__+0x7f80b9>
    2384:	8b 7f       	andi	r24, 0xFB	; 251
    2386:	88 32       	cpi	r24, 0x28	; 40
    2388:	e9 f4       	brne	.+58     	; 0x23c4 <i2c_wwrite+0x8c>
    238a:	14 c0       	rjmp	.+40     	; 0x23b4 <i2c_wwrite+0x7c>
    238c:	fb 01       	movw	r30, r22
    238e:	31 96       	adiw	r30, 0x01	; 1
    2390:	db 01       	movw	r26, r22
    2392:	8c 91       	ld	r24, X
    2394:	80 93 bb 00 	sts	0x00BB, r24	; 0x8000bb <__TEXT_REGION_LENGTH__+0x7f80bb>
    2398:	84 e8       	ldi	r24, 0x84	; 132
    239a:	80 93 bc 00 	sts	0x00BC, r24	; 0x8000bc <__TEXT_REGION_LENGTH__+0x7f80bc>
    239e:	80 91 bc 00 	lds	r24, 0x00BC	; 0x8000bc <__TEXT_REGION_LENGTH__+0x7f80bc>
    23a2:	88 23       	and	r24, r24
    23a4:	e4 f7       	brge	.-8      	; 0x239e <i2c_wwrite+0x66>
    23a6:	80 91 b9 00 	lds	r24, 0x00B9	; 0x8000b9 <__TEXT_REGION_LENGTH__+0x7f80b9>
    23aa:	a9 01       	movw	r20, r18
    23ac:	8b 7f       	andi	r24, 0xFB	; 251
    23ae:	88 32       	cpi	r24, 0x28	; 40
    23b0:	49 f4       	brne	.+18     	; 0x23c4 <i2c_wwrite+0x8c>
    23b2:	bf 01       	movw	r22, r30
    23b4:	9a 01       	movw	r18, r20
    23b6:	21 50       	subi	r18, 0x01	; 1
    23b8:	31 09       	sbc	r19, r1
    23ba:	45 2b       	or	r20, r21
    23bc:	39 f7       	brne	.-50     	; 0x238c <i2c_wwrite+0x54>
    23be:	84 e9       	ldi	r24, 0x94	; 148
    23c0:	80 93 bc 00 	sts	0x00BC, r24	; 0x8000bc <__TEXT_REGION_LENGTH__+0x7f80bc>
    23c4:	08 95       	ret

000023c6 <mcp_set_adc_resolution>:
    23c6:	1f 93       	push	r17
    23c8:	cf 93       	push	r28
    23ca:	df 93       	push	r29
    23cc:	1f 92       	push	r1
    23ce:	cd b7       	in	r28, 0x3d	; 61
    23d0:	de b7       	in	r29, 0x3e	; 62
    23d2:	18 2f       	mov	r17, r24
    23d4:	41 e0       	ldi	r20, 0x01	; 1
    23d6:	50 e0       	ldi	r21, 0x00	; 0
    23d8:	be 01       	movw	r22, r28
    23da:	6f 5f       	subi	r22, 0xFF	; 255
    23dc:	7f 4f       	sbci	r23, 0xFF	; 255
    23de:	81 e0       	ldi	r24, 0x01	; 1
    23e0:	0e 94 37 11 	call	0x226e	; 0x226e <i2c_read>
    23e4:	89 81       	ldd	r24, Y+1	; 0x01
    23e6:	28 2f       	mov	r18, r24
    23e8:	2f 79       	andi	r18, 0x9F	; 159
    23ea:	30 e2       	ldi	r19, 0x20	; 32
    23ec:	13 9f       	mul	r17, r19
    23ee:	c0 01       	movw	r24, r0
    23f0:	11 24       	eor	r1, r1
    23f2:	82 2b       	or	r24, r18
    23f4:	89 83       	std	Y+1, r24	; 0x01
    23f6:	41 e0       	ldi	r20, 0x01	; 1
    23f8:	50 e0       	ldi	r21, 0x00	; 0
    23fa:	be 01       	movw	r22, r28
    23fc:	6f 5f       	subi	r22, 0xFF	; 255
    23fe:	7f 4f       	sbci	r23, 0xFF	; 255
    2400:	81 e0       	ldi	r24, 0x01	; 1
    2402:	0e 94 9c 11 	call	0x2338	; 0x2338 <i2c_wwrite>
    2406:	0f 90       	pop	r0
    2408:	df 91       	pop	r29
    240a:	cf 91       	pop	r28
    240c:	1f 91       	pop	r17
    240e:	08 95       	ret

00002410 <mcp_set_power_mode>:
    2410:	1f 93       	push	r17
    2412:	cf 93       	push	r28
    2414:	df 93       	push	r29
    2416:	1f 92       	push	r1
    2418:	cd b7       	in	r28, 0x3d	; 61
    241a:	de b7       	in	r29, 0x3e	; 62
    241c:	18 2f       	mov	r17, r24
    241e:	41 e0       	ldi	r20, 0x01	; 1
    2420:	50 e0       	ldi	r21, 0x00	; 0
    2422:	be 01       	movw	r22, r28
    2424:	6f 5f       	subi	r22, 0xFF	; 255
    2426:	7f 4f       	sbci	r23, 0xFF	; 255
    2428:	81 e0       	ldi	r24, 0x01	; 1
    242a:	0e 94 37 11 	call	0x226e	; 0x226e <i2c_read>
    242e:	89 81       	ldd	r24, Y+1	; 0x01
    2430:	8e 7f       	andi	r24, 0xFE	; 254
    2432:	18 2b       	or	r17, r24
    2434:	19 83       	std	Y+1, r17	; 0x01
    2436:	41 e0       	ldi	r20, 0x01	; 1
    2438:	50 e0       	ldi	r21, 0x00	; 0
    243a:	be 01       	movw	r22, r28
    243c:	6f 5f       	subi	r22, 0xFF	; 255
    243e:	7f 4f       	sbci	r23, 0xFF	; 255
    2440:	81 e0       	ldi	r24, 0x01	; 1
    2442:	0e 94 9c 11 	call	0x2338	; 0x2338 <i2c_wwrite>
    2446:	0f 90       	pop	r0
    2448:	df 91       	pop	r29
    244a:	cf 91       	pop	r28
    244c:	1f 91       	pop	r17
    244e:	08 95       	ret

00002450 <mcp_read_temp_float>:
    2450:	ef 92       	push	r14
    2452:	ff 92       	push	r15
    2454:	1f 93       	push	r17
    2456:	cf 93       	push	r28
    2458:	df 93       	push	r29
    245a:	00 d0       	rcall	.+0      	; 0x245c <mcp_read_temp_float+0xc>
    245c:	cd b7       	in	r28, 0x3d	; 61
    245e:	de b7       	in	r29, 0x3e	; 62
    2460:	42 e0       	ldi	r20, 0x02	; 2
    2462:	50 e0       	ldi	r21, 0x00	; 0
    2464:	be 01       	movw	r22, r28
    2466:	6f 5f       	subi	r22, 0xFF	; 255
    2468:	7f 4f       	sbci	r23, 0xFF	; 255
    246a:	80 e0       	ldi	r24, 0x00	; 0
    246c:	0e 94 37 11 	call	0x226e	; 0x226e <i2c_read>
    2470:	e9 80       	ldd	r14, Y+1	; 0x01
    2472:	fa 80       	ldd	r15, Y+2	; 0x02
    2474:	b7 01       	movw	r22, r14
    2476:	77 27       	eor	r23, r23
    2478:	80 e0       	ldi	r24, 0x00	; 0
    247a:	90 e0       	ldi	r25, 0x00	; 0
    247c:	0e 94 2a 20 	call	0x4054	; 0x4054 <__floatunsisf>
    2480:	1f 2d       	mov	r17, r15
    2482:	f7 fe       	sbrs	r15, 7
    2484:	06 c0       	rjmp	.+12     	; 0x2492 <mcp_read_temp_float+0x42>
    2486:	20 e0       	ldi	r18, 0x00	; 0
    2488:	30 e0       	ldi	r19, 0x00	; 0
    248a:	40 e0       	ldi	r20, 0x00	; 0
    248c:	5f e3       	ldi	r21, 0x3F	; 63
    248e:	0e 94 16 1f 	call	0x3e2c	; 0x3e2c <__addsf3>
    2492:	16 ff       	sbrs	r17, 6
    2494:	06 c0       	rjmp	.+12     	; 0x24a2 <mcp_read_temp_float+0x52>
    2496:	20 e0       	ldi	r18, 0x00	; 0
    2498:	30 e0       	ldi	r19, 0x00	; 0
    249a:	40 e8       	ldi	r20, 0x80	; 128
    249c:	5e e3       	ldi	r21, 0x3E	; 62
    249e:	0e 94 16 1f 	call	0x3e2c	; 0x3e2c <__addsf3>
    24a2:	15 ff       	sbrs	r17, 5
    24a4:	06 c0       	rjmp	.+12     	; 0x24b2 <mcp_read_temp_float+0x62>
    24a6:	20 e0       	ldi	r18, 0x00	; 0
    24a8:	30 e0       	ldi	r19, 0x00	; 0
    24aa:	40 e0       	ldi	r20, 0x00	; 0
    24ac:	5e e3       	ldi	r21, 0x3E	; 62
    24ae:	0e 94 16 1f 	call	0x3e2c	; 0x3e2c <__addsf3>
    24b2:	14 ff       	sbrs	r17, 4
    24b4:	06 c0       	rjmp	.+12     	; 0x24c2 <mcp_read_temp_float+0x72>
    24b6:	20 e0       	ldi	r18, 0x00	; 0
    24b8:	30 e0       	ldi	r19, 0x00	; 0
    24ba:	40 e8       	ldi	r20, 0x80	; 128
    24bc:	5d e3       	ldi	r21, 0x3D	; 61
    24be:	0e 94 16 1f 	call	0x3e2c	; 0x3e2c <__addsf3>
    24c2:	0f 90       	pop	r0
    24c4:	0f 90       	pop	r0
    24c6:	df 91       	pop	r29
    24c8:	cf 91       	pop	r28
    24ca:	1f 91       	pop	r17
    24cc:	ff 90       	pop	r15
    24ce:	ef 90       	pop	r14
    24d0:	08 95       	ret

000024d2 <LeerTemperatura>:
int LeerTemperatura(void){
    24d2:	8f 92       	push	r8
    24d4:	9f 92       	push	r9
    24d6:	af 92       	push	r10
    24d8:	bf 92       	push	r11
    24da:	cf 92       	push	r12
    24dc:	df 92       	push	r13
    24de:	ef 92       	push	r14
    24e0:	ff 92       	push	r15
    24e2:	0f 93       	push	r16
    24e4:	1f 93       	push	r17
    24e6:	cf 93       	push	r28
    24e8:	df 93       	push	r29
    24ea:	cd b7       	in	r28, 0x3d	; 61
    24ec:	de b7       	in	r29, 0x3e	; 62
    24ee:	aa 97       	sbiw	r28, 0x2a	; 42
    24f0:	0f b6       	in	r0, 0x3f	; 63
    24f2:	f8 94       	cli
    24f4:	de bf       	out	0x3e, r29	; 62
    24f6:	0f be       	out	0x3f, r0	; 63
    24f8:	cd bf       	out	0x3d, r28	; 61
	int i=1;
char buf[32];
uart_init();
    24fa:	0e 94 bf 13 	call	0x277e	; 0x277e <uart_init>
	#else
		//round up by default
		__ticks_dc = (uint32_t)(ceil(fabs(__tmp)));
	#endif

	__builtin_avr_delay_cycles(__ticks_dc);
    24fe:	85 ea       	ldi	r24, 0xA5	; 165
    2500:	9e e0       	ldi	r25, 0x0E	; 14
    2502:	01 97       	sbiw	r24, 0x01	; 1
    2504:	f1 f7       	brne	.-4      	; 0x2502 <LeerTemperatura+0x30>
    2506:	00 c0       	rjmp	.+0      	; 0x2508 <LeerTemperatura+0x36>
    2508:	00 00       	nop
//init MCP9800 sensor
mcp_init();
_delay_ms(15);
mcp_set_adc_resolution(MCP_ADC_RES_12);
    250a:	83 e0       	ldi	r24, 0x03	; 3
    250c:	0e 94 e3 11 	call	0x23c6	; 0x23c6 <mcp_set_adc_resolution>
    2510:	85 ea       	ldi	r24, 0xA5	; 165
    2512:	9e e0       	ldi	r25, 0x0E	; 14
    2514:	01 97       	sbiw	r24, 0x01	; 1
    2516:	f1 f7       	brne	.-4      	; 0x2514 <LeerTemperatura+0x42>
    2518:	00 c0       	rjmp	.+0      	; 0x251a <LeerTemperatura+0x48>
    251a:	00 00       	nop
_delay_ms(15);
mcp_set_power_mode(MCP_POWER_UP);
    251c:	80 e0       	ldi	r24, 0x00	; 0
    251e:	0e 94 08 12 	call	0x2410	; 0x2410 <mcp_set_power_mode>
    2522:	85 ea       	ldi	r24, 0xA5	; 165
    2524:	9e e0       	ldi	r25, 0x0E	; 14
    2526:	01 97       	sbiw	r24, 0x01	; 1
    2528:	f1 f7       	brne	.-4      	; 0x2526 <LeerTemperatura+0x54>
    252a:	00 c0       	rjmp	.+0      	; 0x252c <LeerTemperatura+0x5a>
    252c:	00 00       	nop
_delay_ms(15);
for (i=1; i<=250; i++)
    252e:	01 e0       	ldi	r16, 0x01	; 1
    2530:	10 e0       	ldi	r17, 0x00	; 0
    2532:	3c c0       	rjmp	.+120    	; 0x25ac <LeerTemperatura+0xda>
{
	float temp = mcp_read_temp_float();
    2534:	0e 94 28 12 	call	0x2450	; 0x2450 <mcp_read_temp_float>
    2538:	4b 01       	movw	r8, r22
    253a:	5c 01       	movw	r10, r24
	int temp_whole = (int)temp; // Extract whole number part
    253c:	0e 94 f4 1f 	call	0x3fe8	; 0x3fe8 <__fixsfsi>
    2540:	6b 01       	movw	r12, r22
    2542:	7c 01       	movw	r14, r24
	int temp_frac = (int)((temp - temp_whole) * 10000); // Extract fractional part with desired precision
    2544:	07 2e       	mov	r0, r23
    2546:	00 0c       	add	r0, r0
    2548:	88 0b       	sbc	r24, r24
    254a:	99 0b       	sbc	r25, r25
    254c:	0e 94 2c 20 	call	0x4058	; 0x4058 <__floatsisf>
    2550:	9b 01       	movw	r18, r22
    2552:	ac 01       	movw	r20, r24
    2554:	c5 01       	movw	r24, r10
    2556:	b4 01       	movw	r22, r8
    2558:	0e 94 15 1f 	call	0x3e2a	; 0x3e2a <__subsf3>
    255c:	20 e0       	ldi	r18, 0x00	; 0
    255e:	30 e4       	ldi	r19, 0x40	; 64
    2560:	4c e1       	ldi	r20, 0x1C	; 28
    2562:	56 e4       	ldi	r21, 0x46	; 70
    2564:	0e 94 b8 20 	call	0x4170	; 0x4170 <__mulsf3>
    2568:	0e 94 f4 1f 	call	0x3fe8	; 0x3fe8 <__fixsfsi>
    256c:	9b 01       	movw	r18, r22
	if(temp_frac < 0) temp_frac = -temp_frac; // Ensure the fractional part is positive
    256e:	77 23       	and	r23, r23
    2570:	24 f4       	brge	.+8      	; 0x257a <LeerTemperatura+0xa8>
    2572:	22 27       	eor	r18, r18
    2574:	33 27       	eor	r19, r19
    2576:	26 1b       	sub	r18, r22
    2578:	37 0b       	sbc	r19, r23
	// Now print both parts separately
	sprintf(buf, "%d.%04d", temp_whole, temp_frac);
    257a:	3f 93       	push	r19
    257c:	2f 93       	push	r18
    257e:	df 92       	push	r13
    2580:	cf 92       	push	r12
    2582:	8e e1       	ldi	r24, 0x1E	; 30
    2584:	91 e0       	ldi	r25, 0x01	; 1
    2586:	9f 93       	push	r25
    2588:	8f 93       	push	r24
    258a:	ce 01       	movw	r24, r28
    258c:	01 96       	adiw	r24, 0x01	; 1
    258e:	9f 93       	push	r25
    2590:	8f 93       	push	r24
    2592:	0e 94 51 21 	call	0x42a2	; 0x42a2 <sprintf>
	// Send the temperature string over UART
	uart_send_string("");
    2596:	85 e3       	ldi	r24, 0x35	; 53
    2598:	91 e0       	ldi	r25, 0x01	; 1
    259a:	0e 94 d2 13 	call	0x27a4	; 0x27a4 <uart_send_string>
_delay_ms(15);
mcp_set_adc_resolution(MCP_ADC_RES_12);
_delay_ms(15);
mcp_set_power_mode(MCP_POWER_UP);
_delay_ms(15);
for (i=1; i<=250; i++)
    259e:	0f 5f       	subi	r16, 0xFF	; 255
    25a0:	1f 4f       	sbci	r17, 0xFF	; 255
    25a2:	0f b6       	in	r0, 0x3f	; 63
    25a4:	f8 94       	cli
    25a6:	de bf       	out	0x3e, r29	; 62
    25a8:	0f be       	out	0x3f, r0	; 63
    25aa:	cd bf       	out	0x3d, r28	; 61
    25ac:	0b 3f       	cpi	r16, 0xFB	; 251
    25ae:	11 05       	cpc	r17, r1
    25b0:	0c f2       	brlt	.-126    	; 0x2534 <LeerTemperatura+0x62>
	// Now print both parts separately
	sprintf(buf, "%d.%04d", temp_whole, temp_frac);
	// Send the temperature string over UART
	uart_send_string("");
}
uart_send_string("");
    25b2:	85 e3       	ldi	r24, 0x35	; 53
    25b4:	91 e0       	ldi	r25, 0x01	; 1
    25b6:	0e 94 d2 13 	call	0x27a4	; 0x27a4 <uart_send_string>
int MedicionTemperatura = atoi(buf);
    25ba:	ce 01       	movw	r24, r28
    25bc:	01 96       	adiw	r24, 0x01	; 1
    25be:	0e 94 2b 21 	call	0x4256	; 0x4256 <atoi>
char buffer[10]; // Espacio para la cadena de caracteres
sprintf(buffer, "%d", MedicionTemperatura); // Convierte el entero a una cadena
    25c2:	9f 93       	push	r25
    25c4:	8f 93       	push	r24
    25c6:	86 e3       	ldi	r24, 0x36	; 54
    25c8:	91 e0       	ldi	r25, 0x01	; 1
    25ca:	9f 93       	push	r25
    25cc:	8f 93       	push	r24
    25ce:	8e 01       	movw	r16, r28
    25d0:	0f 5d       	subi	r16, 0xDF	; 223
    25d2:	1f 4f       	sbci	r17, 0xFF	; 255
    25d4:	1f 93       	push	r17
    25d6:	0f 93       	push	r16
    25d8:	0e 94 51 21 	call	0x42a2	; 0x42a2 <sprintf>
MedicionTemperatura = atoi(buffer);
    25dc:	c8 01       	movw	r24, r16
    25de:	0e 94 2b 21 	call	0x4256	; 0x4256 <atoi>
    25e2:	8c 01       	movw	r16, r24
i2c_stop();
    25e4:	0e 94 0a 0f 	call	0x1e14	; 0x1e14 <i2c_stop>
    return MedicionTemperatura;}
    25e8:	0f 90       	pop	r0
    25ea:	0f 90       	pop	r0
    25ec:	0f 90       	pop	r0
    25ee:	0f 90       	pop	r0
    25f0:	0f 90       	pop	r0
    25f2:	0f 90       	pop	r0
    25f4:	c8 01       	movw	r24, r16
    25f6:	aa 96       	adiw	r28, 0x2a	; 42
    25f8:	0f b6       	in	r0, 0x3f	; 63
    25fa:	f8 94       	cli
    25fc:	de bf       	out	0x3e, r29	; 62
    25fe:	0f be       	out	0x3f, r0	; 63
    2600:	cd bf       	out	0x3d, r28	; 61
    2602:	df 91       	pop	r29
    2604:	cf 91       	pop	r28
    2606:	1f 91       	pop	r17
    2608:	0f 91       	pop	r16
    260a:	ff 90       	pop	r15
    260c:	ef 90       	pop	r14
    260e:	df 90       	pop	r13
    2610:	cf 90       	pop	r12
    2612:	bf 90       	pop	r11
    2614:	af 90       	pop	r10
    2616:	9f 90       	pop	r9
    2618:	8f 90       	pop	r8
    261a:	08 95       	ret

0000261c <EscribirPcf8575>:
	i2c_stop();
	sei();
}
//Las siguientes son funciones propias de mis proyecto, pero siguen la estructura de mandarle un dato predeterminado a la anterior
void PrenderTodo() {
	EscribirPcf8575(TODO);}
    261c:	cf 93       	push	r28
    261e:	df 93       	push	r29
    2620:	d8 2f       	mov	r29, r24
    2622:	c9 2f       	mov	r28, r25
    2624:	f8 94       	cli
    2626:	0e 94 f8 0e 	call	0x1df0	; 0x1df0 <i2c_start>
    262a:	8e e4       	ldi	r24, 0x4E	; 78
    262c:	0e 94 00 0f 	call	0x1e00	; 0x1e00 <i2c_write>
    2630:	8d 2f       	mov	r24, r29
    2632:	0e 94 00 0f 	call	0x1e00	; 0x1e00 <i2c_write>
    2636:	8c 2f       	mov	r24, r28
    2638:	0e 94 00 0f 	call	0x1e00	; 0x1e00 <i2c_write>
    263c:	0e 94 0a 0f 	call	0x1e14	; 0x1e14 <i2c_stop>
    2640:	78 94       	sei
    2642:	df 91       	pop	r29
    2644:	cf 91       	pop	r28
    2646:	08 95       	ret

00002648 <ApagarTodo>:
void ApagarTodo() {
    2648:	80 e0       	ldi	r24, 0x00	; 0
    264a:	90 e0       	ldi	r25, 0x00	; 0
    264c:	0e 94 0e 13 	call	0x261c	; 0x261c <EscribirPcf8575>
    2650:	08 95       	ret

00002652 <ConfigurarPinesSensores>:
	uint8_t BotonSeleccionar = 0; // Estado del sensor de la taza (0 o 1)
	uint8_t BotonAceptar = 0; // Estado del sensor de la puerta (0 o 1)
	char Buffer[2];
void ConfigurarPinesSensores() {
	// ConfiGURAMOS CIERTOS PINES DEL PUERTO D COMO ENTRADAS DIGITALES
	DDRD &= ~(1 << PD3); // PD3 
    2652:	8a b1       	in	r24, 0x0a	; 10
    2654:	87 7f       	andi	r24, 0xF7	; 247
    2656:	8a b9       	out	0x0a, r24	; 10
	DDRD &= ~(1 << PD4); // PD4
    2658:	8a b1       	in	r24, 0x0a	; 10
    265a:	8f 7e       	andi	r24, 0xEF	; 239
    265c:	8a b9       	out	0x0a, r24	; 10
	
	// Activamos las resistencias de pull-up internas
	// esto quiere decir que los sensores actuan por nivel bajo
	PORTD |= (1 << PD3); // PD3
    265e:	8b b1       	in	r24, 0x0b	; 11
    2660:	88 60       	ori	r24, 0x08	; 8
    2662:	8b b9       	out	0x0b, r24	; 11
	PORTD |= (1 << PD4); // PD4
    2664:	8b b1       	in	r24, 0x0b	; 11
    2666:	80 61       	ori	r24, 0x10	; 16
    2668:	8b b9       	out	0x0b, r24	; 11
    266a:	08 95       	ret

0000266c <LeerSensorPuerta>:

}

int LeerSensorPuerta(void){   //NOTA: SE DA POR ENTENDIDO QUE SESNSOR PUERTA ESTÁ EN EL PIN PD3
						   //      Y SENSOR TAZA EN PD4
  SensorPuerta = !((PIND & (1 << PD4)) ? 1 : 0); // Obtiene el nivel  lógico del sensor de la puerta
    266c:	89 b1       	in	r24, 0x09	; 9
    266e:	82 95       	swap	r24
    2670:	8f 70       	andi	r24, 0x0F	; 15
    2672:	91 e0       	ldi	r25, 0x01	; 1
    2674:	89 27       	eor	r24, r25
    2676:	81 70       	andi	r24, 0x01	; 1
    2678:	80 93 8e 03 	sts	0x038E, r24	; 0x80038e <SensorPuerta>
  return SensorPuerta;
}
    267c:	90 e0       	ldi	r25, 0x00	; 0
    267e:	08 95       	ret

00002680 <LeerSensorTaza>:

int LeerSensorTaza(void){   //NOTA: SE DA POR ENTENDIDO QUE SESNSOR PUERTA ESTÁ EN EL PIN PD3
	//      Y SENSOR TAZA EN PD4
	SensorTaza = !((PIND & (1 << PD3)) ? 1 : 0); // Obtiene el nivel lógico de SensorTaza
    2680:	89 b1       	in	r24, 0x09	; 9
    2682:	86 95       	lsr	r24
    2684:	86 95       	lsr	r24
    2686:	86 95       	lsr	r24
    2688:	91 e0       	ldi	r25, 0x01	; 1
    268a:	89 27       	eor	r24, r25
    268c:	81 70       	andi	r24, 0x01	; 1
    268e:	80 93 8f 03 	sts	0x038F, r24	; 0x80038f <SensorTaza>
	return SensorTaza;
}
    2692:	90 e0       	ldi	r25, 0x00	; 0
    2694:	08 95       	ret

00002696 <ConfigurarBotones>:
void ConfigurarBotones(void){
	DDRD &= ~(1 << PPD5); // PD5 como entrada
    2696:	8a b1       	in	r24, 0x0a	; 10
    2698:	8f 7d       	andi	r24, 0xDF	; 223
    269a:	8a b9       	out	0x0a, r24	; 10
	DDRD &= ~(1 << PPD6); // PD6 como entrada
    269c:	8a b1       	in	r24, 0x0a	; 10
    269e:	8f 7b       	andi	r24, 0xBF	; 191
    26a0:	8a b9       	out	0x0a, r24	; 10
	PORTD |= (1 << PPD5); // Resistencia de pull up
    26a2:	8b b1       	in	r24, 0x0b	; 11
    26a4:	80 62       	ori	r24, 0x20	; 32
    26a6:	8b b9       	out	0x0b, r24	; 11
	PORTD |= (1 << PPD6); // Resistencia de pull up
    26a8:	8b b1       	in	r24, 0x0b	; 11
    26aa:	80 64       	ori	r24, 0x40	; 64
    26ac:	8b b9       	out	0x0b, r24	; 11
    26ae:	08 95       	ret

000026b0 <LeerBotonSeleccionar>:
}
int LeerBotonSeleccionar(void){   //NOTA: SE DA POR ENTENDIDO QUE SESNSOR PUERTA ESTÁ EN EL PIN PD3
	//      Y SENSOR TAZA EN PD4
	BotonSeleccionar = !((PIND & (1 << PPD5)) ? 1 : 0); // Obtiene el nivel  lógico del sensor de la puerta
    26b0:	89 b1       	in	r24, 0x09	; 9
    26b2:	82 95       	swap	r24
    26b4:	86 95       	lsr	r24
    26b6:	87 70       	andi	r24, 0x07	; 7
    26b8:	91 e0       	ldi	r25, 0x01	; 1
    26ba:	89 27       	eor	r24, r25
    26bc:	81 70       	andi	r24, 0x01	; 1
    26be:	80 93 8d 03 	sts	0x038D, r24	; 0x80038d <BotonSeleccionar>
	return BotonSeleccionar;
}
    26c2:	90 e0       	ldi	r25, 0x00	; 0
    26c4:	08 95       	ret

000026c6 <LeerBotonAceptar>:

int LeerBotonAceptar(void){   //NOTA: SE DA POR ENTENDIDO QUE SESNSOR PUERTA ESTÁ EN EL PIN PD3
	//      Y SENSOR TAZA EN PD4
	BotonAceptar = !((PIND & (1 << PPD6)) ? 1 : 0); // Obtiene el nivel lógico de SensorTaza
    26c6:	89 b1       	in	r24, 0x09	; 9
    26c8:	82 95       	swap	r24
    26ca:	86 95       	lsr	r24
    26cc:	86 95       	lsr	r24
    26ce:	83 70       	andi	r24, 0x03	; 3
    26d0:	91 e0       	ldi	r25, 0x01	; 1
    26d2:	89 27       	eor	r24, r25
    26d4:	81 70       	andi	r24, 0x01	; 1
    26d6:	80 93 8c 03 	sts	0x038C, r24	; 0x80038c <BotonAceptar>
	return BotonAceptar;
}	
    26da:	90 e0       	ldi	r25, 0x00	; 0
    26dc:	08 95       	ret

000026de <PWM_init>:


// Inicializa el PWM y el Timer 2
void PWM_init(void) {
	// Configura el puerto B como salida
	DDRB |= (1 << PB3); // PB3 es OC2A en ATmega328P
    26de:	84 b1       	in	r24, 0x04	; 4
    26e0:	88 60       	ori	r24, 0x08	; 8
    26e2:	84 b9       	out	0x04, r24	; 4

	// Configura el Timer 2 en modo Fast PWM
	TCCR2A |= (1 << WGM21) | (1 << WGM20);
    26e4:	e0 eb       	ldi	r30, 0xB0	; 176
    26e6:	f0 e0       	ldi	r31, 0x00	; 0
    26e8:	80 81       	ld	r24, Z
    26ea:	83 60       	ori	r24, 0x03	; 3
    26ec:	80 83       	st	Z, r24
	TCCR2B |= (1 << CS21); // Prescaler: divide el reloj por 8
    26ee:	a1 eb       	ldi	r26, 0xB1	; 177
    26f0:	b0 e0       	ldi	r27, 0x00	; 0
    26f2:	8c 91       	ld	r24, X
    26f4:	82 60       	ori	r24, 0x02	; 2
    26f6:	8c 93       	st	X, r24

	// Configura el modo no invertido
	TCCR2A |= (1 << COM2A1);
    26f8:	80 81       	ld	r24, Z
    26fa:	80 68       	ori	r24, 0x80	; 128
    26fc:	80 83       	st	Z, r24
    26fe:	08 95       	ret

00002700 <PWM_update>:
}

// Función para actualizar el valor de PWM basado en la diferencia de entrada e
void PWM_update(int Error,int Kp) {
	// Calcula el valor de PWM basado en k * e
	int pwm_value = Kp * Error;
    2700:	9c 01       	movw	r18, r24
    2702:	62 9f       	mul	r22, r18
    2704:	c0 01       	movw	r24, r0
    2706:	63 9f       	mul	r22, r19
    2708:	90 0d       	add	r25, r0
    270a:	72 9f       	mul	r23, r18
    270c:	90 0d       	add	r25, r0
    270e:	11 24       	eor	r1, r1

	// Limita el valor de PWM al rango de 0 a 255
	if (pwm_value > 255) {
    2710:	8f 3f       	cpi	r24, 0xFF	; 255
    2712:	91 05       	cpc	r25, r1
    2714:	09 f0       	breq	.+2      	; 0x2718 <PWM_update+0x18>
    2716:	1c f4       	brge	.+6      	; 0x271e <PWM_update+0x1e>
		pwm_value = 255;
		} else if (pwm_value < 0) {
    2718:	99 23       	and	r25, r25
    271a:	34 f4       	brge	.+12     	; 0x2728 <PWM_update+0x28>
    271c:	03 c0       	rjmp	.+6      	; 0x2724 <PWM_update+0x24>
	// Calcula el valor de PWM basado en k * e
	int pwm_value = Kp * Error;

	// Limita el valor de PWM al rango de 0 a 255
	if (pwm_value > 255) {
		pwm_value = 255;
    271e:	8f ef       	ldi	r24, 0xFF	; 255
    2720:	90 e0       	ldi	r25, 0x00	; 0
    2722:	02 c0       	rjmp	.+4      	; 0x2728 <PWM_update+0x28>
		} else if (pwm_value < 0) {
		pwm_value = 0;
    2724:	80 e0       	ldi	r24, 0x00	; 0
    2726:	90 e0       	ldi	r25, 0x00	; 0
	}

	// Actualiza el valor de PWM
	OCR2A = pwm_value;
    2728:	80 93 b3 00 	sts	0x00B3, r24	; 0x8000b3 <__TEXT_REGION_LENGTH__+0x7f80b3>
    272c:	08 95       	ret

0000272e <Timer0_init>:
//volatile uint8_t pinState = 0;
//volatile uint32_t timerCounter = 0;

// Inicializa Timer0 para interrupción cada 1 ms
void Timer0_init() {
	TCCR0A = 0; // Establecer a cero
    272e:	14 bc       	out	0x24, r1	; 36
	TCCR0B = 0; // Establecer a cero
    2730:	15 bc       	out	0x25, r1	; 37
	TCNT0 = 0; // Inicializar contador
    2732:	16 bc       	out	0x26, r1	; 38

	// Establecer a CTC (Clear Timer on Compare Match)
	TCCR0A |= (1 << WGM01);
    2734:	84 b5       	in	r24, 0x24	; 36
    2736:	82 60       	ori	r24, 0x02	; 2
    2738:	84 bd       	out	0x24, r24	; 36

	// Establecer prescaler a 64 y empezar el timer
	TCCR0B |= (1 << CS01) | (1 << CS00);
    273a:	85 b5       	in	r24, 0x25	; 37
    273c:	83 60       	ori	r24, 0x03	; 3
    273e:	85 bd       	out	0x25, r24	; 37

	// Establecer valor de comparación para 1ms
	OCR0A = 255;
    2740:	8f ef       	ldi	r24, 0xFF	; 255
    2742:	87 bd       	out	0x27, r24	; 39

	// Habilitar interrupción de comparación A para Timer0
	TIMSK0 |= (1 << OCIE0A);
    2744:	ee e6       	ldi	r30, 0x6E	; 110
    2746:	f0 e0       	ldi	r31, 0x00	; 0
    2748:	80 81       	ld	r24, Z
    274a:	82 60       	ori	r24, 0x02	; 2
    274c:	80 83       	st	Z, r24
    274e:	08 95       	ret

00002750 <setupTimer1>:
}


// Configuración del Timer1 para interrumpir cada cierto intervalo
void setupTimer1() {
	TCCR1A = 0; // Poner registros a 0
    2750:	10 92 80 00 	sts	0x0080, r1	; 0x800080 <__TEXT_REGION_LENGTH__+0x7f8080>
	TCCR1B = 0; // Poner registros a 0
    2754:	e1 e8       	ldi	r30, 0x81	; 129
    2756:	f0 e0       	ldi	r31, 0x00	; 0
    2758:	10 82       	st	Z, r1

	// Establecer a CTC (Clear Timer on Compare Match)
	TCCR1B |= (1 << WGM12);
    275a:	80 81       	ld	r24, Z
    275c:	88 60       	ori	r24, 0x08	; 8
    275e:	80 83       	st	Z, r24

	// Establecer el valor de comparación para el intervalo deseado
	OCR1A = 15624; // Este valor nos da, pero se puede ajustar
    2760:	88 e0       	ldi	r24, 0x08	; 8
    2762:	9d e3       	ldi	r25, 0x3D	; 61
    2764:	90 93 89 00 	sts	0x0089, r25	; 0x800089 <__TEXT_REGION_LENGTH__+0x7f8089>
    2768:	80 93 88 00 	sts	0x0088, r24	; 0x800088 <__TEXT_REGION_LENGTH__+0x7f8088>

	// Habilitar la interrupción por comparación de Timer1
	TIMSK1 |= (1 << OCIE1A);
    276c:	af e6       	ldi	r26, 0x6F	; 111
    276e:	b0 e0       	ldi	r27, 0x00	; 0
    2770:	8c 91       	ld	r24, X
    2772:	82 60       	ori	r24, 0x02	; 2
    2774:	8c 93       	st	X, r24

	// Establecer el prescaler a 1024 y arrancar el timer
	TCCR1B |= (1 << CS12) | (1 << CS10);
    2776:	80 81       	ld	r24, Z
    2778:	85 60       	ori	r24, 0x05	; 5
    277a:	80 83       	st	Z, r24
    277c:	08 95       	ret

0000277e <uart_init>:
	sprintf(Buffer, "%d", NivelPolvo4);
	uart_send_string(Buffer); uart_send_string("%");
	uart_send_newline();
	MandarStringdesdePrograma(TextoRegresar);
}
void MenuCambiarVolumenBidon(void) {
    277e:	10 92 c5 00 	sts	0x00C5, r1	; 0x8000c5 <__TEXT_REGION_LENGTH__+0x7f80c5>
    2782:	80 e1       	ldi	r24, 0x10	; 16
    2784:	80 93 c4 00 	sts	0x00C4, r24	; 0x8000c4 <__TEXT_REGION_LENGTH__+0x7f80c4>
    2788:	88 e1       	ldi	r24, 0x18	; 24
    278a:	80 93 c1 00 	sts	0x00C1, r24	; 0x8000c1 <__TEXT_REGION_LENGTH__+0x7f80c1>
    278e:	86 e0       	ldi	r24, 0x06	; 6
    2790:	80 93 c2 00 	sts	0x00C2, r24	; 0x8000c2 <__TEXT_REGION_LENGTH__+0x7f80c2>
    2794:	08 95       	ret

00002796 <uart_send_char>:
    2796:	90 91 c0 00 	lds	r25, 0x00C0	; 0x8000c0 <__TEXT_REGION_LENGTH__+0x7f80c0>
    279a:	95 ff       	sbrs	r25, 5
    279c:	fc cf       	rjmp	.-8      	; 0x2796 <uart_send_char>
    279e:	80 93 c6 00 	sts	0x00C6, r24	; 0x8000c6 <__TEXT_REGION_LENGTH__+0x7f80c6>
    27a2:	08 95       	ret

000027a4 <uart_send_string>:
    27a4:	cf 93       	push	r28
    27a6:	df 93       	push	r29
    27a8:	ec 01       	movw	r28, r24
    27aa:	03 c0       	rjmp	.+6      	; 0x27b2 <uart_send_string+0xe>
    27ac:	0e 94 cb 13 	call	0x2796	; 0x2796 <uart_send_char>
    27b0:	21 96       	adiw	r28, 0x01	; 1
    27b2:	88 81       	ld	r24, Y
    27b4:	81 11       	cpse	r24, r1
    27b6:	fa cf       	rjmp	.-12     	; 0x27ac <uart_send_string+0x8>
    27b8:	df 91       	pop	r29
    27ba:	cf 91       	pop	r28
    27bc:	08 95       	ret

000027be <uart_send_newline>:
    27be:	8d e0       	ldi	r24, 0x0D	; 13
    27c0:	0e 94 cb 13 	call	0x2796	; 0x2796 <uart_send_char>
    27c4:	8a e0       	ldi	r24, 0x0A	; 10
    27c6:	0e 94 cb 13 	call	0x2796	; 0x2796 <uart_send_char>
    27ca:	08 95       	ret

000027cc <uart_receive_char>:
    27cc:	80 91 c0 00 	lds	r24, 0x00C0	; 0x8000c0 <__TEXT_REGION_LENGTH__+0x7f80c0>
    27d0:	88 23       	and	r24, r24
    27d2:	e4 f7       	brge	.-8      	; 0x27cc <uart_receive_char>
    27d4:	80 91 c6 00 	lds	r24, 0x00C6	; 0x8000c6 <__TEXT_REGION_LENGTH__+0x7f80c6>
    27d8:	8f 35       	cpi	r24, 0x5F	; 95
    27da:	09 f4       	brne	.+2      	; 0x27de <uart_receive_char+0x12>
    27dc:	80 e0       	ldi	r24, 0x00	; 0
    27de:	08 95       	ret

000027e0 <echo_serial>:
    27e0:	cf 93       	push	r28
    27e2:	0e 94 e6 13 	call	0x27cc	; 0x27cc <uart_receive_char>
    27e6:	c8 2f       	mov	r28, r24
    27e8:	0e 94 cb 13 	call	0x2796	; 0x2796 <uart_send_char>
    27ec:	0e 94 df 13 	call	0x27be	; 0x27be <uart_send_newline>
    27f0:	8c 2f       	mov	r24, r28
    27f2:	cf 91       	pop	r28
    27f4:	08 95       	ret

000027f6 <MandarStringdesdePrograma>:
    27f6:	cf 93       	push	r28
    27f8:	df 93       	push	r29
    27fa:	fc 01       	movw	r30, r24
    27fc:	03 c0       	rjmp	.+6      	; 0x2804 <MandarStringdesdePrograma+0xe>
    27fe:	0e 94 cb 13 	call	0x2796	; 0x2796 <uart_send_char>
    2802:	fe 01       	movw	r30, r28
    2804:	ef 01       	movw	r28, r30
    2806:	21 96       	adiw	r28, 0x01	; 1
    2808:	84 91       	lpm	r24, Z
    280a:	81 11       	cpse	r24, r1
    280c:	f8 cf       	rjmp	.-16     	; 0x27fe <MandarStringdesdePrograma+0x8>
    280e:	df 91       	pop	r29
    2810:	cf 91       	pop	r28
    2812:	08 95       	ret

00002814 <UART_receive_non_blocking>:
    2814:	80 91 c0 00 	lds	r24, 0x00C0	; 0x8000c0 <__TEXT_REGION_LENGTH__+0x7f80c0>
    2818:	88 23       	and	r24, r24
    281a:	1c f4       	brge	.+6      	; 0x2822 <UART_receive_non_blocking+0xe>
    281c:	80 91 c6 00 	lds	r24, 0x00C6	; 0x8000c6 <__TEXT_REGION_LENGTH__+0x7f80c6>
    2820:	08 95       	ret
    2822:	8b e3       	ldi	r24, 0x3B	; 59
    2824:	08 95       	ret

00002826 <Bienvenida>:
    2826:	0e 94 df 13 	call	0x27be	; 0x27be <uart_send_newline>
    282a:	86 e9       	ldi	r24, 0x96	; 150
    282c:	91 e1       	ldi	r25, 0x11	; 17
    282e:	0e 94 fb 13 	call	0x27f6	; 0x27f6 <MandarStringdesdePrograma>
    2832:	0e 94 df 13 	call	0x27be	; 0x27be <uart_send_newline>
    2836:	8f e2       	ldi	r24, 0x2F	; 47
    2838:	91 e1       	ldi	r25, 0x11	; 17
    283a:	0e 94 fb 13 	call	0x27f6	; 0x27f6 <MandarStringdesdePrograma>
    283e:	0e 94 df 13 	call	0x27be	; 0x27be <uart_send_newline>
    2842:	87 ec       	ldi	r24, 0xC7	; 199
    2844:	90 e1       	ldi	r25, 0x10	; 16
    2846:	0e 94 fb 13 	call	0x27f6	; 0x27f6 <MandarStringdesdePrograma>
    284a:	0e 94 df 13 	call	0x27be	; 0x27be <uart_send_newline>
    284e:	8f e5       	ldi	r24, 0x5F	; 95
    2850:	90 e1       	ldi	r25, 0x10	; 16
    2852:	0e 94 fb 13 	call	0x27f6	; 0x27f6 <MandarStringdesdePrograma>
    2856:	0e 94 df 13 	call	0x27be	; 0x27be <uart_send_newline>
    285a:	87 ef       	ldi	r24, 0xF7	; 247
    285c:	9f e0       	ldi	r25, 0x0F	; 15
    285e:	0e 94 fb 13 	call	0x27f6	; 0x27f6 <MandarStringdesdePrograma>
    2862:	0e 94 df 13 	call	0x27be	; 0x27be <uart_send_newline>
    2866:	8f e8       	ldi	r24, 0x8F	; 143
    2868:	9f e0       	ldi	r25, 0x0F	; 15
    286a:	0e 94 fb 13 	call	0x27f6	; 0x27f6 <MandarStringdesdePrograma>
    286e:	0e 94 df 13 	call	0x27be	; 0x27be <uart_send_newline>
    2872:	87 e2       	ldi	r24, 0x27	; 39
    2874:	9f e0       	ldi	r25, 0x0F	; 15
    2876:	0e 94 fb 13 	call	0x27f6	; 0x27f6 <MandarStringdesdePrograma>
    287a:	0e 94 df 13 	call	0x27be	; 0x27be <uart_send_newline>
    287e:	8f eb       	ldi	r24, 0xBF	; 191
    2880:	9e e0       	ldi	r25, 0x0E	; 14
    2882:	0e 94 fb 13 	call	0x27f6	; 0x27f6 <MandarStringdesdePrograma>
    2886:	0e 94 df 13 	call	0x27be	; 0x27be <uart_send_newline>
    288a:	87 e5       	ldi	r24, 0x57	; 87
    288c:	9e e0       	ldi	r25, 0x0E	; 14
    288e:	0e 94 fb 13 	call	0x27f6	; 0x27f6 <MandarStringdesdePrograma>
    2892:	0e 94 df 13 	call	0x27be	; 0x27be <uart_send_newline>
    2896:	0e 94 df 13 	call	0x27be	; 0x27be <uart_send_newline>
    289a:	08 95       	ret

0000289c <Carpy>:
    289c:	0e 94 df 13 	call	0x27be	; 0x27be <uart_send_newline>
    28a0:	0e 94 df 13 	call	0x27be	; 0x27be <uart_send_newline>
    28a4:	8a e6       	ldi	r24, 0x6A	; 106
    28a6:	9d e0       	ldi	r25, 0x0D	; 13
    28a8:	0e 94 fb 13 	call	0x27f6	; 0x27f6 <MandarStringdesdePrograma>
    28ac:	0e 94 df 13 	call	0x27be	; 0x27be <uart_send_newline>
    28b0:	88 e1       	ldi	r24, 0x18	; 24
    28b2:	9d e0       	ldi	r25, 0x0D	; 13
    28b4:	0e 94 fb 13 	call	0x27f6	; 0x27f6 <MandarStringdesdePrograma>
    28b8:	0e 94 df 13 	call	0x27be	; 0x27be <uart_send_newline>
    28bc:	87 ec       	ldi	r24, 0xC7	; 199
    28be:	9c e0       	ldi	r25, 0x0C	; 12
    28c0:	0e 94 fb 13 	call	0x27f6	; 0x27f6 <MandarStringdesdePrograma>
    28c4:	0e 94 df 13 	call	0x27be	; 0x27be <uart_send_newline>
    28c8:	84 e8       	ldi	r24, 0x84	; 132
    28ca:	9c e0       	ldi	r25, 0x0C	; 12
    28cc:	0e 94 fb 13 	call	0x27f6	; 0x27f6 <MandarStringdesdePrograma>
    28d0:	0e 94 df 13 	call	0x27be	; 0x27be <uart_send_newline>
    28d4:	81 e6       	ldi	r24, 0x61	; 97
    28d6:	9c e0       	ldi	r25, 0x0C	; 12
    28d8:	0e 94 fb 13 	call	0x27f6	; 0x27f6 <MandarStringdesdePrograma>
    28dc:	0e 94 df 13 	call	0x27be	; 0x27be <uart_send_newline>
    28e0:	8b e0       	ldi	r24, 0x0B	; 11
    28e2:	9c e0       	ldi	r25, 0x0C	; 12
    28e4:	0e 94 fb 13 	call	0x27f6	; 0x27f6 <MandarStringdesdePrograma>
    28e8:	0e 94 df 13 	call	0x27be	; 0x27be <uart_send_newline>
    28ec:	84 eb       	ldi	r24, 0xB4	; 180
    28ee:	9b e0       	ldi	r25, 0x0B	; 11
    28f0:	0e 94 fb 13 	call	0x27f6	; 0x27f6 <MandarStringdesdePrograma>
    28f4:	0e 94 df 13 	call	0x27be	; 0x27be <uart_send_newline>
    28f8:	8c e5       	ldi	r24, 0x5C	; 92
    28fa:	9b e0       	ldi	r25, 0x0B	; 11
    28fc:	0e 94 fb 13 	call	0x27f6	; 0x27f6 <MandarStringdesdePrograma>
    2900:	0e 94 df 13 	call	0x27be	; 0x27be <uart_send_newline>
    2904:	84 e0       	ldi	r24, 0x04	; 4
    2906:	9b e0       	ldi	r25, 0x0B	; 11
    2908:	0e 94 fb 13 	call	0x27f6	; 0x27f6 <MandarStringdesdePrograma>
    290c:	0e 94 df 13 	call	0x27be	; 0x27be <uart_send_newline>
    2910:	8b ea       	ldi	r24, 0xAB	; 171
    2912:	9a e0       	ldi	r25, 0x0A	; 10
    2914:	0e 94 fb 13 	call	0x27f6	; 0x27f6 <MandarStringdesdePrograma>
    2918:	0e 94 df 13 	call	0x27be	; 0x27be <uart_send_newline>
    291c:	86 e5       	ldi	r24, 0x56	; 86
    291e:	9a e0       	ldi	r25, 0x0A	; 10
    2920:	0e 94 fb 13 	call	0x27f6	; 0x27f6 <MandarStringdesdePrograma>
    2924:	0e 94 df 13 	call	0x27be	; 0x27be <uart_send_newline>
    2928:	85 e1       	ldi	r24, 0x15	; 21
    292a:	9a e0       	ldi	r25, 0x0A	; 10
    292c:	0e 94 fb 13 	call	0x27f6	; 0x27f6 <MandarStringdesdePrograma>
    2930:	0e 94 df 13 	call	0x27be	; 0x27be <uart_send_newline>
    2934:	82 ed       	ldi	r24, 0xD2	; 210
    2936:	99 e0       	ldi	r25, 0x09	; 9
    2938:	0e 94 fb 13 	call	0x27f6	; 0x27f6 <MandarStringdesdePrograma>
    293c:	0e 94 df 13 	call	0x27be	; 0x27be <uart_send_newline>
    2940:	8e e8       	ldi	r24, 0x8E	; 142
    2942:	99 e0       	ldi	r25, 0x09	; 9
    2944:	0e 94 fb 13 	call	0x27f6	; 0x27f6 <MandarStringdesdePrograma>
    2948:	0e 94 df 13 	call	0x27be	; 0x27be <uart_send_newline>
    294c:	89 e4       	ldi	r24, 0x49	; 73
    294e:	99 e0       	ldi	r25, 0x09	; 9
    2950:	0e 94 fb 13 	call	0x27f6	; 0x27f6 <MandarStringdesdePrograma>
    2954:	0e 94 df 13 	call	0x27be	; 0x27be <uart_send_newline>
    2958:	84 e0       	ldi	r24, 0x04	; 4
    295a:	99 e0       	ldi	r25, 0x09	; 9
    295c:	0e 94 fb 13 	call	0x27f6	; 0x27f6 <MandarStringdesdePrograma>
    2960:	0e 94 df 13 	call	0x27be	; 0x27be <uart_send_newline>
    2964:	8f eb       	ldi	r24, 0xBF	; 191
    2966:	98 e0       	ldi	r25, 0x08	; 8
    2968:	0e 94 fb 13 	call	0x27f6	; 0x27f6 <MandarStringdesdePrograma>
    296c:	0e 94 df 13 	call	0x27be	; 0x27be <uart_send_newline>
    2970:	8a e7       	ldi	r24, 0x7A	; 122
    2972:	98 e0       	ldi	r25, 0x08	; 8
    2974:	0e 94 fb 13 	call	0x27f6	; 0x27f6 <MandarStringdesdePrograma>
    2978:	0e 94 df 13 	call	0x27be	; 0x27be <uart_send_newline>
    297c:	86 e3       	ldi	r24, 0x36	; 54
    297e:	98 e0       	ldi	r25, 0x08	; 8
    2980:	0e 94 fb 13 	call	0x27f6	; 0x27f6 <MandarStringdesdePrograma>
    2984:	0e 94 df 13 	call	0x27be	; 0x27be <uart_send_newline>
    2988:	82 ef       	ldi	r24, 0xF2	; 242
    298a:	97 e0       	ldi	r25, 0x07	; 7
    298c:	0e 94 fb 13 	call	0x27f6	; 0x27f6 <MandarStringdesdePrograma>
    2990:	0e 94 df 13 	call	0x27be	; 0x27be <uart_send_newline>
    2994:	8f ea       	ldi	r24, 0xAF	; 175
    2996:	97 e0       	ldi	r25, 0x07	; 7
    2998:	0e 94 fb 13 	call	0x27f6	; 0x27f6 <MandarStringdesdePrograma>
    299c:	0e 94 df 13 	call	0x27be	; 0x27be <uart_send_newline>
    29a0:	8d e6       	ldi	r24, 0x6D	; 109
    29a2:	97 e0       	ldi	r25, 0x07	; 7
    29a4:	0e 94 fb 13 	call	0x27f6	; 0x27f6 <MandarStringdesdePrograma>
    29a8:	0e 94 df 13 	call	0x27be	; 0x27be <uart_send_newline>
    29ac:	0e 94 df 13 	call	0x27be	; 0x27be <uart_send_newline>
    29b0:	83 e1       	ldi	r24, 0x13	; 19
    29b2:	93 e1       	ldi	r25, 0x13	; 19
    29b4:	0e 94 fb 13 	call	0x27f6	; 0x27f6 <MandarStringdesdePrograma>
    29b8:	08 95       	ret

000029ba <MenuInicial>:
    29ba:	0e 94 df 13 	call	0x27be	; 0x27be <uart_send_newline>
    29be:	83 e4       	ldi	r24, 0x43	; 67
    29c0:	9e e0       	ldi	r25, 0x0E	; 14
    29c2:	0e 94 fb 13 	call	0x27f6	; 0x27f6 <MandarStringdesdePrograma>
    29c6:	0e 94 df 13 	call	0x27be	; 0x27be <uart_send_newline>
    29ca:	8a e2       	ldi	r24, 0x2A	; 42
    29cc:	9e e0       	ldi	r25, 0x0E	; 14
    29ce:	0e 94 fb 13 	call	0x27f6	; 0x27f6 <MandarStringdesdePrograma>
    29d2:	0e 94 df 13 	call	0x27be	; 0x27be <uart_send_newline>
    29d6:	82 e1       	ldi	r24, 0x12	; 18
    29d8:	9e e0       	ldi	r25, 0x0E	; 14
    29da:	0e 94 fb 13 	call	0x27f6	; 0x27f6 <MandarStringdesdePrograma>
    29de:	0e 94 df 13 	call	0x27be	; 0x27be <uart_send_newline>
    29e2:	82 e0       	ldi	r24, 0x02	; 2
    29e4:	9e e0       	ldi	r25, 0x0E	; 14
    29e6:	0e 94 fb 13 	call	0x27f6	; 0x27f6 <MandarStringdesdePrograma>
    29ea:	0e 94 df 13 	call	0x27be	; 0x27be <uart_send_newline>
    29ee:	8c ee       	ldi	r24, 0xEC	; 236
    29f0:	92 e1       	ldi	r25, 0x12	; 18
    29f2:	0e 94 fb 13 	call	0x27f6	; 0x27f6 <MandarStringdesdePrograma>
    29f6:	0e 94 df 13 	call	0x27be	; 0x27be <uart_send_newline>
    29fa:	83 e1       	ldi	r24, 0x13	; 19
    29fc:	93 e1       	ldi	r25, 0x13	; 19
    29fe:	0e 94 fb 13 	call	0x27f6	; 0x27f6 <MandarStringdesdePrograma>
    2a02:	08 95       	ret

00002a04 <MenuMediciones>:
    2a04:	6f 92       	push	r6
    2a06:	7f 92       	push	r7
    2a08:	8f 92       	push	r8
    2a0a:	9f 92       	push	r9
    2a0c:	af 92       	push	r10
    2a0e:	bf 92       	push	r11
    2a10:	cf 92       	push	r12
    2a12:	df 92       	push	r13
    2a14:	ef 92       	push	r14
    2a16:	ff 92       	push	r15
    2a18:	0f 93       	push	r16
    2a1a:	1f 93       	push	r17
    2a1c:	cf 93       	push	r28
    2a1e:	df 93       	push	r29
    2a20:	78 2e       	mov	r7, r24
    2a22:	69 2e       	mov	r6, r25
    2a24:	c6 2f       	mov	r28, r22
    2a26:	d7 2f       	mov	r29, r23
    2a28:	94 2e       	mov	r9, r20
    2a2a:	85 2e       	mov	r8, r21
    2a2c:	b2 2e       	mov	r11, r18
    2a2e:	a3 2e       	mov	r10, r19
    2a30:	0e 94 df 13 	call	0x27be	; 0x27be <uart_send_newline>
    2a34:	88 ee       	ldi	r24, 0xE8	; 232
    2a36:	9d e0       	ldi	r25, 0x0D	; 13
    2a38:	0e 94 fb 13 	call	0x27f6	; 0x27f6 <MandarStringdesdePrograma>
    2a3c:	0e 94 df 13 	call	0x27be	; 0x27be <uart_send_newline>
    2a40:	8e ec       	ldi	r24, 0xCE	; 206
    2a42:	9d e0       	ldi	r25, 0x0D	; 13
    2a44:	0e 94 fb 13 	call	0x27f6	; 0x27f6 <MandarStringdesdePrograma>
    2a48:	0e 94 df 13 	call	0x27be	; 0x27be <uart_send_newline>
    2a4c:	84 eb       	ldi	r24, 0xB4	; 180
    2a4e:	9d e0       	ldi	r25, 0x0D	; 13
    2a50:	0e 94 fb 13 	call	0x27f6	; 0x27f6 <MandarStringdesdePrograma>
    2a54:	0e 94 df 13 	call	0x27be	; 0x27be <uart_send_newline>
    2a58:	8c e3       	ldi	r24, 0x3C	; 60
    2a5a:	92 e1       	ldi	r25, 0x12	; 18
    2a5c:	0e 94 fb 13 	call	0x27f6	; 0x27f6 <MandarStringdesdePrograma>
    2a60:	0e 94 df 13 	call	0x27be	; 0x27be <uart_send_newline>
    2a64:	87 e5       	ldi	r24, 0x57	; 87
    2a66:	92 e1       	ldi	r25, 0x12	; 18
    2a68:	0e 94 fb 13 	call	0x27f6	; 0x27f6 <MandarStringdesdePrograma>
    2a6c:	df 93       	push	r29
    2a6e:	cf 93       	push	r28
    2a70:	0f 2e       	mov	r0, r31
    2a72:	f6 e3       	ldi	r31, 0x36	; 54
    2a74:	cf 2e       	mov	r12, r31
    2a76:	f1 e0       	ldi	r31, 0x01	; 1
    2a78:	df 2e       	mov	r13, r31
    2a7a:	f0 2d       	mov	r31, r0
    2a7c:	df 92       	push	r13
    2a7e:	cf 92       	push	r12
    2a80:	c1 ed       	ldi	r28, 0xD1	; 209
    2a82:	d3 e0       	ldi	r29, 0x03	; 3
    2a84:	df 93       	push	r29
    2a86:	cf 93       	push	r28
    2a88:	0e 94 51 21 	call	0x42a2	; 0x42a2 <sprintf>
    2a8c:	ce 01       	movw	r24, r28
    2a8e:	0e 94 d2 13 	call	0x27a4	; 0x27a4 <uart_send_string>
    2a92:	83 e5       	ldi	r24, 0x53	; 83
    2a94:	92 e1       	ldi	r25, 0x12	; 18
    2a96:	0e 94 fb 13 	call	0x27f6	; 0x27f6 <MandarStringdesdePrograma>
    2a9a:	0e 94 df 13 	call	0x27be	; 0x27be <uart_send_newline>
    2a9e:	89 e4       	ldi	r24, 0x49	; 73
    2aa0:	92 e1       	ldi	r25, 0x12	; 18
    2aa2:	0e 94 fb 13 	call	0x27f6	; 0x27f6 <MandarStringdesdePrograma>
    2aa6:	6f 92       	push	r6
    2aa8:	7f 92       	push	r7
    2aaa:	df 92       	push	r13
    2aac:	cf 92       	push	r12
    2aae:	df 93       	push	r29
    2ab0:	cf 93       	push	r28
    2ab2:	0e 94 51 21 	call	0x42a2	; 0x42a2 <sprintf>
    2ab6:	ce 01       	movw	r24, r28
    2ab8:	0e 94 d2 13 	call	0x27a4	; 0x27a4 <uart_send_string>
    2abc:	85 e4       	ldi	r24, 0x45	; 69
    2abe:	92 e1       	ldi	r25, 0x12	; 18
    2ac0:	0e 94 fb 13 	call	0x27f6	; 0x27f6 <MandarStringdesdePrograma>
    2ac4:	0e 94 df 13 	call	0x27be	; 0x27be <uart_send_newline>
    2ac8:	8d ef       	ldi	r24, 0xFD	; 253
    2aca:	91 e1       	ldi	r25, 0x11	; 17
    2acc:	0e 94 fb 13 	call	0x27f6	; 0x27f6 <MandarStringdesdePrograma>
    2ad0:	0e 94 df 13 	call	0x27be	; 0x27be <uart_send_newline>
    2ad4:	89 e3       	ldi	r24, 0x39	; 57
    2ad6:	91 e0       	ldi	r25, 0x01	; 1
    2ad8:	0e 94 d2 13 	call	0x27a4	; 0x27a4 <uart_send_string>
    2adc:	4c e0       	ldi	r20, 0x0C	; 12
    2ade:	50 e0       	ldi	r21, 0x00	; 0
    2ae0:	be 01       	movw	r22, r28
    2ae2:	8a e0       	ldi	r24, 0x0A	; 10
    2ae4:	90 e0       	ldi	r25, 0x00	; 0
    2ae6:	0e 94 c5 0e 	call	0x1d8a	; 0x1d8a <EPROM_Read_String>
    2aea:	ce 01       	movw	r24, r28
    2aec:	0e 94 d2 13 	call	0x27a4	; 0x27a4 <uart_send_string>
    2af0:	83 e3       	ldi	r24, 0x33	; 51
    2af2:	91 e0       	ldi	r25, 0x01	; 1
    2af4:	0e 94 d2 13 	call	0x27a4	; 0x27a4 <uart_send_string>
    2af8:	8f 92       	push	r8
    2afa:	9f 92       	push	r9
    2afc:	df 92       	push	r13
    2afe:	cf 92       	push	r12
    2b00:	df 93       	push	r29
    2b02:	cf 93       	push	r28
    2b04:	0e 94 51 21 	call	0x42a2	; 0x42a2 <sprintf>
    2b08:	ce 01       	movw	r24, r28
    2b0a:	0e 94 d2 13 	call	0x27a4	; 0x27a4 <uart_send_string>
    2b0e:	8d eb       	ldi	r24, 0xBD	; 189
    2b10:	92 e0       	ldi	r25, 0x02	; 2
    2b12:	0e 94 d2 13 	call	0x27a4	; 0x27a4 <uart_send_string>
    2b16:	0e 94 df 13 	call	0x27be	; 0x27be <uart_send_newline>
    2b1a:	85 e4       	ldi	r24, 0x45	; 69
    2b1c:	91 e0       	ldi	r25, 0x01	; 1
    2b1e:	0e 94 d2 13 	call	0x27a4	; 0x27a4 <uart_send_string>
    2b22:	4c e0       	ldi	r20, 0x0C	; 12
    2b24:	50 e0       	ldi	r21, 0x00	; 0
    2b26:	be 01       	movw	r22, r28
    2b28:	89 e1       	ldi	r24, 0x19	; 25
    2b2a:	90 e0       	ldi	r25, 0x00	; 0
    2b2c:	0e 94 c5 0e 	call	0x1d8a	; 0x1d8a <EPROM_Read_String>
    2b30:	ce 01       	movw	r24, r28
    2b32:	0e 94 d2 13 	call	0x27a4	; 0x27a4 <uart_send_string>
    2b36:	83 e3       	ldi	r24, 0x33	; 51
    2b38:	91 e0       	ldi	r25, 0x01	; 1
    2b3a:	0e 94 d2 13 	call	0x27a4	; 0x27a4 <uart_send_string>
    2b3e:	af 92       	push	r10
    2b40:	bf 92       	push	r11
    2b42:	df 92       	push	r13
    2b44:	cf 92       	push	r12
    2b46:	df 93       	push	r29
    2b48:	cf 93       	push	r28
    2b4a:	0e 94 51 21 	call	0x42a2	; 0x42a2 <sprintf>
    2b4e:	ce 01       	movw	r24, r28
    2b50:	0e 94 d2 13 	call	0x27a4	; 0x27a4 <uart_send_string>
    2b54:	8d eb       	ldi	r24, 0xBD	; 189
    2b56:	92 e0       	ldi	r25, 0x02	; 2
    2b58:	0e 94 d2 13 	call	0x27a4	; 0x27a4 <uart_send_string>
    2b5c:	0e 94 df 13 	call	0x27be	; 0x27be <uart_send_newline>
    2b60:	81 e5       	ldi	r24, 0x51	; 81
    2b62:	91 e0       	ldi	r25, 0x01	; 1
    2b64:	0e 94 d2 13 	call	0x27a4	; 0x27a4 <uart_send_string>
    2b68:	4c e0       	ldi	r20, 0x0C	; 12
    2b6a:	50 e0       	ldi	r21, 0x00	; 0
    2b6c:	be 01       	movw	r22, r28
    2b6e:	88 e2       	ldi	r24, 0x28	; 40
    2b70:	90 e0       	ldi	r25, 0x00	; 0
    2b72:	0e 94 c5 0e 	call	0x1d8a	; 0x1d8a <EPROM_Read_String>
    2b76:	ce 01       	movw	r24, r28
    2b78:	0e 94 d2 13 	call	0x27a4	; 0x27a4 <uart_send_string>
    2b7c:	83 e3       	ldi	r24, 0x33	; 51
    2b7e:	91 e0       	ldi	r25, 0x01	; 1
    2b80:	0e 94 d2 13 	call	0x27a4	; 0x27a4 <uart_send_string>
    2b84:	1f 93       	push	r17
    2b86:	0f 93       	push	r16
    2b88:	df 92       	push	r13
    2b8a:	cf 92       	push	r12
    2b8c:	df 93       	push	r29
    2b8e:	cf 93       	push	r28
    2b90:	0e 94 51 21 	call	0x42a2	; 0x42a2 <sprintf>
    2b94:	ce 01       	movw	r24, r28
    2b96:	0e 94 d2 13 	call	0x27a4	; 0x27a4 <uart_send_string>
    2b9a:	8d eb       	ldi	r24, 0xBD	; 189
    2b9c:	92 e0       	ldi	r25, 0x02	; 2
    2b9e:	0e 94 d2 13 	call	0x27a4	; 0x27a4 <uart_send_string>
    2ba2:	0e 94 df 13 	call	0x27be	; 0x27be <uart_send_newline>
    2ba6:	8d e5       	ldi	r24, 0x5D	; 93
    2ba8:	91 e0       	ldi	r25, 0x01	; 1
    2baa:	0e 94 d2 13 	call	0x27a4	; 0x27a4 <uart_send_string>
    2bae:	4c e0       	ldi	r20, 0x0C	; 12
    2bb0:	50 e0       	ldi	r21, 0x00	; 0
    2bb2:	be 01       	movw	r22, r28
    2bb4:	87 e3       	ldi	r24, 0x37	; 55
    2bb6:	90 e0       	ldi	r25, 0x00	; 0
    2bb8:	0e 94 c5 0e 	call	0x1d8a	; 0x1d8a <EPROM_Read_String>
    2bbc:	ce 01       	movw	r24, r28
    2bbe:	0e 94 d2 13 	call	0x27a4	; 0x27a4 <uart_send_string>
    2bc2:	83 e3       	ldi	r24, 0x33	; 51
    2bc4:	91 e0       	ldi	r25, 0x01	; 1
    2bc6:	0e 94 d2 13 	call	0x27a4	; 0x27a4 <uart_send_string>
    2bca:	ff 92       	push	r15
    2bcc:	ef 92       	push	r14
    2bce:	df 92       	push	r13
    2bd0:	cf 92       	push	r12
    2bd2:	df 93       	push	r29
    2bd4:	cf 93       	push	r28
    2bd6:	0e 94 51 21 	call	0x42a2	; 0x42a2 <sprintf>
    2bda:	8d b7       	in	r24, 0x3d	; 61
    2bdc:	9e b7       	in	r25, 0x3e	; 62
    2bde:	84 96       	adiw	r24, 0x24	; 36
    2be0:	0f b6       	in	r0, 0x3f	; 63
    2be2:	f8 94       	cli
    2be4:	9e bf       	out	0x3e, r25	; 62
    2be6:	0f be       	out	0x3f, r0	; 63
    2be8:	8d bf       	out	0x3d, r24	; 61
    2bea:	ce 01       	movw	r24, r28
    2bec:	0e 94 d2 13 	call	0x27a4	; 0x27a4 <uart_send_string>
    2bf0:	8d eb       	ldi	r24, 0xBD	; 189
    2bf2:	92 e0       	ldi	r25, 0x02	; 2
    2bf4:	0e 94 d2 13 	call	0x27a4	; 0x27a4 <uart_send_string>
    2bf8:	0e 94 df 13 	call	0x27be	; 0x27be <uart_send_newline>
    2bfc:	8c ee       	ldi	r24, 0xEC	; 236
    2bfe:	92 e1       	ldi	r25, 0x12	; 18
    2c00:	0e 94 fb 13 	call	0x27f6	; 0x27f6 <MandarStringdesdePrograma>
    2c04:	df 91       	pop	r29
    2c06:	cf 91       	pop	r28
    2c08:	1f 91       	pop	r17
    2c0a:	0f 91       	pop	r16
    2c0c:	ff 90       	pop	r15
    2c0e:	ef 90       	pop	r14
    2c10:	df 90       	pop	r13
    2c12:	cf 90       	pop	r12
    2c14:	bf 90       	pop	r11
    2c16:	af 90       	pop	r10
    2c18:	9f 90       	pop	r9
    2c1a:	8f 90       	pop	r8
    2c1c:	7f 90       	pop	r7
    2c1e:	6f 90       	pop	r6
    2c20:	08 95       	ret

00002c22 <MenuConfiguraciones>:
	
}
void MenuConfiguraciones(void) {
	uart_send_newline();
    2c22:	0e 94 df 13 	call	0x27be	; 0x27be <uart_send_newline>
	MandarStringdesdePrograma(MenuConfiguracion0);EPROM_Read_String(TemperaturaDeseada, Buffer, 10); uart_send_string(Buffer);
    2c26:	8a e4       	ldi	r24, 0x4A	; 74
    2c28:	97 e0       	ldi	r25, 0x07	; 7
    2c2a:	0e 94 fb 13 	call	0x27f6	; 0x27f6 <MandarStringdesdePrograma>
    2c2e:	4a e0       	ldi	r20, 0x0A	; 10
    2c30:	50 e0       	ldi	r21, 0x00	; 0
    2c32:	61 ed       	ldi	r22, 0xD1	; 209
    2c34:	73 e0       	ldi	r23, 0x03	; 3
    2c36:	84 eb       	ldi	r24, 0xB4	; 180
    2c38:	90 e0       	ldi	r25, 0x00	; 0
    2c3a:	0e 94 c5 0e 	call	0x1d8a	; 0x1d8a <EPROM_Read_String>
    2c3e:	81 ed       	ldi	r24, 0xD1	; 209
    2c40:	93 e0       	ldi	r25, 0x03	; 3
    2c42:	0e 94 d2 13 	call	0x27a4	; 0x27a4 <uart_send_string>
	uart_send_newline();
    2c46:	0e 94 df 13 	call	0x27be	; 0x27be <uart_send_newline>
	MandarStringdesdePrograma(MenuConfiguracion1);EPROM_Read_String(NombreB1, Buffer, 12); uart_send_string(Buffer);
    2c4a:	8f e1       	ldi	r24, 0x1F	; 31
    2c4c:	97 e0       	ldi	r25, 0x07	; 7
    2c4e:	0e 94 fb 13 	call	0x27f6	; 0x27f6 <MandarStringdesdePrograma>
    2c52:	4c e0       	ldi	r20, 0x0C	; 12
    2c54:	50 e0       	ldi	r21, 0x00	; 0
    2c56:	61 ed       	ldi	r22, 0xD1	; 209
    2c58:	73 e0       	ldi	r23, 0x03	; 3
    2c5a:	8a e0       	ldi	r24, 0x0A	; 10
    2c5c:	90 e0       	ldi	r25, 0x00	; 0
    2c5e:	0e 94 c5 0e 	call	0x1d8a	; 0x1d8a <EPROM_Read_String>
    2c62:	81 ed       	ldi	r24, 0xD1	; 209
    2c64:	93 e0       	ldi	r25, 0x03	; 3
    2c66:	0e 94 d2 13 	call	0x27a4	; 0x27a4 <uart_send_string>
	uart_send_newline();
    2c6a:	0e 94 df 13 	call	0x27be	; 0x27be <uart_send_newline>
	MandarStringdesdePrograma(MenuConfiguracion2);EPROM_Read_String(NombreB2, Buffer, 12); uart_send_string(Buffer);
    2c6e:	84 ef       	ldi	r24, 0xF4	; 244
    2c70:	96 e0       	ldi	r25, 0x06	; 6
    2c72:	0e 94 fb 13 	call	0x27f6	; 0x27f6 <MandarStringdesdePrograma>
    2c76:	4c e0       	ldi	r20, 0x0C	; 12
    2c78:	50 e0       	ldi	r21, 0x00	; 0
    2c7a:	61 ed       	ldi	r22, 0xD1	; 209
    2c7c:	73 e0       	ldi	r23, 0x03	; 3
    2c7e:	89 e1       	ldi	r24, 0x19	; 25
    2c80:	90 e0       	ldi	r25, 0x00	; 0
    2c82:	0e 94 c5 0e 	call	0x1d8a	; 0x1d8a <EPROM_Read_String>
    2c86:	81 ed       	ldi	r24, 0xD1	; 209
    2c88:	93 e0       	ldi	r25, 0x03	; 3
    2c8a:	0e 94 d2 13 	call	0x27a4	; 0x27a4 <uart_send_string>
	uart_send_newline();
    2c8e:	0e 94 df 13 	call	0x27be	; 0x27be <uart_send_newline>
	MandarStringdesdePrograma(MenuConfiguracion3);EPROM_Read_String(NombreB3, Buffer, 10); uart_send_string(Buffer);
    2c92:	89 ec       	ldi	r24, 0xC9	; 201
    2c94:	96 e0       	ldi	r25, 0x06	; 6
    2c96:	0e 94 fb 13 	call	0x27f6	; 0x27f6 <MandarStringdesdePrograma>
    2c9a:	4a e0       	ldi	r20, 0x0A	; 10
    2c9c:	50 e0       	ldi	r21, 0x00	; 0
    2c9e:	61 ed       	ldi	r22, 0xD1	; 209
    2ca0:	73 e0       	ldi	r23, 0x03	; 3
    2ca2:	88 e2       	ldi	r24, 0x28	; 40
    2ca4:	90 e0       	ldi	r25, 0x00	; 0
    2ca6:	0e 94 c5 0e 	call	0x1d8a	; 0x1d8a <EPROM_Read_String>
    2caa:	81 ed       	ldi	r24, 0xD1	; 209
    2cac:	93 e0       	ldi	r25, 0x03	; 3
    2cae:	0e 94 d2 13 	call	0x27a4	; 0x27a4 <uart_send_string>
	uart_send_newline();
    2cb2:	0e 94 df 13 	call	0x27be	; 0x27be <uart_send_newline>
	MandarStringdesdePrograma(MenuConfiguracion4);EPROM_Read_String(NombreB4, Buffer, 10); uart_send_string(Buffer);
    2cb6:	8e e9       	ldi	r24, 0x9E	; 158
    2cb8:	96 e0       	ldi	r25, 0x06	; 6
    2cba:	0e 94 fb 13 	call	0x27f6	; 0x27f6 <MandarStringdesdePrograma>
    2cbe:	4a e0       	ldi	r20, 0x0A	; 10
    2cc0:	50 e0       	ldi	r21, 0x00	; 0
    2cc2:	61 ed       	ldi	r22, 0xD1	; 209
    2cc4:	73 e0       	ldi	r23, 0x03	; 3
    2cc6:	87 e3       	ldi	r24, 0x37	; 55
    2cc8:	90 e0       	ldi	r25, 0x00	; 0
    2cca:	0e 94 c5 0e 	call	0x1d8a	; 0x1d8a <EPROM_Read_String>
    2cce:	81 ed       	ldi	r24, 0xD1	; 209
    2cd0:	93 e0       	ldi	r25, 0x03	; 3
    2cd2:	0e 94 d2 13 	call	0x27a4	; 0x27a4 <uart_send_string>
	uart_send_newline();
    2cd6:	0e 94 df 13 	call	0x27be	; 0x27be <uart_send_newline>
	MandarStringdesdePrograma(MenuConfiguracion6);EPROM_Read_String(KpEprom, Buffer, 3); uart_send_string(Buffer);
    2cda:	8e e7       	ldi	r24, 0x7E	; 126
    2cdc:	96 e0       	ldi	r25, 0x06	; 6
    2cde:	0e 94 fb 13 	call	0x27f6	; 0x27f6 <MandarStringdesdePrograma>
    2ce2:	43 e0       	ldi	r20, 0x03	; 3
    2ce4:	50 e0       	ldi	r21, 0x00	; 0
    2ce6:	61 ed       	ldi	r22, 0xD1	; 209
    2ce8:	73 e0       	ldi	r23, 0x03	; 3
    2cea:	8a ea       	ldi	r24, 0xAA	; 170
    2cec:	90 e0       	ldi	r25, 0x00	; 0
    2cee:	0e 94 c5 0e 	call	0x1d8a	; 0x1d8a <EPROM_Read_String>
    2cf2:	81 ed       	ldi	r24, 0xD1	; 209
    2cf4:	93 e0       	ldi	r25, 0x03	; 3
    2cf6:	0e 94 d2 13 	call	0x27a4	; 0x27a4 <uart_send_string>
	uart_send_newline();
    2cfa:	0e 94 df 13 	call	0x27be	; 0x27be <uart_send_newline>
	MandarStringdesdePrograma(MenuConfiguracion7);EPROM_Read_String(DosificacionB1, Buffer, 3); uart_send_string(Buffer);
    2cfe:	8d e4       	ldi	r24, 0x4D	; 77
    2d00:	96 e0       	ldi	r25, 0x06	; 6
    2d02:	0e 94 fb 13 	call	0x27f6	; 0x27f6 <MandarStringdesdePrograma>
    2d06:	43 e0       	ldi	r20, 0x03	; 3
    2d08:	50 e0       	ldi	r21, 0x00	; 0
    2d0a:	61 ed       	ldi	r22, 0xD1	; 209
    2d0c:	73 e0       	ldi	r23, 0x03	; 3
    2d0e:	88 e1       	ldi	r24, 0x18	; 24
    2d10:	91 e0       	ldi	r25, 0x01	; 1
    2d12:	0e 94 c5 0e 	call	0x1d8a	; 0x1d8a <EPROM_Read_String>
    2d16:	81 ed       	ldi	r24, 0xD1	; 209
    2d18:	93 e0       	ldi	r25, 0x03	; 3
    2d1a:	0e 94 d2 13 	call	0x27a4	; 0x27a4 <uart_send_string>
	uart_send_newline();
    2d1e:	0e 94 df 13 	call	0x27be	; 0x27be <uart_send_newline>
	MandarStringdesdePrograma(MenuConfiguracion8);EPROM_Read_String(DosificacionB2, Buffer, 3); uart_send_string(Buffer);
    2d22:	8c e1       	ldi	r24, 0x1C	; 28
    2d24:	96 e0       	ldi	r25, 0x06	; 6
    2d26:	0e 94 fb 13 	call	0x27f6	; 0x27f6 <MandarStringdesdePrograma>
    2d2a:	43 e0       	ldi	r20, 0x03	; 3
    2d2c:	50 e0       	ldi	r21, 0x00	; 0
    2d2e:	61 ed       	ldi	r22, 0xD1	; 209
    2d30:	73 e0       	ldi	r23, 0x03	; 3
    2d32:	86 e4       	ldi	r24, 0x46	; 70
    2d34:	90 e0       	ldi	r25, 0x00	; 0
    2d36:	0e 94 c5 0e 	call	0x1d8a	; 0x1d8a <EPROM_Read_String>
    2d3a:	81 ed       	ldi	r24, 0xD1	; 209
    2d3c:	93 e0       	ldi	r25, 0x03	; 3
    2d3e:	0e 94 d2 13 	call	0x27a4	; 0x27a4 <uart_send_string>
	uart_send_newline();
    2d42:	0e 94 df 13 	call	0x27be	; 0x27be <uart_send_newline>
	MandarStringdesdePrograma(MenuConfiguracion9);EPROM_Read_String(DosificacionB3, Buffer, 3); uart_send_string(Buffer);
    2d46:	8b ee       	ldi	r24, 0xEB	; 235
    2d48:	95 e0       	ldi	r25, 0x05	; 5
    2d4a:	0e 94 fb 13 	call	0x27f6	; 0x27f6 <MandarStringdesdePrograma>
    2d4e:	43 e0       	ldi	r20, 0x03	; 3
    2d50:	50 e0       	ldi	r21, 0x00	; 0
    2d52:	61 ed       	ldi	r22, 0xD1	; 209
    2d54:	73 e0       	ldi	r23, 0x03	; 3
    2d56:	80 e5       	ldi	r24, 0x50	; 80
    2d58:	90 e0       	ldi	r25, 0x00	; 0
    2d5a:	0e 94 c5 0e 	call	0x1d8a	; 0x1d8a <EPROM_Read_String>
    2d5e:	81 ed       	ldi	r24, 0xD1	; 209
    2d60:	93 e0       	ldi	r25, 0x03	; 3
    2d62:	0e 94 d2 13 	call	0x27a4	; 0x27a4 <uart_send_string>
	uart_send_newline();
    2d66:	0e 94 df 13 	call	0x27be	; 0x27be <uart_send_newline>
	MandarStringdesdePrograma(MenuConfiguracion10);EPROM_Read_String(DosificacionB4, Buffer, 3); uart_send_string(Buffer);
    2d6a:	8a eb       	ldi	r24, 0xBA	; 186
    2d6c:	95 e0       	ldi	r25, 0x05	; 5
    2d6e:	0e 94 fb 13 	call	0x27f6	; 0x27f6 <MandarStringdesdePrograma>
    2d72:	43 e0       	ldi	r20, 0x03	; 3
    2d74:	50 e0       	ldi	r21, 0x00	; 0
    2d76:	61 ed       	ldi	r22, 0xD1	; 209
    2d78:	73 e0       	ldi	r23, 0x03	; 3
    2d7a:	8a e5       	ldi	r24, 0x5A	; 90
    2d7c:	90 e0       	ldi	r25, 0x00	; 0
    2d7e:	0e 94 c5 0e 	call	0x1d8a	; 0x1d8a <EPROM_Read_String>
    2d82:	81 ed       	ldi	r24, 0xD1	; 209
    2d84:	93 e0       	ldi	r25, 0x03	; 3
    2d86:	0e 94 d2 13 	call	0x27a4	; 0x27a4 <uart_send_string>
	uart_send_newline();
    2d8a:	0e 94 df 13 	call	0x27be	; 0x27be <uart_send_newline>
	MandarStringdesdePrograma(MenuConfiguracion11);EPROM_Read_String(CAguaB1, Buffer, 3); uart_send_string(Buffer);
    2d8e:	83 e8       	ldi	r24, 0x83	; 131
    2d90:	95 e0       	ldi	r25, 0x05	; 5
    2d92:	0e 94 fb 13 	call	0x27f6	; 0x27f6 <MandarStringdesdePrograma>
    2d96:	43 e0       	ldi	r20, 0x03	; 3
    2d98:	50 e0       	ldi	r21, 0x00	; 0
    2d9a:	61 ed       	ldi	r22, 0xD1	; 209
    2d9c:	73 e0       	ldi	r23, 0x03	; 3
    2d9e:	84 e6       	ldi	r24, 0x64	; 100
    2da0:	90 e0       	ldi	r25, 0x00	; 0
    2da2:	0e 94 c5 0e 	call	0x1d8a	; 0x1d8a <EPROM_Read_String>
    2da6:	81 ed       	ldi	r24, 0xD1	; 209
    2da8:	93 e0       	ldi	r25, 0x03	; 3
    2daa:	0e 94 d2 13 	call	0x27a4	; 0x27a4 <uart_send_string>
	uart_send_newline();
    2dae:	0e 94 df 13 	call	0x27be	; 0x27be <uart_send_newline>
	MandarStringdesdePrograma(MenuConfiguracion12);EPROM_Read_String(CAguaB2, Buffer, 3); uart_send_string(Buffer);
    2db2:	8c e4       	ldi	r24, 0x4C	; 76
    2db4:	95 e0       	ldi	r25, 0x05	; 5
    2db6:	0e 94 fb 13 	call	0x27f6	; 0x27f6 <MandarStringdesdePrograma>
    2dba:	43 e0       	ldi	r20, 0x03	; 3
    2dbc:	50 e0       	ldi	r21, 0x00	; 0
    2dbe:	61 ed       	ldi	r22, 0xD1	; 209
    2dc0:	73 e0       	ldi	r23, 0x03	; 3
    2dc2:	8e e6       	ldi	r24, 0x6E	; 110
    2dc4:	90 e0       	ldi	r25, 0x00	; 0
    2dc6:	0e 94 c5 0e 	call	0x1d8a	; 0x1d8a <EPROM_Read_String>
    2dca:	81 ed       	ldi	r24, 0xD1	; 209
    2dcc:	93 e0       	ldi	r25, 0x03	; 3
    2dce:	0e 94 d2 13 	call	0x27a4	; 0x27a4 <uart_send_string>
	uart_send_newline();
    2dd2:	0e 94 df 13 	call	0x27be	; 0x27be <uart_send_newline>
	MandarStringdesdePrograma(MenuConfiguracion13);EPROM_Read_String(CAguaB3, Buffer, 3); uart_send_string(Buffer);
    2dd6:	85 e1       	ldi	r24, 0x15	; 21
    2dd8:	95 e0       	ldi	r25, 0x05	; 5
    2dda:	0e 94 fb 13 	call	0x27f6	; 0x27f6 <MandarStringdesdePrograma>
    2dde:	43 e0       	ldi	r20, 0x03	; 3
    2de0:	50 e0       	ldi	r21, 0x00	; 0
    2de2:	61 ed       	ldi	r22, 0xD1	; 209
    2de4:	73 e0       	ldi	r23, 0x03	; 3
    2de6:	88 e7       	ldi	r24, 0x78	; 120
    2de8:	90 e0       	ldi	r25, 0x00	; 0
    2dea:	0e 94 c5 0e 	call	0x1d8a	; 0x1d8a <EPROM_Read_String>
    2dee:	81 ed       	ldi	r24, 0xD1	; 209
    2df0:	93 e0       	ldi	r25, 0x03	; 3
    2df2:	0e 94 d2 13 	call	0x27a4	; 0x27a4 <uart_send_string>
	uart_send_newline();
    2df6:	0e 94 df 13 	call	0x27be	; 0x27be <uart_send_newline>
	MandarStringdesdePrograma(MenuConfiguracion14);EPROM_Read_String(CAguaB4, Buffer, 3); uart_send_string(Buffer);
    2dfa:	8e ed       	ldi	r24, 0xDE	; 222
    2dfc:	94 e0       	ldi	r25, 0x04	; 4
    2dfe:	0e 94 fb 13 	call	0x27f6	; 0x27f6 <MandarStringdesdePrograma>
    2e02:	43 e0       	ldi	r20, 0x03	; 3
    2e04:	50 e0       	ldi	r21, 0x00	; 0
    2e06:	61 ed       	ldi	r22, 0xD1	; 209
    2e08:	73 e0       	ldi	r23, 0x03	; 3
    2e0a:	82 e8       	ldi	r24, 0x82	; 130
    2e0c:	90 e0       	ldi	r25, 0x00	; 0
    2e0e:	0e 94 c5 0e 	call	0x1d8a	; 0x1d8a <EPROM_Read_String>
    2e12:	81 ed       	ldi	r24, 0xD1	; 209
    2e14:	93 e0       	ldi	r25, 0x03	; 3
    2e16:	0e 94 d2 13 	call	0x27a4	; 0x27a4 <uart_send_string>
	uart_send_newline();
    2e1a:	0e 94 df 13 	call	0x27be	; 0x27be <uart_send_newline>
	MandarStringdesdePrograma(MenuConfiguracion15);EPROM_Read_String(PorcDescargaB1, Buffer, 3); uart_send_string(Buffer);
    2e1e:	8e ea       	ldi	r24, 0xAE	; 174
    2e20:	94 e0       	ldi	r25, 0x04	; 4
    2e22:	0e 94 fb 13 	call	0x27f6	; 0x27f6 <MandarStringdesdePrograma>
    2e26:	43 e0       	ldi	r20, 0x03	; 3
    2e28:	50 e0       	ldi	r21, 0x00	; 0
    2e2a:	61 ed       	ldi	r22, 0xD1	; 209
    2e2c:	73 e0       	ldi	r23, 0x03	; 3
    2e2e:	8c e8       	ldi	r24, 0x8C	; 140
    2e30:	90 e0       	ldi	r25, 0x00	; 0
    2e32:	0e 94 c5 0e 	call	0x1d8a	; 0x1d8a <EPROM_Read_String>
    2e36:	81 ed       	ldi	r24, 0xD1	; 209
    2e38:	93 e0       	ldi	r25, 0x03	; 3
    2e3a:	0e 94 d2 13 	call	0x27a4	; 0x27a4 <uart_send_string>
	uart_send_newline();
    2e3e:	0e 94 df 13 	call	0x27be	; 0x27be <uart_send_newline>
	MandarStringdesdePrograma(MenuConfiguracion16);EPROM_Read_String(PorcDescargaB2, Buffer, 3); uart_send_string(Buffer);
    2e42:	8e e7       	ldi	r24, 0x7E	; 126
    2e44:	94 e0       	ldi	r25, 0x04	; 4
    2e46:	0e 94 fb 13 	call	0x27f6	; 0x27f6 <MandarStringdesdePrograma>
    2e4a:	43 e0       	ldi	r20, 0x03	; 3
    2e4c:	50 e0       	ldi	r21, 0x00	; 0
    2e4e:	61 ed       	ldi	r22, 0xD1	; 209
    2e50:	73 e0       	ldi	r23, 0x03	; 3
    2e52:	81 e9       	ldi	r24, 0x91	; 145
    2e54:	90 e0       	ldi	r25, 0x00	; 0
    2e56:	0e 94 c5 0e 	call	0x1d8a	; 0x1d8a <EPROM_Read_String>
    2e5a:	81 ed       	ldi	r24, 0xD1	; 209
    2e5c:	93 e0       	ldi	r25, 0x03	; 3
    2e5e:	0e 94 d2 13 	call	0x27a4	; 0x27a4 <uart_send_string>
	uart_send_newline();
    2e62:	0e 94 df 13 	call	0x27be	; 0x27be <uart_send_newline>
	MandarStringdesdePrograma(MenuConfiguracion17);EPROM_Read_String(PorcDescargaB3, Buffer, 3); uart_send_string(Buffer);
    2e66:	8e e4       	ldi	r24, 0x4E	; 78
    2e68:	94 e0       	ldi	r25, 0x04	; 4
    2e6a:	0e 94 fb 13 	call	0x27f6	; 0x27f6 <MandarStringdesdePrograma>
    2e6e:	43 e0       	ldi	r20, 0x03	; 3
    2e70:	50 e0       	ldi	r21, 0x00	; 0
    2e72:	61 ed       	ldi	r22, 0xD1	; 209
    2e74:	73 e0       	ldi	r23, 0x03	; 3
    2e76:	86 e9       	ldi	r24, 0x96	; 150
    2e78:	90 e0       	ldi	r25, 0x00	; 0
    2e7a:	0e 94 c5 0e 	call	0x1d8a	; 0x1d8a <EPROM_Read_String>
    2e7e:	81 ed       	ldi	r24, 0xD1	; 209
    2e80:	93 e0       	ldi	r25, 0x03	; 3
    2e82:	0e 94 d2 13 	call	0x27a4	; 0x27a4 <uart_send_string>
	uart_send_newline();
    2e86:	0e 94 df 13 	call	0x27be	; 0x27be <uart_send_newline>
	MandarStringdesdePrograma(MenuConfiguracion18);EPROM_Read_String(PorcDescargaB4, Buffer, 3); uart_send_string(Buffer);
    2e8a:	8e e1       	ldi	r24, 0x1E	; 30
    2e8c:	94 e0       	ldi	r25, 0x04	; 4
    2e8e:	0e 94 fb 13 	call	0x27f6	; 0x27f6 <MandarStringdesdePrograma>
    2e92:	43 e0       	ldi	r20, 0x03	; 3
    2e94:	50 e0       	ldi	r21, 0x00	; 0
    2e96:	61 ed       	ldi	r22, 0xD1	; 209
    2e98:	73 e0       	ldi	r23, 0x03	; 3
    2e9a:	8b e9       	ldi	r24, 0x9B	; 155
    2e9c:	90 e0       	ldi	r25, 0x00	; 0
    2e9e:	0e 94 c5 0e 	call	0x1d8a	; 0x1d8a <EPROM_Read_String>
    2ea2:	81 ed       	ldi	r24, 0xD1	; 209
    2ea4:	93 e0       	ldi	r25, 0x03	; 3
    2ea6:	0e 94 d2 13 	call	0x27a4	; 0x27a4 <uart_send_string>
	uart_send_newline();
    2eaa:	0e 94 df 13 	call	0x27be	; 0x27be <uart_send_newline>
	MandarStringdesdePrograma(MenuConfiguracion19);EPROM_Read_String(TamagnoBidon, Buffer, 3); uart_send_string(Buffer);
    2eae:	8c ef       	ldi	r24, 0xFC	; 252
    2eb0:	93 e0       	ldi	r25, 0x03	; 3
    2eb2:	0e 94 fb 13 	call	0x27f6	; 0x27f6 <MandarStringdesdePrograma>
    2eb6:	43 e0       	ldi	r20, 0x03	; 3
    2eb8:	50 e0       	ldi	r21, 0x00	; 0
    2eba:	61 ed       	ldi	r22, 0xD1	; 209
    2ebc:	73 e0       	ldi	r23, 0x03	; 3
    2ebe:	80 ea       	ldi	r24, 0xA0	; 160
    2ec0:	90 e0       	ldi	r25, 0x00	; 0
    2ec2:	0e 94 c5 0e 	call	0x1d8a	; 0x1d8a <EPROM_Read_String>
    2ec6:	81 ed       	ldi	r24, 0xD1	; 209
    2ec8:	93 e0       	ldi	r25, 0x03	; 3
    2eca:	0e 94 d2 13 	call	0x27a4	; 0x27a4 <uart_send_string>
	uart_send_string("0 Litros");
    2ece:	89 e6       	ldi	r24, 0x69	; 105
    2ed0:	91 e0       	ldi	r25, 0x01	; 1
    2ed2:	0e 94 d2 13 	call	0x27a4	; 0x27a4 <uart_send_string>
	uart_send_newline();
    2ed6:	0e 94 df 13 	call	0x27be	; 0x27be <uart_send_newline>
	MandarStringdesdePrograma(TextoRegresar);
    2eda:	8c ee       	ldi	r24, 0xEC	; 236
    2edc:	92 e1       	ldi	r25, 0x12	; 18
    2ede:	0e 94 fb 13 	call	0x27f6	; 0x27f6 <MandarStringdesdePrograma>
    2ee2:	08 95       	ret

00002ee4 <MenuCambioDeNombre>:
}

void MenuCambioDeNombre(void){
	uart_send_newline();
    2ee4:	0e 94 df 13 	call	0x27be	; 0x27be <uart_send_newline>
	MandarStringdesdePrograma(MenuCambioDeNombre0);
    2ee8:	8d e6       	ldi	r24, 0x6D	; 109
    2eea:	93 e0       	ldi	r25, 0x03	; 3
    2eec:	0e 94 fb 13 	call	0x27f6	; 0x27f6 <MandarStringdesdePrograma>
	uart_send_newline();
    2ef0:	0e 94 df 13 	call	0x27be	; 0x27be <uart_send_newline>
	MandarStringdesdePrograma(MenuCambioDeNombre1);
    2ef4:	81 e4       	ldi	r24, 0x41	; 65
    2ef6:	93 e0       	ldi	r25, 0x03	; 3
    2ef8:	0e 94 fb 13 	call	0x27f6	; 0x27f6 <MandarStringdesdePrograma>
	uart_send_newline();
    2efc:	0e 94 df 13 	call	0x27be	; 0x27be <uart_send_newline>
	MandarStringdesdePrograma(MenuCambioDeNombre2);
    2f00:	88 e1       	ldi	r24, 0x18	; 24
    2f02:	93 e0       	ldi	r25, 0x03	; 3
    2f04:	0e 94 fb 13 	call	0x27f6	; 0x27f6 <MandarStringdesdePrograma>
	uart_send_newline();
    2f08:	0e 94 df 13 	call	0x27be	; 0x27be <uart_send_newline>
	MandarStringdesdePrograma(MenuCambioDeNombre3);
    2f0c:	8b ee       	ldi	r24, 0xEB	; 235
    2f0e:	92 e0       	ldi	r25, 0x02	; 2
    2f10:	0e 94 fb 13 	call	0x27f6	; 0x27f6 <MandarStringdesdePrograma>
	uart_send_newline();
    2f14:	0e 94 df 13 	call	0x27be	; 0x27be <uart_send_newline>
	MandarStringdesdePrograma(MenuCambioDeNombre4);
    2f18:	8e eb       	ldi	r24, 0xBE	; 190
    2f1a:	92 e0       	ldi	r25, 0x02	; 2
    2f1c:	0e 94 fb 13 	call	0x27f6	; 0x27f6 <MandarStringdesdePrograma>
	uart_send_newline();
    2f20:	0e 94 df 13 	call	0x27be	; 0x27be <uart_send_newline>
	MandarStringdesdePrograma(MenuCambioDeNombre5);
    2f24:	81 e9       	ldi	r24, 0x91	; 145
    2f26:	92 e0       	ldi	r25, 0x02	; 2
    2f28:	0e 94 fb 13 	call	0x27f6	; 0x27f6 <MandarStringdesdePrograma>
	uart_send_newline();
    2f2c:	0e 94 df 13 	call	0x27be	; 0x27be <uart_send_newline>
	MandarStringdesdePrograma(MenuCambioDeNombre6);
    2f30:	84 e6       	ldi	r24, 0x64	; 100
    2f32:	92 e0       	ldi	r25, 0x02	; 2
    2f34:	0e 94 fb 13 	call	0x27f6	; 0x27f6 <MandarStringdesdePrograma>
	uart_send_newline();}
    2f38:	0e 94 df 13 	call	0x27be	; 0x27be <uart_send_newline>
    2f3c:	08 95       	ret

00002f3e <Fracaso>:
	
void Fracaso(void){
	uart_send_newline();
    2f3e:	0e 94 df 13 	call	0x27be	; 0x27be <uart_send_newline>
	MandarStringdesdePrograma(TextoFracaso);
    2f42:	84 ea       	ldi	r24, 0xA4	; 164
    2f44:	92 e1       	ldi	r25, 0x12	; 18
    2f46:	0e 94 fb 13 	call	0x27f6	; 0x27f6 <MandarStringdesdePrograma>
	uart_send_newline();
    2f4a:	0e 94 df 13 	call	0x27be	; 0x27be <uart_send_newline>
	MandarStringdesdePrograma(TextoFracaso1);
    2f4e:	85 e6       	ldi	r24, 0x65	; 101
    2f50:	92 e1       	ldi	r25, 0x12	; 18
    2f52:	0e 94 fb 13 	call	0x27f6	; 0x27f6 <MandarStringdesdePrograma>
	uart_send_newline();
    2f56:	0e 94 df 13 	call	0x27be	; 0x27be <uart_send_newline>
    2f5a:	08 95       	ret

00002f5c <CambioDeNumero>:
	}
	
void CambioDeNumero(void){
	uart_send_newline();
    2f5c:	0e 94 df 13 	call	0x27be	; 0x27be <uart_send_newline>
	MandarStringdesdePrograma(MenuCambioDeNumero0);
    2f60:	80 e3       	ldi	r24, 0x30	; 48
    2f62:	92 e0       	ldi	r25, 0x02	; 2
    2f64:	0e 94 fb 13 	call	0x27f6	; 0x27f6 <MandarStringdesdePrograma>
	uart_send_newline();
    2f68:	0e 94 df 13 	call	0x27be	; 0x27be <uart_send_newline>
	MandarStringdesdePrograma(MenuCambioDeNumero1);
    2f6c:	82 ef       	ldi	r24, 0xF2	; 242
    2f6e:	91 e0       	ldi	r25, 0x01	; 1
    2f70:	0e 94 fb 13 	call	0x27f6	; 0x27f6 <MandarStringdesdePrograma>
	uart_send_newline();
    2f74:	0e 94 df 13 	call	0x27be	; 0x27be <uart_send_newline>
	MandarStringdesdePrograma(MenuCambioDeNumero2);
    2f78:	83 eb       	ldi	r24, 0xB3	; 179
    2f7a:	91 e0       	ldi	r25, 0x01	; 1
    2f7c:	0e 94 fb 13 	call	0x27f6	; 0x27f6 <MandarStringdesdePrograma>
	uart_send_newline();
    2f80:	0e 94 df 13 	call	0x27be	; 0x27be <uart_send_newline>
	MandarStringdesdePrograma(MenuCambioDeNumero3);
    2f84:	86 e8       	ldi	r24, 0x86	; 134
    2f86:	91 e0       	ldi	r25, 0x01	; 1
    2f88:	0e 94 fb 13 	call	0x27f6	; 0x27f6 <MandarStringdesdePrograma>
	uart_send_newline();
    2f8c:	0e 94 df 13 	call	0x27be	; 0x27be <uart_send_newline>
	MandarStringdesdePrograma(MenuCambioDeNumero4);
    2f90:	8a e4       	ldi	r24, 0x4A	; 74
    2f92:	91 e0       	ldi	r25, 0x01	; 1
    2f94:	0e 94 fb 13 	call	0x27f6	; 0x27f6 <MandarStringdesdePrograma>
	uart_send_newline();
    2f98:	0e 94 df 13 	call	0x27be	; 0x27be <uart_send_newline>
	MandarStringdesdePrograma(MenuCambioDeNumero5);
    2f9c:	8e e0       	ldi	r24, 0x0E	; 14
    2f9e:	91 e0       	ldi	r25, 0x01	; 1
    2fa0:	0e 94 fb 13 	call	0x27f6	; 0x27f6 <MandarStringdesdePrograma>
	uart_send_newline();
    2fa4:	0e 94 df 13 	call	0x27be	; 0x27be <uart_send_newline>
	MandarStringdesdePrograma(MenuCambioDeNumero6);
    2fa8:	82 ed       	ldi	r24, 0xD2	; 210
    2faa:	90 e0       	ldi	r25, 0x00	; 0
    2fac:	0e 94 fb 13 	call	0x27f6	; 0x27f6 <MandarStringdesdePrograma>
	uart_send_newline();
    2fb0:	0e 94 df 13 	call	0x27be	; 0x27be <uart_send_newline>
    2fb4:	08 95       	ret

00002fb6 <MenuTamanho>:
}

void MenuTamanho(void){
	uart_send_newline();
    2fb6:	0e 94 df 13 	call	0x27be	; 0x27be <uart_send_newline>
	MandarStringdesdePrograma(MenuTamagno);
    2fba:	8d eb       	ldi	r24, 0xBD	; 189
    2fbc:	93 e0       	ldi	r25, 0x03	; 3
    2fbe:	0e 94 fb 13 	call	0x27f6	; 0x27f6 <MandarStringdesdePrograma>
	uart_send_newline();
    2fc2:	0e 94 df 13 	call	0x27be	; 0x27be <uart_send_newline>
	MandarStringdesdePrograma(MenuTamagno0);
    2fc6:	84 eb       	ldi	r24, 0xB4	; 180
    2fc8:	93 e0       	ldi	r25, 0x03	; 3
    2fca:	0e 94 fb 13 	call	0x27f6	; 0x27f6 <MandarStringdesdePrograma>
	uart_send_newline();
    2fce:	0e 94 df 13 	call	0x27be	; 0x27be <uart_send_newline>
	MandarStringdesdePrograma(MenuTamagno1);
    2fd2:	8b ea       	ldi	r24, 0xAB	; 171
    2fd4:	93 e0       	ldi	r25, 0x03	; 3
    2fd6:	0e 94 fb 13 	call	0x27f6	; 0x27f6 <MandarStringdesdePrograma>
	uart_send_newline();}
    2fda:	0e 94 df 13 	call	0x27be	; 0x27be <uart_send_newline>
    2fde:	08 95       	ret

00002fe0 <DetectarError>:
 *     #        #    #  #   ##  #    #  #  #    #  #   ##  #       #    #      #    ##  #       #    #  #       #    #  #    #  #   #   #  #    #  #    # 
 *     #         ####   #    #   ####   #   ####   #    #  ######   ####       #     #  ######   ####   ######   ####   #    #  #    #  #  #    #   ####  
 *    >>>>>>>>>>>>>>>>>>>>>>>>>>>>>>>>>>>>>>>>>>>>>>>>>>>>>>>>>>>>>>>>>>>>>>>>>>>>>>>>>>>>>>>>>>>>>>>>>>>>>>>>>>>>>>>>>>>>>>>>>>>>>>>>>>>>>>>>>>>>>>>>>>>>>>>>>>>>>>>>>>>>>>>>>>>>>>>>>>>>>>>>>>>>>>>>>>>>>>>>>>>>>>>>>>>>>>>>>>>>>>>>>>>>>>>>>>>>>>>>>>>>>>>>>>>>>>>>>>>>>>>>>>>>>>>>>>>>>>>>>>>>>>>>>>>>>>>>>>>>>>>>>>>>>>>>>>>>>>>>>>>>>>>>>>>>>>>>>>>>>>>>>>>>>>>>>>>>>>>>>>>>>>>>>>>>>>>>>>>>>>>>>>>>>>>>>>>>>>>>>>>>>>>>>>>>>>>>>>>>>>>>>>>>>>>>>>>>>>>>>>>>>>>>>>>>>>>>>>>>>>>>>>>>>>>>>>>>>>>>>>>>>>>>>>>>>>>>>>>>>>>>>>>>>>>>>>>>>>>>>>>>>                     >>>>>>>>>>>>>>>>>>>>>>>>>>>>>>>>>>>>>>>>>>>>>>>>>>>>>>>>>>>>>>>>>>>>>>>>>>>>>>>>>>>>>>>>>>>>>>>>>>>>>>>>>>>>>>>>>>>>>>>>>>>>>>>>>>>>>>>>>>>>>>>>>>>>>>>>>>>>>>>>>>>>>>>>>>>>>>>>>>>>>>>>>>>>>>>>>>>>>>>>>>>>>>>>>>>>>>>>>>>>>>>>>>>>>>>>>>>>>>>>>>>>>>>>>>>>>>>>>>>>>>>>>>>>>>>>>>>>>>>>>>>>>>>>>>>>>>>>>>>>>>>>>>>>>>>>>>>>>>>>>>>>>>>>>>>>>>>>>>>>>>>>>>>>>>>>>>>>>>>>>>>>>>>>>>>>>>>>>>>>>>>>>>>>>>>>>>>>>>>>>>>>>>>>>>>>>>>>>>>>>>>>>>>>>>>>>>>>>>>>>>>>>>>>>>>>>>>>>>>>>>>>>>>>>>>>>>>>>>>>>>>>>>>>>>>>>>>>>>>>>>>>>>>>>>>>>>>>>>>>>>>>>>>>>>>>>>>>>>>>>>>>>>>>>>>>>>>>>>>>>>>>>>>>>>>>>>>>>>>>>>>>>>>>>>>>>>>>>>>>>>>>>>>>>>>>>>>>>>>>>>>>>>>>>>>>>>>>>>>>>>>>>>>>>>>>>>>>>>>>>>>>>>>>>>>>>>>>>>>>>>>>>>>>>>>>>>>>>>>>>>>>>>>>>>>>>>>>>>>>>>>>>>>>>>>>>>>>>>>>>>>>>>>>>>>>>>>>>>>>>>>>>>>>>>>>>>>>>>>>>>>>>>>>>>>>>>>>>>>>>>>>>>>>>>>>>>>>>>>>>>>>>>>>>>>>>>>>>>>>>>>>>>>>                            
 */
void DetectarError(void){
	 SensorrTaza=LeerSensorTaza();
    2fe0:	0e 94 40 13 	call	0x2680	; 0x2680 <LeerSensorTaza>
    2fe4:	80 93 a0 03 	sts	0x03A0, r24	; 0x8003a0 <SensorrTaza>
	 SensorrPuerta=LeerSensorPuerta();
    2fe8:	0e 94 36 13 	call	0x266c	; 0x266c <LeerSensorPuerta>
    2fec:	80 93 9f 03 	sts	0x039F, r24	; 0x80039f <SensorrPuerta>
	 BanderaError=SensorrPuerta||SensorrTaza; // Existe un error si la puerta está abierta o la taza no está bien puesta
    2ff0:	81 11       	cpse	r24, r1
    2ff2:	06 c0       	rjmp	.+12     	; 0x3000 <DetectarError+0x20>
    2ff4:	80 91 a0 03 	lds	r24, 0x03A0	; 0x8003a0 <SensorrTaza>
    2ff8:	88 23       	and	r24, r24
    2ffa:	21 f0       	breq	.+8      	; 0x3004 <DetectarError+0x24>
    2ffc:	81 e0       	ldi	r24, 0x01	; 1
    2ffe:	03 c0       	rjmp	.+6      	; 0x3006 <DetectarError+0x26>
    3000:	81 e0       	ldi	r24, 0x01	; 1
    3002:	01 c0       	rjmp	.+2      	; 0x3006 <DetectarError+0x26>
    3004:	80 e0       	ldi	r24, 0x00	; 0
    3006:	80 93 90 03 	sts	0x0390, r24	; 0x800390 <BanderaError>
	if(BanderaError!=0){
    300a:	80 91 90 03 	lds	r24, 0x0390	; 0x800390 <BanderaError>
    300e:	88 23       	and	r24, r24
    3010:	71 f1       	breq	.+92     	; 0x306e <DetectarError+0x8e>
		lcd_init();
    3012:	0e 94 ed 0f 	call	0x1fda	; 0x1fda <lcd_init>
		limpiar_LCD();
    3016:	0e 94 3c 10 	call	0x2078	; 0x2078 <limpiar_LCD>
		lcd_init();
    301a:	0e 94 ed 0f 	call	0x1fda	; 0x1fda <lcd_init>
		escribirEnLCD(" ERROR PUERTA ");
    301e:	82 e7       	ldi	r24, 0x72	; 114
    3020:	91 e0       	ldi	r25, 0x01	; 1
    3022:	0e 94 1f 10 	call	0x203e	; 0x203e <escribirEnLCD>
		RetardoPersonalizadosEnMs(452);
    3026:	84 ec       	ldi	r24, 0xC4	; 196
    3028:	91 e0       	ldi	r25, 0x01	; 1
    302a:	0e 94 e4 09 	call	0x13c8	; 0x13c8 <RetardoPersonalizadosEnMs>
		limpiar_LCD();
    302e:	0e 94 3c 10 	call	0x2078	; 0x2078 <limpiar_LCD>
		escribirEnLCD(" ABIERTA O");
    3032:	81 e8       	ldi	r24, 0x81	; 129
    3034:	91 e0       	ldi	r25, 0x01	; 1
    3036:	0e 94 1f 10 	call	0x203e	; 0x203e <escribirEnLCD>
		RetardoPersonalizadosEnMs(452);
    303a:	84 ec       	ldi	r24, 0xC4	; 196
    303c:	91 e0       	ldi	r25, 0x01	; 1
    303e:	0e 94 e4 09 	call	0x13c8	; 0x13c8 <RetardoPersonalizadosEnMs>
		limpiar_LCD();
    3042:	0e 94 3c 10 	call	0x2078	; 0x2078 <limpiar_LCD>
		escribirEnLCD(" TAZA MAL PUESTA");
    3046:	8c e8       	ldi	r24, 0x8C	; 140
    3048:	91 e0       	ldi	r25, 0x01	; 1
    304a:	0e 94 1f 10 	call	0x203e	; 0x203e <escribirEnLCD>
		RetardoPersonalizadosEnMs(452);
    304e:	84 ec       	ldi	r24, 0xC4	; 196
    3050:	91 e0       	ldi	r25, 0x01	; 1
    3052:	0e 94 e4 09 	call	0x13c8	; 0x13c8 <RetardoPersonalizadosEnMs>
		limpiar_LCD();
    3056:	0e 94 3c 10 	call	0x2078	; 0x2078 <limpiar_LCD>
		uart_send_newline();
    305a:	0e 94 df 13 	call	0x27be	; 0x27be <uart_send_newline>
		uart_send_string(">>ERROR: Cierre la puerta o coloque bien la taza para continuar...")
    305e:	8d e9       	ldi	r24, 0x9D	; 157
    3060:	91 e0       	ldi	r25, 0x01	; 1
    3062:	0e 94 d2 13 	call	0x27a4	; 0x27a4 <uart_send_string>
		;
		ApagarTodo(); // Por las dudas
    3066:	0e 94 24 13 	call	0x2648	; 0x2648 <ApagarTodo>
		asm volatile ("jmp 0"); // Reiniciamos el micro
    306a:	0c 94 00 00 	jmp	0	; 0x0 <__vectors>
    306e:	08 95       	ret

00003070 <Servido>:
	
	}}
void Servido (void){
	DetectarError();
    3070:	0e 94 f0 17 	call	0x2fe0	; 0x2fe0 <DetectarError>
	if ((BanderaServido!=0)&&(BanderaError==0)){
    3074:	80 91 92 03 	lds	r24, 0x0392	; 0x800392 <BanderaServido>
    3078:	88 23       	and	r24, r24
    307a:	61 f1       	breq	.+88     	; 0x30d4 <Servido+0x64>
    307c:	80 91 90 03 	lds	r24, 0x0390	; 0x800390 <BanderaError>
    3080:	81 11       	cpse	r24, r1
    3082:	28 c0       	rjmp	.+80     	; 0x30d4 <Servido+0x64>
			lcd_init();
    3084:	0e 94 ed 0f 	call	0x1fda	; 0x1fda <lcd_init>
		limpiar_LCD();
    3088:	0e 94 3c 10 	call	0x2078	; 0x2078 <limpiar_LCD>
	   uart_send_newline();
    308c:	0e 94 df 13 	call	0x27be	; 0x27be <uart_send_newline>
	     uart_send_string("Se inició el servido...");
    3090:	80 ee       	ldi	r24, 0xE0	; 224
    3092:	91 e0       	ldi	r25, 0x01	; 1
    3094:	0e 94 d2 13 	call	0x27a4	; 0x27a4 <uart_send_string>
		 uart_send_string("Consola bloqueada hasta terminar  el proceso...");
    3098:	88 ef       	ldi	r24, 0xF8	; 248
    309a:	91 e0       	ldi	r25, 0x01	; 1
    309c:	0e 94 d2 13 	call	0x27a4	; 0x27a4 <uart_send_string>
		escribirEnLCD(" Sirviendo...");
    30a0:	88 e2       	ldi	r24, 0x28	; 40
    30a2:	92 e0       	ldi	r25, 0x02	; 2
    30a4:	0e 94 1f 10 	call	0x203e	; 0x203e <escribirEnLCD>
    30a8:	85 ea       	ldi	r24, 0xA5	; 165
    30aa:	9e e0       	ldi	r25, 0x0E	; 14
    30ac:	01 97       	sbiw	r24, 0x01	; 1
    30ae:	f1 f7       	brne	.-4      	; 0x30ac <Servido+0x3c>
    30b0:	00 c0       	rjmp	.+0      	; 0x30b2 <Servido+0x42>
    30b2:	00 00       	nop
		_delay_ms(15);
		SeleccionarMedida(SelectorMenuLCD);
    30b4:	80 91 9e 03 	lds	r24, 0x039E	; 0x80039e <SelectorMenuLCD>
    30b8:	90 e0       	ldi	r25, 0x00	; 0
    30ba:	0e 94 cf 0c 	call	0x199e	; 0x199e <SeleccionarMedida>
			lcd_init();
    30be:	0e 94 ed 0f 	call	0x1fda	; 0x1fda <lcd_init>
			limpiar_LCD();
    30c2:	0e 94 3c 10 	call	0x2078	; 0x2078 <limpiar_LCD>
		BanderaServido=0;	
    30c6:	10 92 92 03 	sts	0x0392, r1	; 0x800392 <BanderaServido>
		uart_send_string(">>Servido finalizado");																																																																			//;main(); // Terminada la operacion de servido, volvamos a la main. 
    30ca:	86 e3       	ldi	r24, 0x36	; 54
    30cc:	92 e0       	ldi	r25, 0x02	; 2
    30ce:	0e 94 d2 13 	call	0x27a4	; 0x27a4 <uart_send_string>
		asm volatile ("jmp 0"); // Reiniciamos el micro
	
	}}
void Servido (void){
	DetectarError();
	if ((BanderaServido!=0)&&(BanderaError==0)){
    30d2:	08 95       	ret
		SeleccionarMedida(SelectorMenuLCD);
			lcd_init();
			limpiar_LCD();
		BanderaServido=0;	
		uart_send_string(">>Servido finalizado");																																																																			//;main(); // Terminada la operacion de servido, volvamos a la main. 
	}else{DetectarError();}
    30d4:	0e 94 f0 17 	call	0x2fe0	; 0x2fe0 <DetectarError>
    30d8:	08 95       	ret

000030da <ConfiguracionPredeterminada>:
	
}
void ConfiguracionPredeterminada(void){
    30da:	cf 92       	push	r12
    30dc:	df 92       	push	r13
    30de:	ef 92       	push	r14
    30e0:	ff 92       	push	r15
    30e2:	0f 93       	push	r16
    30e4:	1f 93       	push	r17
    30e6:	cf 93       	push	r28
    30e8:	df 93       	push	r29
    30ea:	cd b7       	in	r28, 0x3d	; 61
    30ec:	de b7       	in	r29, 0x3e	; 62
    30ee:	c0 55       	subi	r28, 0x50	; 80
    30f0:	d1 09       	sbc	r29, r1
    30f2:	0f b6       	in	r0, 0x3f	; 63
    30f4:	f8 94       	cli
    30f6:	de bf       	out	0x3e, r29	; 62
    30f8:	0f be       	out	0x3f, r0	; 63
    30fa:	cd bf       	out	0x3d, r28	; 61
	char BufferAuxiliar[10]="2";
    30fc:	02 e3       	ldi	r16, 0x32	; 50
    30fe:	10 e0       	ldi	r17, 0x00	; 0
    3100:	1a 83       	std	Y+2, r17	; 0x02
    3102:	09 83       	std	Y+1, r16	; 0x01
    3104:	fe 01       	movw	r30, r28
    3106:	33 96       	adiw	r30, 0x03	; 3
    3108:	88 e0       	ldi	r24, 0x08	; 8
    310a:	df 01       	movw	r26, r30
    310c:	1d 92       	st	X+, r1
    310e:	8a 95       	dec	r24
    3110:	e9 f7       	brne	.-6      	; 0x310c <ConfiguracionPredeterminada+0x32>
	EPROM_Write_String(TamagnoBidon, BufferAuxiliar); // Por defecto el bidón es de 20 litros
    3112:	be 01       	movw	r22, r28
    3114:	6f 5f       	subi	r22, 0xFF	; 255
    3116:	7f 4f       	sbci	r23, 0xFF	; 255
    3118:	80 ea       	ldi	r24, 0xA0	; 160
    311a:	90 e0       	ldi	r25, 0x00	; 0
    311c:	0e 94 8b 0e 	call	0x1d16	; 0x1d16 <EPROM_Write_String>
	char BufferAuxiliar0[10]="CAFFE";
    3120:	86 e0       	ldi	r24, 0x06	; 6
    3122:	e0 e0       	ldi	r30, 0x00	; 0
    3124:	f1 e0       	ldi	r31, 0x01	; 1
    3126:	de 01       	movw	r26, r28
    3128:	1b 96       	adiw	r26, 0x0b	; 11
    312a:	01 90       	ld	r0, Z+
    312c:	0d 92       	st	X+, r0
    312e:	8a 95       	dec	r24
    3130:	e1 f7       	brne	.-8      	; 0x312a <ConfiguracionPredeterminada+0x50>
    3132:	68 94       	set
    3134:	ff 24       	eor	r15, r15
    3136:	f2 f8       	bld	r15, 2
    3138:	fe 01       	movw	r30, r28
    313a:	71 96       	adiw	r30, 0x11	; 17
    313c:	df 01       	movw	r26, r30
    313e:	8f 2d       	mov	r24, r15
    3140:	1d 92       	st	X+, r1
    3142:	8a 95       	dec	r24
    3144:	e9 f7       	brne	.-6      	; 0x3140 <ConfiguracionPredeterminada+0x66>
	EPROM_Write_String(NombreB1, BufferAuxiliar0); // 
    3146:	be 01       	movw	r22, r28
    3148:	65 5f       	subi	r22, 0xF5	; 245
    314a:	7f 4f       	sbci	r23, 0xFF	; 255
    314c:	8a e0       	ldi	r24, 0x0A	; 10
    314e:	90 e0       	ldi	r25, 0x00	; 0
    3150:	0e 94 8b 0e 	call	0x1d16	; 0x1d16 <EPROM_Write_String>
	EPROM_Read_String(NombreB1, Buffer, 10);//  
    3154:	4a e0       	ldi	r20, 0x0A	; 10
    3156:	50 e0       	ldi	r21, 0x00	; 0
    3158:	61 ed       	ldi	r22, 0xD1	; 209
    315a:	73 e0       	ldi	r23, 0x03	; 3
    315c:	8a e0       	ldi	r24, 0x0A	; 10
    315e:	90 e0       	ldi	r25, 0x00	; 0
    3160:	0e 94 c5 0e 	call	0x1d8a	; 0x1d8a <EPROM_Read_String>
	uart_send_string(" ->");
    3164:	81 e4       	ldi	r24, 0x41	; 65
    3166:	91 e0       	ldi	r25, 0x01	; 1
    3168:	0e 94 d2 13 	call	0x27a4	; 0x27a4 <uart_send_string>
	uart_send_string(Buffer);
    316c:	81 ed       	ldi	r24, 0xD1	; 209
    316e:	93 e0       	ldi	r25, 0x03	; 3
    3170:	0e 94 d2 13 	call	0x27a4	; 0x27a4 <uart_send_string>
	char BufferAuxiliar2[10]="TE";
    3174:	84 e5       	ldi	r24, 0x54	; 84
    3176:	95 e4       	ldi	r25, 0x45	; 69
    3178:	9e 8b       	std	Y+22, r25	; 0x16
    317a:	8d 8b       	std	Y+21, r24	; 0x15
    317c:	18 8e       	std	Y+24, r1	; 0x18
    317e:	1f 8a       	std	Y+23, r1	; 0x17
    3180:	fe 01       	movw	r30, r28
    3182:	79 96       	adiw	r30, 0x19	; 25
    3184:	86 e0       	ldi	r24, 0x06	; 6
    3186:	df 01       	movw	r26, r30
    3188:	1d 92       	st	X+, r1
    318a:	8a 95       	dec	r24
    318c:	e9 f7       	brne	.-6      	; 0x3188 <ConfiguracionPredeterminada+0xae>
	EPROM_Write_String(NombreB2, BufferAuxiliar2); //
    318e:	be 01       	movw	r22, r28
    3190:	6b 5e       	subi	r22, 0xEB	; 235
    3192:	7f 4f       	sbci	r23, 0xFF	; 255
    3194:	89 e1       	ldi	r24, 0x19	; 25
    3196:	90 e0       	ldi	r25, 0x00	; 0
    3198:	0e 94 8b 0e 	call	0x1d16	; 0x1d16 <EPROM_Write_String>
	EPROM_Read_String(NombreB2, Buffer, 10);//
    319c:	4a e0       	ldi	r20, 0x0A	; 10
    319e:	50 e0       	ldi	r21, 0x00	; 0
    31a0:	61 ed       	ldi	r22, 0xD1	; 209
    31a2:	73 e0       	ldi	r23, 0x03	; 3
    31a4:	89 e1       	ldi	r24, 0x19	; 25
    31a6:	90 e0       	ldi	r25, 0x00	; 0
    31a8:	0e 94 c5 0e 	call	0x1d8a	; 0x1d8a <EPROM_Read_String>
	uart_send_string(" ->");
    31ac:	81 e4       	ldi	r24, 0x41	; 65
    31ae:	91 e0       	ldi	r25, 0x01	; 1
    31b0:	0e 94 d2 13 	call	0x27a4	; 0x27a4 <uart_send_string>
	uart_send_string(Buffer);
    31b4:	81 ed       	ldi	r24, 0xD1	; 209
    31b6:	93 e0       	ldi	r25, 0x03	; 3
    31b8:	0e 94 d2 13 	call	0x27a4	; 0x27a4 <uart_send_string>
	char BufferAuxiliar3[10]="YERBIADO";
    31bc:	89 e0       	ldi	r24, 0x09	; 9
    31be:	ea e0       	ldi	r30, 0x0A	; 10
    31c0:	f1 e0       	ldi	r31, 0x01	; 1
    31c2:	de 01       	movw	r26, r28
    31c4:	5f 96       	adiw	r26, 0x1f	; 31
    31c6:	01 90       	ld	r0, Z+
    31c8:	0d 92       	st	X+, r0
    31ca:	8a 95       	dec	r24
    31cc:	e1 f7       	brne	.-8      	; 0x31c6 <ConfiguracionPredeterminada+0xec>
    31ce:	18 a6       	std	Y+40, r1	; 0x28
	EPROM_Write_String(NombreB3, BufferAuxiliar3); //
    31d0:	be 01       	movw	r22, r28
    31d2:	61 5e       	subi	r22, 0xE1	; 225
    31d4:	7f 4f       	sbci	r23, 0xFF	; 255
    31d6:	88 e2       	ldi	r24, 0x28	; 40
    31d8:	90 e0       	ldi	r25, 0x00	; 0
    31da:	0e 94 8b 0e 	call	0x1d16	; 0x1d16 <EPROM_Write_String>
	EPROM_Read_String(NombreB3, Buffer, 10);//
    31de:	4a e0       	ldi	r20, 0x0A	; 10
    31e0:	50 e0       	ldi	r21, 0x00	; 0
    31e2:	61 ed       	ldi	r22, 0xD1	; 209
    31e4:	73 e0       	ldi	r23, 0x03	; 3
    31e6:	88 e2       	ldi	r24, 0x28	; 40
    31e8:	90 e0       	ldi	r25, 0x00	; 0
    31ea:	0e 94 c5 0e 	call	0x1d8a	; 0x1d8a <EPROM_Read_String>
	uart_send_string(" ->");
    31ee:	81 e4       	ldi	r24, 0x41	; 65
    31f0:	91 e0       	ldi	r25, 0x01	; 1
    31f2:	0e 94 d2 13 	call	0x27a4	; 0x27a4 <uart_send_string>
	uart_send_string(Buffer);
    31f6:	81 ed       	ldi	r24, 0xD1	; 209
    31f8:	93 e0       	ldi	r25, 0x03	; 3
    31fa:	0e 94 d2 13 	call	0x27a4	; 0x27a4 <uart_send_string>
	char BufferAuxiliar4[10]="LATTE";
    31fe:	86 e0       	ldi	r24, 0x06	; 6
    3200:	e4 e1       	ldi	r30, 0x14	; 20
    3202:	f1 e0       	ldi	r31, 0x01	; 1
    3204:	de 01       	movw	r26, r28
    3206:	99 96       	adiw	r26, 0x29	; 41
    3208:	01 90       	ld	r0, Z+
    320a:	0d 92       	st	X+, r0
    320c:	8a 95       	dec	r24
    320e:	e1 f7       	brne	.-8      	; 0x3208 <ConfiguracionPredeterminada+0x12e>
    3210:	fe 01       	movw	r30, r28
    3212:	bf 96       	adiw	r30, 0x2f	; 47
    3214:	df 01       	movw	r26, r30
    3216:	1d 92       	st	X+, r1
    3218:	fa 94       	dec	r15
    321a:	e9 f7       	brne	.-6      	; 0x3216 <ConfiguracionPredeterminada+0x13c>
	EPROM_Write_String(NombreB4, BufferAuxiliar4); //
    321c:	be 01       	movw	r22, r28
    321e:	67 5d       	subi	r22, 0xD7	; 215
    3220:	7f 4f       	sbci	r23, 0xFF	; 255
    3222:	87 e3       	ldi	r24, 0x37	; 55
    3224:	90 e0       	ldi	r25, 0x00	; 0
    3226:	0e 94 8b 0e 	call	0x1d16	; 0x1d16 <EPROM_Write_String>
	EPROM_Read_String(NombreB4, Buffer, 10);//
    322a:	4a e0       	ldi	r20, 0x0A	; 10
    322c:	50 e0       	ldi	r21, 0x00	; 0
    322e:	61 ed       	ldi	r22, 0xD1	; 209
    3230:	73 e0       	ldi	r23, 0x03	; 3
    3232:	87 e3       	ldi	r24, 0x37	; 55
    3234:	90 e0       	ldi	r25, 0x00	; 0
    3236:	0e 94 c5 0e 	call	0x1d8a	; 0x1d8a <EPROM_Read_String>
	uart_send_string(" ->");
    323a:	81 e4       	ldi	r24, 0x41	; 65
    323c:	91 e0       	ldi	r25, 0x01	; 1
    323e:	0e 94 d2 13 	call	0x27a4	; 0x27a4 <uart_send_string>
	uart_send_string(Buffer);
    3242:	81 ed       	ldi	r24, 0xD1	; 209
    3244:	93 e0       	ldi	r25, 0x03	; 3
    3246:	0e 94 d2 13 	call	0x27a4	; 0x27a4 <uart_send_string>
	char BufferAuxiliar5[5]="100"; //Por defecto todas las bebidas dosifican 100 mL
    324a:	0f 2e       	mov	r0, r31
    324c:	f1 e3       	ldi	r31, 0x31	; 49
    324e:	ef 2e       	mov	r14, r31
    3250:	f0 e3       	ldi	r31, 0x30	; 48
    3252:	ff 2e       	mov	r15, r31
    3254:	f0 2d       	mov	r31, r0
    3256:	fc aa       	std	Y+52, r15	; 0x34
    3258:	eb aa       	std	Y+51, r14	; 0x33
    325a:	0f 2e       	mov	r0, r31
    325c:	f0 e3       	ldi	r31, 0x30	; 48
    325e:	cf 2e       	mov	r12, r31
    3260:	d1 2c       	mov	r13, r1
    3262:	f0 2d       	mov	r31, r0
    3264:	de aa       	std	Y+54, r13	; 0x36
    3266:	cd aa       	std	Y+53, r12	; 0x35
    3268:	1f aa       	std	Y+55, r1	; 0x37
	EPROM_Write_String(DosificacionB1, BufferAuxiliar5); // 
    326a:	be 01       	movw	r22, r28
    326c:	6d 5c       	subi	r22, 0xCD	; 205
    326e:	7f 4f       	sbci	r23, 0xFF	; 255
    3270:	88 e1       	ldi	r24, 0x18	; 24
    3272:	91 e0       	ldi	r25, 0x01	; 1
    3274:	0e 94 8b 0e 	call	0x1d16	; 0x1d16 <EPROM_Write_String>
    EPROM_Write_String(DosificacionB2, BufferAuxiliar5); //
    3278:	be 01       	movw	r22, r28
    327a:	6d 5c       	subi	r22, 0xCD	; 205
    327c:	7f 4f       	sbci	r23, 0xFF	; 255
    327e:	86 e4       	ldi	r24, 0x46	; 70
    3280:	90 e0       	ldi	r25, 0x00	; 0
    3282:	0e 94 8b 0e 	call	0x1d16	; 0x1d16 <EPROM_Write_String>
	EPROM_Write_String(DosificacionB3, BufferAuxiliar5); //
    3286:	be 01       	movw	r22, r28
    3288:	6d 5c       	subi	r22, 0xCD	; 205
    328a:	7f 4f       	sbci	r23, 0xFF	; 255
    328c:	80 e5       	ldi	r24, 0x50	; 80
    328e:	90 e0       	ldi	r25, 0x00	; 0
    3290:	0e 94 8b 0e 	call	0x1d16	; 0x1d16 <EPROM_Write_String>
	EPROM_Write_String(DosificacionB4, BufferAuxiliar5); //
    3294:	be 01       	movw	r22, r28
    3296:	6d 5c       	subi	r22, 0xCD	; 205
    3298:	7f 4f       	sbci	r23, 0xFF	; 255
    329a:	8a e5       	ldi	r24, 0x5A	; 90
    329c:	90 e0       	ldi	r25, 0x00	; 0
    329e:	0e 94 8b 0e 	call	0x1d16	; 0x1d16 <EPROM_Write_String>
	char BufferAuxiliar6[5]="200"; //Por defecto todas las se llenan con 200mL
    32a2:	82 e3       	ldi	r24, 0x32	; 50
    32a4:	90 e3       	ldi	r25, 0x30	; 48
    32a6:	99 af       	std	Y+57, r25	; 0x39
    32a8:	88 af       	std	Y+56, r24	; 0x38
    32aa:	db ae       	std	Y+59, r13	; 0x3b
    32ac:	ca ae       	std	Y+58, r12	; 0x3a
    32ae:	1c ae       	std	Y+60, r1	; 0x3c
	EPROM_Write_String(CAguaB1,BufferAuxiliar6); //
    32b0:	be 01       	movw	r22, r28
    32b2:	68 5c       	subi	r22, 0xC8	; 200
    32b4:	7f 4f       	sbci	r23, 0xFF	; 255
    32b6:	84 e6       	ldi	r24, 0x64	; 100
    32b8:	90 e0       	ldi	r25, 0x00	; 0
    32ba:	0e 94 8b 0e 	call	0x1d16	; 0x1d16 <EPROM_Write_String>
	EPROM_Write_String(CAguaB2,BufferAuxiliar6); //
    32be:	be 01       	movw	r22, r28
    32c0:	68 5c       	subi	r22, 0xC8	; 200
    32c2:	7f 4f       	sbci	r23, 0xFF	; 255
    32c4:	8e e6       	ldi	r24, 0x6E	; 110
    32c6:	90 e0       	ldi	r25, 0x00	; 0
    32c8:	0e 94 8b 0e 	call	0x1d16	; 0x1d16 <EPROM_Write_String>
	EPROM_Write_String(CAguaB3,BufferAuxiliar6); //
    32cc:	be 01       	movw	r22, r28
    32ce:	68 5c       	subi	r22, 0xC8	; 200
    32d0:	7f 4f       	sbci	r23, 0xFF	; 255
    32d2:	88 e7       	ldi	r24, 0x78	; 120
    32d4:	90 e0       	ldi	r25, 0x00	; 0
    32d6:	0e 94 8b 0e 	call	0x1d16	; 0x1d16 <EPROM_Write_String>
	EPROM_Write_String(CAguaB4,BufferAuxiliar6); //
    32da:	be 01       	movw	r22, r28
    32dc:	68 5c       	subi	r22, 0xC8	; 200
    32de:	7f 4f       	sbci	r23, 0xFF	; 255
    32e0:	82 e8       	ldi	r24, 0x82	; 130
    32e2:	90 e0       	ldi	r25, 0x00	; 0
    32e4:	0e 94 8b 0e 	call	0x1d16	; 0x1d16 <EPROM_Write_String>
	char BufferAuxiliar7[5]="10"; //Por defecto EL PORCENTAJE DE TIEMPO DE DESCARGA ES DEL 10%
    32e8:	fe ae       	std	Y+62, r15	; 0x3e
    32ea:	ed ae       	std	Y+61, r14	; 0x3d
    32ec:	21 96       	adiw	r28, 0x01	; 1
    32ee:	1f ae       	std	Y+63, r1	; 0x3f
    32f0:	1e ae       	std	Y+62, r1	; 0x3e
    32f2:	21 97       	sbiw	r28, 0x01	; 1
    32f4:	22 96       	adiw	r28, 0x02	; 2
    32f6:	1f ae       	std	Y+63, r1	; 0x3f
    32f8:	22 97       	sbiw	r28, 0x02	; 2
	EPROM_Write_String(PorcDescargaB1,BufferAuxiliar7); //
    32fa:	be 01       	movw	r22, r28
    32fc:	63 5c       	subi	r22, 0xC3	; 195
    32fe:	7f 4f       	sbci	r23, 0xFF	; 255
    3300:	8c e8       	ldi	r24, 0x8C	; 140
    3302:	90 e0       	ldi	r25, 0x00	; 0
    3304:	0e 94 8b 0e 	call	0x1d16	; 0x1d16 <EPROM_Write_String>
	EPROM_Write_String(PorcDescargaB2,BufferAuxiliar7); //
    3308:	be 01       	movw	r22, r28
    330a:	63 5c       	subi	r22, 0xC3	; 195
    330c:	7f 4f       	sbci	r23, 0xFF	; 255
    330e:	81 e9       	ldi	r24, 0x91	; 145
    3310:	90 e0       	ldi	r25, 0x00	; 0
    3312:	0e 94 8b 0e 	call	0x1d16	; 0x1d16 <EPROM_Write_String>
	EPROM_Write_String(PorcDescargaB3,BufferAuxiliar7); //
    3316:	be 01       	movw	r22, r28
    3318:	63 5c       	subi	r22, 0xC3	; 195
    331a:	7f 4f       	sbci	r23, 0xFF	; 255
    331c:	86 e9       	ldi	r24, 0x96	; 150
    331e:	90 e0       	ldi	r25, 0x00	; 0
    3320:	0e 94 8b 0e 	call	0x1d16	; 0x1d16 <EPROM_Write_String>
	EPROM_Write_String(PorcDescargaB4,BufferAuxiliar7); //
    3324:	be 01       	movw	r22, r28
    3326:	63 5c       	subi	r22, 0xC3	; 195
    3328:	7f 4f       	sbci	r23, 0xFF	; 255
    332a:	8b e9       	ldi	r24, 0x9B	; 155
    332c:	90 e0       	ldi	r25, 0x00	; 0
    332e:	0e 94 8b 0e 	call	0x1d16	; 0x1d16 <EPROM_Write_String>
	char BufferAuxiliar8[5]="2"; //Por defecto el tamaño del bidón es de 20 litros
    3332:	fe 01       	movw	r30, r28
    3334:	ee 5b       	subi	r30, 0xBE	; 190
    3336:	ff 4f       	sbci	r31, 0xFF	; 255
    3338:	01 93       	st	Z+, r16
    333a:	11 93       	st	Z+, r17
    333c:	13 e0       	ldi	r17, 0x03	; 3
    333e:	df 01       	movw	r26, r30
    3340:	81 2f       	mov	r24, r17
    3342:	1d 92       	st	X+, r1
    3344:	8a 95       	dec	r24
    3346:	e9 f7       	brne	.-6      	; 0x3342 <ConfiguracionPredeterminada+0x268>
	EPROM_Write_String(TamagnoBidon,BufferAuxiliar8); //
    3348:	be 01       	movw	r22, r28
    334a:	6e 5b       	subi	r22, 0xBE	; 190
    334c:	7f 4f       	sbci	r23, 0xFF	; 255
    334e:	80 ea       	ldi	r24, 0xA0	; 160
    3350:	90 e0       	ldi	r25, 0x00	; 0
    3352:	0e 94 8b 0e 	call	0x1d16	; 0x1d16 <EPROM_Write_String>
	char BufferAuxiliar9[5]="85"; //Por defecto la temperatura deseada es de 85*C
    3356:	88 e3       	ldi	r24, 0x38	; 56
    3358:	95 e3       	ldi	r25, 0x35	; 53
    335a:	29 96       	adiw	r28, 0x09	; 9
    335c:	9f af       	std	Y+63, r25	; 0x3f
    335e:	8e af       	std	Y+62, r24	; 0x3e
    3360:	29 97       	sbiw	r28, 0x09	; 9
    3362:	2b 96       	adiw	r28, 0x0b	; 11
    3364:	1f ae       	std	Y+63, r1	; 0x3f
    3366:	1e ae       	std	Y+62, r1	; 0x3e
    3368:	2b 97       	sbiw	r28, 0x0b	; 11
    336a:	2c 96       	adiw	r28, 0x0c	; 12
    336c:	1f ae       	std	Y+63, r1	; 0x3f
    336e:	2c 97       	sbiw	r28, 0x0c	; 12
	EPROM_Write_String(TemperaturaDeseada,BufferAuxiliar9); //
    3370:	be 01       	movw	r22, r28
    3372:	69 5b       	subi	r22, 0xB9	; 185
    3374:	7f 4f       	sbci	r23, 0xFF	; 255
    3376:	84 eb       	ldi	r24, 0xB4	; 180
    3378:	90 e0       	ldi	r25, 0x00	; 0
    337a:	0e 94 8b 0e 	call	0x1d16	; 0x1d16 <EPROM_Write_String>
	char BufferAuxiliar10[5]="1"; //Por DEFECTO LA CONSTANTE PROPORCIONAL ES 1
    337e:	fe 01       	movw	r30, r28
    3380:	e4 5b       	subi	r30, 0xB4	; 180
    3382:	ff 4f       	sbci	r31, 0xFF	; 255
    3384:	81 e3       	ldi	r24, 0x31	; 49
    3386:	90 e0       	ldi	r25, 0x00	; 0
    3388:	81 93       	st	Z+, r24
    338a:	91 93       	st	Z+, r25
    338c:	df 01       	movw	r26, r30
    338e:	1d 92       	st	X+, r1
    3390:	1a 95       	dec	r17
    3392:	e9 f7       	brne	.-6      	; 0x338e <ConfiguracionPredeterminada+0x2b4>
	EPROM_Write_String(KpEprom,BufferAuxiliar10); //
    3394:	be 01       	movw	r22, r28
    3396:	64 5b       	subi	r22, 0xB4	; 180
    3398:	7f 4f       	sbci	r23, 0xFF	; 255
    339a:	8a ea       	ldi	r24, 0xAA	; 170
    339c:	90 e0       	ldi	r25, 0x00	; 0
    339e:	0e 94 8b 0e 	call	0x1d16	; 0x1d16 <EPROM_Write_String>
}
    33a2:	c0 5b       	subi	r28, 0xB0	; 176
    33a4:	df 4f       	sbci	r29, 0xFF	; 255
    33a6:	0f b6       	in	r0, 0x3f	; 63
    33a8:	f8 94       	cli
    33aa:	de bf       	out	0x3e, r29	; 62
    33ac:	0f be       	out	0x3f, r0	; 63
    33ae:	cd bf       	out	0x3d, r28	; 61
    33b0:	df 91       	pop	r29
    33b2:	cf 91       	pop	r28
    33b4:	1f 91       	pop	r17
    33b6:	0f 91       	pop	r16
    33b8:	ff 90       	pop	r15
    33ba:	ef 90       	pop	r14
    33bc:	df 90       	pop	r13
    33be:	cf 90       	pop	r12
    33c0:	08 95       	ret

000033c2 <ConfiguracionIncialEeprom>:
	
void ConfiguracionIncialEeprom(void){
	// Esta configuración Inicial sólo se dá si anteriormente el micro no trabajó con este programa, para ello,
	// nos fijamos si el tamaño del bidón en la eprom tiene un valor en decilitros válido (1 o 2).
	EPROM_Read_String(TamagnoBidon, Buffer, 10);// 10, para estar seguros 
    33c2:	4a e0       	ldi	r20, 0x0A	; 10
    33c4:	50 e0       	ldi	r21, 0x00	; 0
    33c6:	61 ed       	ldi	r22, 0xD1	; 209
    33c8:	73 e0       	ldi	r23, 0x03	; 3
    33ca:	80 ea       	ldi	r24, 0xA0	; 160
    33cc:	90 e0       	ldi	r25, 0x00	; 0
    33ce:	0e 94 c5 0e 	call	0x1d8a	; 0x1d8a <EPROM_Read_String>
	int VerificadorEprom=atoi(Buffer); // Atoi busca el tamaño del bidón, guardado como ASCII y lo  guarda en "VerificadorEeprom"
    33d2:	81 ed       	ldi	r24, 0xD1	; 209
    33d4:	93 e0       	ldi	r25, 0x03	; 3
    33d6:	0e 94 2b 21 	call	0x4256	; 0x4256 <atoi>
	if ((VerificadorEprom!=1)&(VerificadorEprom!=2)){ // Caso en que el tamaño del bidón no sea o 1 o 2, hay que configurar los valores de la eprom
    33da:	01 97       	sbiw	r24, 0x01	; 1
    33dc:	02 97       	sbiw	r24, 0x02	; 2
    33de:	48 f0       	brcs	.+18     	; 0x33f2 <ConfiguracionIncialEeprom+0x30>
		ConfiguracionPredeterminada();
    33e0:	0e 94 6d 18 	call	0x30da	; 0x30da <ConfiguracionPredeterminada>
		uart_send_newline();
    33e4:	0e 94 df 13 	call	0x27be	; 0x27be <uart_send_newline>
		uart_send_string(" La cafetera fue configurada exitosamente :)");
    33e8:	8b e4       	ldi	r24, 0x4B	; 75
    33ea:	92 e0       	ldi	r25, 0x02	; 2
    33ec:	0e 94 d2 13 	call	0x27a4	; 0x27a4 <uart_send_string>
    33f0:	08 95       	ret
	}
	else { // Caso contrario la cafetera está configurada y lista para ser usada
	uart_send_newline();
    33f2:	0e 94 df 13 	call	0x27be	; 0x27be <uart_send_newline>
	uart_send_string("La cafetera esta configurada y lista :)");} // le notificamos de eso al técnico
    33f6:	88 e7       	ldi	r24, 0x78	; 120
    33f8:	92 e0       	ldi	r25, 0x02	; 2
    33fa:	0e 94 d2 13 	call	0x27a4	; 0x27a4 <uart_send_string>
    33fe:	08 95       	ret

00003400 <MedirBidon>:
}								
void MedirBidon(void){
	TWI_ini(); //INCIALIZA EL i2c del mcp3421 (TIENE UNA CONFIGURACIÓN ESPECIAL, NO HAY QUE TOCAR)
    3400:	0e 94 47 10 	call	0x208e	; 0x208e <TWI_ini>
	MCP3421_config(); //configura el sensor MCP3421
    3404:	0e 94 9e 10 	call	0x213c	; 0x213c <MCP3421_config>
	PesoBidon=PesarAgua();
    3408:	0e 94 dc 10 	call	0x21b8	; 0x21b8 <PesarAgua>
    340c:	90 93 c9 03 	sts	0x03C9, r25	; 0x8003c9 <PesoBidon+0x1>
    3410:	80 93 c8 03 	sts	0x03C8, r24	; 0x8003c8 <PesoBidon>
	TWI_Stop(); //cerramos
    3414:	0e 94 9a 10 	call	0x2134	; 0x2134 <TWI_Stop>
	TemperaturaBidon=LeerTemperatura();
    3418:	0e 94 69 12 	call	0x24d2	; 0x24d2 <LeerTemperatura>
    341c:	90 93 eb 03 	sts	0x03EB, r25	; 0x8003eb <TemperaturaBidon+0x1>
    3420:	80 93 ea 03 	sts	0x03EA, r24	; 0x8003ea <TemperaturaBidon>
    3424:	08 95       	ret

00003426 <ControlarTemperatura>:
}
void ControlarTemperatura (void){
    3426:	0f 93       	push	r16
    3428:	1f 93       	push	r17
    342a:	cf 93       	push	r28
    342c:	df 93       	push	r29
	MedirBidon(); // Medimos tanto volumen de agua como su temperatura
    342e:	0e 94 00 1a 	call	0x3400	; 0x3400 <MedirBidon>
	int Auxiliar=0;
    3432:	c0 e0       	ldi	r28, 0x00	; 0
    3434:	d0 e0       	ldi	r29, 0x00	; 0
	while (Auxiliar!=5) // Esto es para tener 5 ciclos de control por cada vez que se lo invoca
    3436:	31 c0       	rjmp	.+98     	; 0x349a <ControlarTemperatura+0x74>
	{   
		Auxiliar++;
    3438:	21 96       	adiw	r28, 0x01	; 1
		EPROM_Read_String(KpEprom,Buffer,4);
    343a:	44 e0       	ldi	r20, 0x04	; 4
    343c:	50 e0       	ldi	r21, 0x00	; 0
    343e:	61 ed       	ldi	r22, 0xD1	; 209
    3440:	73 e0       	ldi	r23, 0x03	; 3
    3442:	8a ea       	ldi	r24, 0xAA	; 170
    3444:	90 e0       	ldi	r25, 0x00	; 0
    3446:	0e 94 c5 0e 	call	0x1d8a	; 0x1d8a <EPROM_Read_String>
		int Kp=atoi(Buffer);
    344a:	81 ed       	ldi	r24, 0xD1	; 209
    344c:	93 e0       	ldi	r25, 0x03	; 3
    344e:	0e 94 2b 21 	call	0x4256	; 0x4256 <atoi>
    3452:	8c 01       	movw	r16, r24
		EPROM_Read_String(TemperaturaDeseada,Buffer,4);
    3454:	44 e0       	ldi	r20, 0x04	; 4
    3456:	50 e0       	ldi	r21, 0x00	; 0
    3458:	61 ed       	ldi	r22, 0xD1	; 209
    345a:	73 e0       	ldi	r23, 0x03	; 3
    345c:	84 eb       	ldi	r24, 0xB4	; 180
    345e:	90 e0       	ldi	r25, 0x00	; 0
    3460:	0e 94 c5 0e 	call	0x1d8a	; 0x1d8a <EPROM_Read_String>
		int TemperaturaSetpoinr=atoi(Buffer);
    3464:	81 ed       	ldi	r24, 0xD1	; 209
    3466:	93 e0       	ldi	r25, 0x03	; 3
    3468:	0e 94 2b 21 	call	0x4256	; 0x4256 <atoi>
		int Error=TemperaturaSetpoinr-TemperaturaBidon;
    346c:	20 91 ea 03 	lds	r18, 0x03EA	; 0x8003ea <TemperaturaBidon>
    3470:	30 91 eb 03 	lds	r19, 0x03EB	; 0x8003eb <TemperaturaBidon+0x1>
    3474:	82 1b       	sub	r24, r18
    3476:	93 0b       	sbc	r25, r19
		if(PesoBidon!=0) // Si no hay agua que no caliente 
    3478:	20 91 c8 03 	lds	r18, 0x03C8	; 0x8003c8 <PesoBidon>
    347c:	30 91 c9 03 	lds	r19, 0x03C9	; 0x8003c9 <PesoBidon+0x1>
    3480:	23 2b       	or	r18, r19
    3482:	29 f0       	breq	.+10     	; 0x348e <ControlarTemperatura+0x68>
		{
		PWM_update(Kp,Error);}
    3484:	bc 01       	movw	r22, r24
    3486:	c8 01       	movw	r24, r16
    3488:	0e 94 80 13 	call	0x2700	; 0x2700 <PWM_update>
    348c:	06 c0       	rjmp	.+12     	; 0x349a <ControlarTemperatura+0x74>
		else{PWM_update(1,0);}} //Si no hay agua hacemos que el error sea 0, tal que no controle la temperatura
    348e:	60 e0       	ldi	r22, 0x00	; 0
    3490:	70 e0       	ldi	r23, 0x00	; 0
    3492:	81 e0       	ldi	r24, 0x01	; 1
    3494:	90 e0       	ldi	r25, 0x00	; 0
    3496:	0e 94 80 13 	call	0x2700	; 0x2700 <PWM_update>
	TemperaturaBidon=LeerTemperatura();
}
void ControlarTemperatura (void){
	MedirBidon(); // Medimos tanto volumen de agua como su temperatura
	int Auxiliar=0;
	while (Auxiliar!=5) // Esto es para tener 5 ciclos de control por cada vez que se lo invoca
    349a:	c5 30       	cpi	r28, 0x05	; 5
    349c:	d1 05       	cpc	r29, r1
    349e:	61 f6       	brne	.-104    	; 0x3438 <ControlarTemperatura+0x12>
		int Error=TemperaturaSetpoinr-TemperaturaBidon;
		if(PesoBidon!=0) // Si no hay agua que no caliente 
		{
		PWM_update(Kp,Error);}
		else{PWM_update(1,0);}} //Si no hay agua hacemos que el error sea 0, tal que no controle la temperatura
	}
    34a0:	df 91       	pop	r29
    34a2:	cf 91       	pop	r28
    34a4:	1f 91       	pop	r17
    34a6:	0f 91       	pop	r16
    34a8:	08 95       	ret

000034aa <MenuNivelesLcd>:
	
void MenuNivelesLcd(void){ //Esto se ejecuta sólo si se han presionado "Seleccionar" y "Aceptar" por más de 5 segundos
    34aa:	0f 93       	push	r16
    34ac:	1f 93       	push	r17
    34ae:	cf 93       	push	r28
    34b0:	df 93       	push	r29
	i2c_stop();																																																																																																																																																																																																																																																																																									cli();
    34b2:	0e 94 0a 0f 	call	0x1e14	; 0x1e14 <i2c_stop>
    34b6:	f8 94       	cli
	lcd_init();
    34b8:	0e 94 ed 0f 	call	0x1fda	; 0x1fda <lcd_init>
	escribirEnLCD(" Medidas");
    34bc:	80 ea       	ldi	r24, 0xA0	; 160
    34be:	92 e0       	ldi	r25, 0x02	; 2
    34c0:	0e 94 1f 10 	call	0x203e	; 0x203e <escribirEnLCD>
	RetardoPersonalizadosEnMs(315);
    34c4:	8b e3       	ldi	r24, 0x3B	; 59
    34c6:	91 e0       	ldi	r25, 0x01	; 1
    34c8:	0e 94 e4 09 	call	0x13c8	; 0x13c8 <RetardoPersonalizadosEnMs>
	limpiar_LCD();
    34cc:	0e 94 3c 10 	call	0x2078	; 0x2078 <limpiar_LCD>
	escribirEnLCD(" Niveles de");
    34d0:	89 ea       	ldi	r24, 0xA9	; 169
    34d2:	92 e0       	ldi	r25, 0x02	; 2
    34d4:	0e 94 1f 10 	call	0x203e	; 0x203e <escribirEnLCD>
	RetardoPersonalizadosEnMs(315);
    34d8:	8b e3       	ldi	r24, 0x3B	; 59
    34da:	91 e0       	ldi	r25, 0x01	; 1
    34dc:	0e 94 e4 09 	call	0x13c8	; 0x13c8 <RetardoPersonalizadosEnMs>
	limpiar_LCD();
    34e0:	0e 94 3c 10 	call	0x2078	; 0x2078 <limpiar_LCD>
	escribirEnLCD(" Polvos %");
    34e4:	85 eb       	ldi	r24, 0xB5	; 181
    34e6:	92 e0       	ldi	r25, 0x02	; 2
    34e8:	0e 94 1f 10 	call	0x203e	; 0x203e <escribirEnLCD>
	RetardoPersonalizadosEnMs(315);
    34ec:	8b e3       	ldi	r24, 0x3B	; 59
    34ee:	91 e0       	ldi	r25, 0x01	; 1
    34f0:	0e 94 e4 09 	call	0x13c8	; 0x13c8 <RetardoPersonalizadosEnMs>
	limpiar_LCD();
    34f4:	0e 94 3c 10 	call	0x2078	; 0x2078 <limpiar_LCD>
	escribirEnLCD(" ( en %)");
    34f8:	8f eb       	ldi	r24, 0xBF	; 191
    34fa:	92 e0       	ldi	r25, 0x02	; 2
    34fc:	0e 94 1f 10 	call	0x203e	; 0x203e <escribirEnLCD>
	RetardoPersonalizadosEnMs(315);
    3500:	8b e3       	ldi	r24, 0x3B	; 59
    3502:	91 e0       	ldi	r25, 0x01	; 1
    3504:	0e 94 e4 09 	call	0x13c8	; 0x13c8 <RetardoPersonalizadosEnMs>
	limpiar_LCD();
    3508:	0e 94 3c 10 	call	0x2078	; 0x2078 <limpiar_LCD>
	escribirEnLCD(" ");// Este espacio soluciona un bug
    350c:	84 e3       	ldi	r24, 0x34	; 52
    350e:	91 e0       	ldi	r25, 0x01	; 1
    3510:	0e 94 1f 10 	call	0x203e	; 0x203e <escribirEnLCD>
	EPROM_Read_String(NombreB1, Buffer, 10);//
    3514:	4a e0       	ldi	r20, 0x0A	; 10
    3516:	50 e0       	ldi	r21, 0x00	; 0
    3518:	61 ed       	ldi	r22, 0xD1	; 209
    351a:	73 e0       	ldi	r23, 0x03	; 3
    351c:	8a e0       	ldi	r24, 0x0A	; 10
    351e:	90 e0       	ldi	r25, 0x00	; 0
    3520:	0e 94 c5 0e 	call	0x1d8a	; 0x1d8a <EPROM_Read_String>
	escribirEnLCD(Buffer);
    3524:	81 ed       	ldi	r24, 0xD1	; 209
    3526:	93 e0       	ldi	r25, 0x03	; 3
    3528:	0e 94 1f 10 	call	0x203e	; 0x203e <escribirEnLCD>
	RetardoPersonalizadosEnMs(315);
    352c:	8b e3       	ldi	r24, 0x3B	; 59
    352e:	91 e0       	ldi	r25, 0x01	; 1
    3530:	0e 94 e4 09 	call	0x13c8	; 0x13c8 <RetardoPersonalizadosEnMs>
	limpiar_LCD();
    3534:	0e 94 3c 10 	call	0x2078	; 0x2078 <limpiar_LCD>
	escribirEnLCD(" ");
    3538:	84 e3       	ldi	r24, 0x34	; 52
    353a:	91 e0       	ldi	r25, 0x01	; 1
    353c:	0e 94 1f 10 	call	0x203e	; 0x203e <escribirEnLCD>
	 sprintf(Buffer, "%d", NivelPolvo1);
    3540:	80 91 c7 03 	lds	r24, 0x03C7	; 0x8003c7 <NivelPolvo1+0x1>
    3544:	8f 93       	push	r24
    3546:	80 91 c6 03 	lds	r24, 0x03C6	; 0x8003c6 <NivelPolvo1>
    354a:	8f 93       	push	r24
    354c:	06 e3       	ldi	r16, 0x36	; 54
    354e:	11 e0       	ldi	r17, 0x01	; 1
    3550:	1f 93       	push	r17
    3552:	0f 93       	push	r16
    3554:	c1 ed       	ldi	r28, 0xD1	; 209
    3556:	d3 e0       	ldi	r29, 0x03	; 3
    3558:	df 93       	push	r29
    355a:	cf 93       	push	r28
    355c:	0e 94 51 21 	call	0x42a2	; 0x42a2 <sprintf>
	escribirEnLCD(Buffer);
    3560:	ce 01       	movw	r24, r28
    3562:	0e 94 1f 10 	call	0x203e	; 0x203e <escribirEnLCD>
	RetardoPersonalizadosEnMs(315);;
    3566:	8b e3       	ldi	r24, 0x3B	; 59
    3568:	91 e0       	ldi	r25, 0x01	; 1
    356a:	0e 94 e4 09 	call	0x13c8	; 0x13c8 <RetardoPersonalizadosEnMs>
	limpiar_LCD();
    356e:	0e 94 3c 10 	call	0x2078	; 0x2078 <limpiar_LCD>
	escribirEnLCD(" ");
    3572:	84 e3       	ldi	r24, 0x34	; 52
    3574:	91 e0       	ldi	r25, 0x01	; 1
    3576:	0e 94 1f 10 	call	0x203e	; 0x203e <escribirEnLCD>
	EPROM_Read_String(NombreB2, Buffer, 10);//
    357a:	4a e0       	ldi	r20, 0x0A	; 10
    357c:	50 e0       	ldi	r21, 0x00	; 0
    357e:	be 01       	movw	r22, r28
    3580:	89 e1       	ldi	r24, 0x19	; 25
    3582:	90 e0       	ldi	r25, 0x00	; 0
    3584:	0e 94 c5 0e 	call	0x1d8a	; 0x1d8a <EPROM_Read_String>
	escribirEnLCD(Buffer);
    3588:	ce 01       	movw	r24, r28
    358a:	0e 94 1f 10 	call	0x203e	; 0x203e <escribirEnLCD>
	RetardoPersonalizadosEnMs(315);
    358e:	8b e3       	ldi	r24, 0x3B	; 59
    3590:	91 e0       	ldi	r25, 0x01	; 1
    3592:	0e 94 e4 09 	call	0x13c8	; 0x13c8 <RetardoPersonalizadosEnMs>
	limpiar_LCD();
    3596:	0e 94 3c 10 	call	0x2078	; 0x2078 <limpiar_LCD>
	limpiar_LCD();
    359a:	0e 94 3c 10 	call	0x2078	; 0x2078 <limpiar_LCD>
	escribirEnLCD(" ");
    359e:	84 e3       	ldi	r24, 0x34	; 52
    35a0:	91 e0       	ldi	r25, 0x01	; 1
    35a2:	0e 94 1f 10 	call	0x203e	; 0x203e <escribirEnLCD>
	sprintf(Buffer, "%d", NivelPolvo2);
    35a6:	80 91 cf 03 	lds	r24, 0x03CF	; 0x8003cf <NivelPolvo2+0x1>
    35aa:	8f 93       	push	r24
    35ac:	80 91 ce 03 	lds	r24, 0x03CE	; 0x8003ce <NivelPolvo2>
    35b0:	8f 93       	push	r24
    35b2:	1f 93       	push	r17
    35b4:	0f 93       	push	r16
    35b6:	df 93       	push	r29
    35b8:	cf 93       	push	r28
    35ba:	0e 94 51 21 	call	0x42a2	; 0x42a2 <sprintf>
	escribirEnLCD(Buffer);
    35be:	ce 01       	movw	r24, r28
    35c0:	0e 94 1f 10 	call	0x203e	; 0x203e <escribirEnLCD>
	RetardoPersonalizadosEnMs(315);
    35c4:	8b e3       	ldi	r24, 0x3B	; 59
    35c6:	91 e0       	ldi	r25, 0x01	; 1
    35c8:	0e 94 e4 09 	call	0x13c8	; 0x13c8 <RetardoPersonalizadosEnMs>
	limpiar_LCD();
    35cc:	0e 94 3c 10 	call	0x2078	; 0x2078 <limpiar_LCD>
	escribirEnLCD(" ");
    35d0:	84 e3       	ldi	r24, 0x34	; 52
    35d2:	91 e0       	ldi	r25, 0x01	; 1
    35d4:	0e 94 1f 10 	call	0x203e	; 0x203e <escribirEnLCD>
	EPROM_Read_String(NombreB3, Buffer, 10);//
    35d8:	4a e0       	ldi	r20, 0x0A	; 10
    35da:	50 e0       	ldi	r21, 0x00	; 0
    35dc:	be 01       	movw	r22, r28
    35de:	88 e2       	ldi	r24, 0x28	; 40
    35e0:	90 e0       	ldi	r25, 0x00	; 0
    35e2:	0e 94 c5 0e 	call	0x1d8a	; 0x1d8a <EPROM_Read_String>
	escribirEnLCD(Buffer);
    35e6:	ce 01       	movw	r24, r28
    35e8:	0e 94 1f 10 	call	0x203e	; 0x203e <escribirEnLCD>
	RetardoPersonalizadosEnMs(315);
    35ec:	8b e3       	ldi	r24, 0x3B	; 59
    35ee:	91 e0       	ldi	r25, 0x01	; 1
    35f0:	0e 94 e4 09 	call	0x13c8	; 0x13c8 <RetardoPersonalizadosEnMs>
	limpiar_LCD();
    35f4:	0e 94 3c 10 	call	0x2078	; 0x2078 <limpiar_LCD>
	escribirEnLCD(" ");
    35f8:	84 e3       	ldi	r24, 0x34	; 52
    35fa:	91 e0       	ldi	r25, 0x01	; 1
    35fc:	0e 94 1f 10 	call	0x203e	; 0x203e <escribirEnLCD>
	sprintf(Buffer, "%d", NivelPolvo3);
    3600:	80 91 cd 03 	lds	r24, 0x03CD	; 0x8003cd <NivelPolvo3+0x1>
    3604:	8f 93       	push	r24
    3606:	80 91 cc 03 	lds	r24, 0x03CC	; 0x8003cc <NivelPolvo3>
    360a:	8f 93       	push	r24
    360c:	1f 93       	push	r17
    360e:	0f 93       	push	r16
    3610:	df 93       	push	r29
    3612:	cf 93       	push	r28
    3614:	0e 94 51 21 	call	0x42a2	; 0x42a2 <sprintf>
	escribirEnLCD(Buffer);
    3618:	ce 01       	movw	r24, r28
    361a:	0e 94 1f 10 	call	0x203e	; 0x203e <escribirEnLCD>
	RetardoPersonalizadosEnMs(515);
    361e:	83 e0       	ldi	r24, 0x03	; 3
    3620:	92 e0       	ldi	r25, 0x02	; 2
    3622:	0e 94 e4 09 	call	0x13c8	; 0x13c8 <RetardoPersonalizadosEnMs>
	limpiar_LCD();
    3626:	0e 94 3c 10 	call	0x2078	; 0x2078 <limpiar_LCD>
	escribirEnLCD(" ");
    362a:	84 e3       	ldi	r24, 0x34	; 52
    362c:	91 e0       	ldi	r25, 0x01	; 1
    362e:	0e 94 1f 10 	call	0x203e	; 0x203e <escribirEnLCD>
	EPROM_Read_String(NombreB4, Buffer, 10);//
    3632:	4a e0       	ldi	r20, 0x0A	; 10
    3634:	50 e0       	ldi	r21, 0x00	; 0
    3636:	be 01       	movw	r22, r28
    3638:	87 e3       	ldi	r24, 0x37	; 55
    363a:	90 e0       	ldi	r25, 0x00	; 0
    363c:	0e 94 c5 0e 	call	0x1d8a	; 0x1d8a <EPROM_Read_String>
	escribirEnLCD(Buffer);
    3640:	ce 01       	movw	r24, r28
    3642:	0e 94 1f 10 	call	0x203e	; 0x203e <escribirEnLCD>
    RetardoPersonalizadosEnMs(315);
    3646:	8b e3       	ldi	r24, 0x3B	; 59
    3648:	91 e0       	ldi	r25, 0x01	; 1
    364a:	0e 94 e4 09 	call	0x13c8	; 0x13c8 <RetardoPersonalizadosEnMs>
	limpiar_LCD();
    364e:	0e 94 3c 10 	call	0x2078	; 0x2078 <limpiar_LCD>
	limpiar_LCD();
    3652:	0e 94 3c 10 	call	0x2078	; 0x2078 <limpiar_LCD>
	escribirEnLCD(" ");
    3656:	84 e3       	ldi	r24, 0x34	; 52
    3658:	91 e0       	ldi	r25, 0x01	; 1
    365a:	0e 94 1f 10 	call	0x203e	; 0x203e <escribirEnLCD>
	sprintf(Buffer, "%d", NivelPolvo4);
    365e:	80 91 cb 03 	lds	r24, 0x03CB	; 0x8003cb <NivelPolvo4+0x1>
    3662:	8f 93       	push	r24
    3664:	80 91 ca 03 	lds	r24, 0x03CA	; 0x8003ca <NivelPolvo4>
    3668:	8f 93       	push	r24
    366a:	1f 93       	push	r17
    366c:	0f 93       	push	r16
    366e:	df 93       	push	r29
    3670:	cf 93       	push	r28
    3672:	0e 94 51 21 	call	0x42a2	; 0x42a2 <sprintf>
	escribirEnLCD(Buffer);
    3676:	ce 01       	movw	r24, r28
    3678:	0e 94 1f 10 	call	0x203e	; 0x203e <escribirEnLCD>
	RetardoPersonalizadosEnMs(315);
    367c:	8b e3       	ldi	r24, 0x3B	; 59
    367e:	91 e0       	ldi	r25, 0x01	; 1
    3680:	0e 94 e4 09 	call	0x13c8	; 0x13c8 <RetardoPersonalizadosEnMs>
	limpiar_LCD();
    3684:	0e 94 3c 10 	call	0x2078	; 0x2078 <limpiar_LCD>
	escribirEnLCD(" Bidon:");
    3688:	88 ec       	ldi	r24, 0xC8	; 200
    368a:	92 e0       	ldi	r25, 0x02	; 2
    368c:	0e 94 1f 10 	call	0x203e	; 0x203e <escribirEnLCD>
	RetardoPersonalizadosEnMs(415);
    3690:	8f e9       	ldi	r24, 0x9F	; 159
    3692:	91 e0       	ldi	r25, 0x01	; 1
    3694:	0e 94 e4 09 	call	0x13c8	; 0x13c8 <RetardoPersonalizadosEnMs>
	limpiar_LCD();
    3698:	0e 94 3c 10 	call	0x2078	; 0x2078 <limpiar_LCD>
	escribirEnLCD(" ");
    369c:	84 e3       	ldi	r24, 0x34	; 52
    369e:	91 e0       	ldi	r25, 0x01	; 1
    36a0:	0e 94 1f 10 	call	0x203e	; 0x203e <escribirEnLCD>
	escribirEnLCD(">Temperatura");
    36a4:	80 ed       	ldi	r24, 0xD0	; 208
    36a6:	92 e0       	ldi	r25, 0x02	; 2
    36a8:	0e 94 1f 10 	call	0x203e	; 0x203e <escribirEnLCD>
	RetardoPersonalizadosEnMs(215);
    36ac:	87 ed       	ldi	r24, 0xD7	; 215
    36ae:	90 e0       	ldi	r25, 0x00	; 0
    36b0:	0e 94 e4 09 	call	0x13c8	; 0x13c8 <RetardoPersonalizadosEnMs>
	limpiar_LCD();
    36b4:	0e 94 3c 10 	call	0x2078	; 0x2078 <limpiar_LCD>
	escribirEnLCD(" ");
    36b8:	84 e3       	ldi	r24, 0x34	; 52
    36ba:	91 e0       	ldi	r25, 0x01	; 1
    36bc:	0e 94 1f 10 	call	0x203e	; 0x203e <escribirEnLCD>
	sprintf(Buffer, "%d", TemperaturaBidon);
    36c0:	80 91 ea 03 	lds	r24, 0x03EA	; 0x8003ea <TemperaturaBidon>
    36c4:	90 91 eb 03 	lds	r25, 0x03EB	; 0x8003eb <TemperaturaBidon+0x1>
    36c8:	9f 93       	push	r25
    36ca:	8f 93       	push	r24
    36cc:	1f 93       	push	r17
    36ce:	0f 93       	push	r16
    36d0:	df 93       	push	r29
    36d2:	cf 93       	push	r28
    36d4:	0e 94 51 21 	call	0x42a2	; 0x42a2 <sprintf>
	escribirEnLCD(Buffer);
    36d8:	ce 01       	movw	r24, r28
    36da:	0e 94 1f 10 	call	0x203e	; 0x203e <escribirEnLCD>
	escribirEnLCD("*C");
    36de:	8d ed       	ldi	r24, 0xDD	; 221
    36e0:	92 e0       	ldi	r25, 0x02	; 2
    36e2:	0e 94 1f 10 	call	0x203e	; 0x203e <escribirEnLCD>
	RetardoPersonalizadosEnMs(415);
    36e6:	8f e9       	ldi	r24, 0x9F	; 159
    36e8:	91 e0       	ldi	r25, 0x01	; 1
    36ea:	0e 94 e4 09 	call	0x13c8	; 0x13c8 <RetardoPersonalizadosEnMs>
	limpiar_LCD();
    36ee:	0e 94 3c 10 	call	0x2078	; 0x2078 <limpiar_LCD>
	escribirEnLCD(" ");
    36f2:	84 e3       	ldi	r24, 0x34	; 52
    36f4:	91 e0       	ldi	r25, 0x01	; 1
    36f6:	0e 94 1f 10 	call	0x203e	; 0x203e <escribirEnLCD>
	escribirEnLCD(">Volumen");
    36fa:	80 ee       	ldi	r24, 0xE0	; 224
    36fc:	92 e0       	ldi	r25, 0x02	; 2
    36fe:	0e 94 1f 10 	call	0x203e	; 0x203e <escribirEnLCD>
	RetardoPersonalizadosEnMs(415);
    3702:	8f e9       	ldi	r24, 0x9F	; 159
    3704:	91 e0       	ldi	r25, 0x01	; 1
    3706:	0e 94 e4 09 	call	0x13c8	; 0x13c8 <RetardoPersonalizadosEnMs>
	limpiar_LCD();
    370a:	0e 94 3c 10 	call	0x2078	; 0x2078 <limpiar_LCD>
	escribirEnLCD(" ");
    370e:	84 e3       	ldi	r24, 0x34	; 52
    3710:	91 e0       	ldi	r25, 0x01	; 1
    3712:	0e 94 1f 10 	call	0x203e	; 0x203e <escribirEnLCD>
	sprintf(Buffer, "%d", PesoBidon);
    3716:	80 91 c8 03 	lds	r24, 0x03C8	; 0x8003c8 <PesoBidon>
    371a:	90 91 c9 03 	lds	r25, 0x03C9	; 0x8003c9 <PesoBidon+0x1>
    371e:	9f 93       	push	r25
    3720:	8f 93       	push	r24
    3722:	1f 93       	push	r17
    3724:	0f 93       	push	r16
    3726:	df 93       	push	r29
    3728:	cf 93       	push	r28
    372a:	0e 94 51 21 	call	0x42a2	; 0x42a2 <sprintf>
	escribirEnLCD(Buffer);
    372e:	8d b7       	in	r24, 0x3d	; 61
    3730:	9e b7       	in	r25, 0x3e	; 62
    3732:	84 96       	adiw	r24, 0x24	; 36
    3734:	0f b6       	in	r0, 0x3f	; 63
    3736:	f8 94       	cli
    3738:	9e bf       	out	0x3e, r25	; 62
    373a:	0f be       	out	0x3f, r0	; 63
    373c:	8d bf       	out	0x3d, r24	; 61
    373e:	ce 01       	movw	r24, r28
    3740:	0e 94 1f 10 	call	0x203e	; 0x203e <escribirEnLCD>
	escribirEnLCD("ml");
    3744:	89 ee       	ldi	r24, 0xE9	; 233
    3746:	92 e0       	ldi	r25, 0x02	; 2
    3748:	0e 94 1f 10 	call	0x203e	; 0x203e <escribirEnLCD>
	RetardoPersonalizadosEnMs(455);
    374c:	87 ec       	ldi	r24, 0xC7	; 199
    374e:	91 e0       	ldi	r25, 0x01	; 1
    3750:	0e 94 e4 09 	call	0x13c8	; 0x13c8 <RetardoPersonalizadosEnMs>
	RetardoPersonalizadosEnMs(415);
    3754:	8f e9       	ldi	r24, 0x9F	; 159
    3756:	91 e0       	ldi	r25, 0x01	; 1
    3758:	0e 94 e4 09 	call	0x13c8	; 0x13c8 <RetardoPersonalizadosEnMs>
	limpiar_LCD();																																																																																																																																																																																																																																																																																																																																						sei();
    375c:	0e 94 3c 10 	call	0x2078	; 0x2078 <limpiar_LCD>
    3760:	78 94       	sei
}
    3762:	df 91       	pop	r29
    3764:	cf 91       	pop	r28
    3766:	1f 91       	pop	r17
    3768:	0f 91       	pop	r16
    376a:	08 95       	ret

0000376c <LeerBotones>:



void LeerBotones(void) {
	BotonSeleccionarr = LeerBotonSeleccionar();
    376c:	0e 94 58 13 	call	0x26b0	; 0x26b0 <LeerBotonSeleccionar>
    3770:	80 93 9d 03 	sts	0x039D, r24	; 0x80039d <BotonSeleccionarr>
	BotonAceptarr = LeerBotonAceptar();
    3774:	0e 94 63 13 	call	0x26c6	; 0x26c6 <LeerBotonAceptar>
    3778:	80 93 9c 03 	sts	0x039C, r24	; 0x80039c <BotonAceptarr>
	if (BanderaServido==0){
    377c:	80 91 92 03 	lds	r24, 0x0392	; 0x800392 <BanderaServido>
    3780:	81 11       	cpse	r24, r1
    3782:	74 c0       	rjmp	.+232    	; 0x386c <LeerBotones+0x100>
	if (BotonSeleccionarr == 1) {
    3784:	80 91 9d 03 	lds	r24, 0x039D	; 0x80039d <BotonSeleccionarr>
    3788:	81 30       	cpi	r24, 0x01	; 1
    378a:	09 f0       	breq	.+2      	; 0x378e <LeerBotones+0x22>
    378c:	6f c0       	rjmp	.+222    	; 0x386c <LeerBotones+0x100>
		SelectorMenuLCD = SelectorMenuLCD + 1;
    378e:	80 91 9e 03 	lds	r24, 0x039E	; 0x80039e <SelectorMenuLCD>
    3792:	8f 5f       	subi	r24, 0xFF	; 255
    3794:	80 93 9e 03 	sts	0x039E, r24	; 0x80039e <SelectorMenuLCD>
			if (SelectorMenuLCD == 5) {
    3798:	85 30       	cpi	r24, 0x05	; 5
    379a:	19 f4       	brne	.+6      	; 0x37a2 <LeerBotones+0x36>
				SelectorMenuLCD = 1;
    379c:	81 e0       	ldi	r24, 0x01	; 1
    379e:	80 93 9e 03 	sts	0x039E, r24	; 0x80039e <SelectorMenuLCD>
				}
			lcd_init(); // Inicializar el LCD
    37a2:	0e 94 ed 0f 	call	0x1fda	; 0x1fda <lcd_init>
			 
			 if (Simultaneidad==1){
    37a6:	80 91 95 03 	lds	r24, 0x0395	; 0x800395 <Simultaneidad>
    37aa:	90 91 96 03 	lds	r25, 0x0396	; 0x800396 <Simultaneidad+0x1>
    37ae:	01 97       	sbiw	r24, 0x01	; 1
    37b0:	29 f4       	brne	.+10     	; 0x37bc <LeerBotones+0x50>
				 uart_send_string(" ");
    37b2:	84 e3       	ldi	r24, 0x34	; 52
    37b4:	91 e0       	ldi	r25, 0x01	; 1
    37b6:	0e 94 d2 13 	call	0x27a4	; 0x27a4 <uart_send_string>
    37ba:	08 95       	ret
		 }else{
			switch (SelectorMenuLCD) {
    37bc:	80 91 9e 03 	lds	r24, 0x039E	; 0x80039e <SelectorMenuLCD>
    37c0:	82 30       	cpi	r24, 0x02	; 2
    37c2:	d1 f0       	breq	.+52     	; 0x37f8 <LeerBotones+0x8c>
    37c4:	18 f4       	brcc	.+6      	; 0x37cc <LeerBotones+0x60>
    37c6:	81 30       	cpi	r24, 0x01	; 1
    37c8:	31 f0       	breq	.+12     	; 0x37d6 <LeerBotones+0x6a>
    37ca:	49 c0       	rjmp	.+146    	; 0x385e <LeerBotones+0xf2>
    37cc:	83 30       	cpi	r24, 0x03	; 3
    37ce:	29 f1       	breq	.+74     	; 0x381a <LeerBotones+0xae>
    37d0:	84 30       	cpi	r24, 0x04	; 4
    37d2:	a1 f1       	breq	.+104    	; 0x383c <LeerBotones+0xd0>
    37d4:	44 c0       	rjmp	.+136    	; 0x385e <LeerBotones+0xf2>
			case 1:
			EPROM_Read_String(NombreB1, Buffer, 10);//
    37d6:	4a e0       	ldi	r20, 0x0A	; 10
    37d8:	50 e0       	ldi	r21, 0x00	; 0
    37da:	61 ed       	ldi	r22, 0xD1	; 209
    37dc:	73 e0       	ldi	r23, 0x03	; 3
    37de:	8a e0       	ldi	r24, 0x0A	; 10
    37e0:	90 e0       	ldi	r25, 0x00	; 0
    37e2:	0e 94 c5 0e 	call	0x1d8a	; 0x1d8a <EPROM_Read_String>
			escribirEnLCD("-"); // Esto arregla un bug
    37e6:	86 e2       	ldi	r24, 0x26	; 38
    37e8:	91 e0       	ldi	r25, 0x01	; 1
    37ea:	0e 94 1f 10 	call	0x203e	; 0x203e <escribirEnLCD>
			escribirEnLCD(Buffer);
    37ee:	81 ed       	ldi	r24, 0xD1	; 209
    37f0:	93 e0       	ldi	r25, 0x03	; 3
    37f2:	0e 94 1f 10 	call	0x203e	; 0x203e <escribirEnLCD>
			break;
    37f6:	38 c0       	rjmp	.+112    	; 0x3868 <LeerBotones+0xfc>
			case 2:
			EPROM_Read_String(NombreB2, Buffer, 10);//
    37f8:	4a e0       	ldi	r20, 0x0A	; 10
    37fa:	50 e0       	ldi	r21, 0x00	; 0
    37fc:	61 ed       	ldi	r22, 0xD1	; 209
    37fe:	73 e0       	ldi	r23, 0x03	; 3
    3800:	89 e1       	ldi	r24, 0x19	; 25
    3802:	90 e0       	ldi	r25, 0x00	; 0
    3804:	0e 94 c5 0e 	call	0x1d8a	; 0x1d8a <EPROM_Read_String>
			escribirEnLCD("-"); // Esto arregla un bug
    3808:	86 e2       	ldi	r24, 0x26	; 38
    380a:	91 e0       	ldi	r25, 0x01	; 1
    380c:	0e 94 1f 10 	call	0x203e	; 0x203e <escribirEnLCD>
			escribirEnLCD(Buffer);
    3810:	81 ed       	ldi	r24, 0xD1	; 209
    3812:	93 e0       	ldi	r25, 0x03	; 3
    3814:	0e 94 1f 10 	call	0x203e	; 0x203e <escribirEnLCD>
			break;
    3818:	27 c0       	rjmp	.+78     	; 0x3868 <LeerBotones+0xfc>
			case 3:
			EPROM_Read_String(NombreB3, Buffer, 10);//
    381a:	4a e0       	ldi	r20, 0x0A	; 10
    381c:	50 e0       	ldi	r21, 0x00	; 0
    381e:	61 ed       	ldi	r22, 0xD1	; 209
    3820:	73 e0       	ldi	r23, 0x03	; 3
    3822:	88 e2       	ldi	r24, 0x28	; 40
    3824:	90 e0       	ldi	r25, 0x00	; 0
    3826:	0e 94 c5 0e 	call	0x1d8a	; 0x1d8a <EPROM_Read_String>
			escribirEnLCD("-"); // Esto arregla un bug
    382a:	86 e2       	ldi	r24, 0x26	; 38
    382c:	91 e0       	ldi	r25, 0x01	; 1
    382e:	0e 94 1f 10 	call	0x203e	; 0x203e <escribirEnLCD>
			escribirEnLCD(Buffer);
    3832:	81 ed       	ldi	r24, 0xD1	; 209
    3834:	93 e0       	ldi	r25, 0x03	; 3
    3836:	0e 94 1f 10 	call	0x203e	; 0x203e <escribirEnLCD>
			break;
    383a:	16 c0       	rjmp	.+44     	; 0x3868 <LeerBotones+0xfc>
			case 4:
			EPROM_Read_String(NombreB4, Buffer, 10);//
    383c:	4a e0       	ldi	r20, 0x0A	; 10
    383e:	50 e0       	ldi	r21, 0x00	; 0
    3840:	61 ed       	ldi	r22, 0xD1	; 209
    3842:	73 e0       	ldi	r23, 0x03	; 3
    3844:	87 e3       	ldi	r24, 0x37	; 55
    3846:	90 e0       	ldi	r25, 0x00	; 0
    3848:	0e 94 c5 0e 	call	0x1d8a	; 0x1d8a <EPROM_Read_String>
			escribirEnLCD("-"); // Esto arregla un bug
    384c:	86 e2       	ldi	r24, 0x26	; 38
    384e:	91 e0       	ldi	r25, 0x01	; 1
    3850:	0e 94 1f 10 	call	0x203e	; 0x203e <escribirEnLCD>
			escribirEnLCD(Buffer);
    3854:	81 ed       	ldi	r24, 0xD1	; 209
    3856:	93 e0       	ldi	r25, 0x03	; 3
    3858:	0e 94 1f 10 	call	0x203e	; 0x203e <escribirEnLCD>
			break;
    385c:	05 c0       	rjmp	.+10     	; 0x3868 <LeerBotones+0xfc>
			default:
			SelectorMenuLCD=1;
    385e:	81 e0       	ldi	r24, 0x01	; 1
    3860:	80 93 9e 03 	sts	0x039E, r24	; 0x80039e <SelectorMenuLCD>
			LeerBotones();
    3864:	0e 94 b6 1b 	call	0x376c	; 0x376c <LeerBotones>
			break;
			}
		i2c_stop();}
    3868:	0e 94 0a 0f 	call	0x1e14	; 0x1e14 <i2c_stop>
    386c:	08 95       	ret

0000386e <LeerSensores>:
	}
	}}
void LeerSensores(void){
	 SensorrTaza=LeerSensorTaza();
    386e:	0e 94 40 13 	call	0x2680	; 0x2680 <LeerSensorTaza>
    3872:	80 93 a0 03 	sts	0x03A0, r24	; 0x8003a0 <SensorrTaza>
	 SensorrPuerta=LeerSensorPuerta();
    3876:	0e 94 36 13 	call	0x266c	; 0x266c <LeerSensorPuerta>
    387a:	80 93 9f 03 	sts	0x039F, r24	; 0x80039f <SensorrPuerta>
	 BanderaError=SensorrPuerta||SensorrTaza;
    387e:	81 11       	cpse	r24, r1
    3880:	06 c0       	rjmp	.+12     	; 0x388e <LeerSensores+0x20>
    3882:	80 91 a0 03 	lds	r24, 0x03A0	; 0x8003a0 <SensorrTaza>
    3886:	88 23       	and	r24, r24
    3888:	21 f0       	breq	.+8      	; 0x3892 <LeerSensores+0x24>
    388a:	81 e0       	ldi	r24, 0x01	; 1
    388c:	03 c0       	rjmp	.+6      	; 0x3894 <LeerSensores+0x26>
    388e:	81 e0       	ldi	r24, 0x01	; 1
    3890:	01 c0       	rjmp	.+2      	; 0x3894 <LeerSensores+0x26>
    3892:	80 e0       	ldi	r24, 0x00	; 0
    3894:	80 93 90 03 	sts	0x0390, r24	; 0x800390 <BanderaError>
	 if(BanderaError!=0){DetectarError();}
    3898:	80 91 90 03 	lds	r24, 0x0390	; 0x800390 <BanderaError>
    389c:	81 11       	cpse	r24, r1
    389e:	0e 94 f0 17 	call	0x2fe0	; 0x2fe0 <DetectarError>
    38a2:	08 95       	ret

000038a4 <MedicionPolvos>:
	 } 
void MedicionPolvos(void){
    38a4:	cf 93       	push	r28
    38a6:	df 93       	push	r29
	leer_ADC(0); // Lee el valor del pin PC0
    38a8:	80 e0       	ldi	r24, 0x00	; 0
    38aa:	0e 94 d2 09 	call	0x13a4	; 0x13a4 <leer_ADC>
	NivelPolvo1 = ((float)ADC/1023)*100; // Guarda el valor del ADC en porcentaje (por eso dividimos por la resolución y por 100)
    38ae:	c8 e7       	ldi	r28, 0x78	; 120
    38b0:	d0 e0       	ldi	r29, 0x00	; 0
    38b2:	68 81       	ld	r22, Y
    38b4:	79 81       	ldd	r23, Y+1	; 0x01
    38b6:	80 e0       	ldi	r24, 0x00	; 0
    38b8:	90 e0       	ldi	r25, 0x00	; 0
    38ba:	0e 94 2a 20 	call	0x4054	; 0x4054 <__floatunsisf>
    38be:	20 e0       	ldi	r18, 0x00	; 0
    38c0:	30 ec       	ldi	r19, 0xC0	; 192
    38c2:	4f e7       	ldi	r20, 0x7F	; 127
    38c4:	54 e4       	ldi	r21, 0x44	; 68
    38c6:	0e 94 82 1f 	call	0x3f04	; 0x3f04 <__divsf3>
    38ca:	20 e0       	ldi	r18, 0x00	; 0
    38cc:	30 e0       	ldi	r19, 0x00	; 0
    38ce:	48 ec       	ldi	r20, 0xC8	; 200
    38d0:	52 e4       	ldi	r21, 0x42	; 66
    38d2:	0e 94 b8 20 	call	0x4170	; 0x4170 <__mulsf3>
    38d6:	0e 94 f4 1f 	call	0x3fe8	; 0x3fe8 <__fixsfsi>
    38da:	70 93 c7 03 	sts	0x03C7, r23	; 0x8003c7 <NivelPolvo1+0x1>
    38de:	60 93 c6 03 	sts	0x03C6, r22	; 0x8003c6 <NivelPolvo1>
    leer_ADC(1); // Lee el valor del pin PC0
    38e2:	81 e0       	ldi	r24, 0x01	; 1
    38e4:	0e 94 d2 09 	call	0x13a4	; 0x13a4 <leer_ADC>
    NivelPolvo2 = ((float)ADC/1023)*100; // Guarda el valor del ADC en porcentaje (por eso dividimos por la resolución y por 100)
    38e8:	68 81       	ld	r22, Y
    38ea:	79 81       	ldd	r23, Y+1	; 0x01
    38ec:	80 e0       	ldi	r24, 0x00	; 0
    38ee:	90 e0       	ldi	r25, 0x00	; 0
    38f0:	0e 94 2a 20 	call	0x4054	; 0x4054 <__floatunsisf>
    38f4:	20 e0       	ldi	r18, 0x00	; 0
    38f6:	30 ec       	ldi	r19, 0xC0	; 192
    38f8:	4f e7       	ldi	r20, 0x7F	; 127
    38fa:	54 e4       	ldi	r21, 0x44	; 68
    38fc:	0e 94 82 1f 	call	0x3f04	; 0x3f04 <__divsf3>
    3900:	20 e0       	ldi	r18, 0x00	; 0
    3902:	30 e0       	ldi	r19, 0x00	; 0
    3904:	48 ec       	ldi	r20, 0xC8	; 200
    3906:	52 e4       	ldi	r21, 0x42	; 66
    3908:	0e 94 b8 20 	call	0x4170	; 0x4170 <__mulsf3>
    390c:	0e 94 f4 1f 	call	0x3fe8	; 0x3fe8 <__fixsfsi>
    3910:	70 93 cf 03 	sts	0x03CF, r23	; 0x8003cf <NivelPolvo2+0x1>
    3914:	60 93 ce 03 	sts	0x03CE, r22	; 0x8003ce <NivelPolvo2>
	 leer_ADC(2); // Lee el valor del pin PC0
    3918:	82 e0       	ldi	r24, 0x02	; 2
    391a:	0e 94 d2 09 	call	0x13a4	; 0x13a4 <leer_ADC>
	 NivelPolvo3 = ((float)ADC/1023)*100; // Guarda el valor del ADC en porcentaje (por eso dividimos por la resolución y por 100)
    391e:	68 81       	ld	r22, Y
    3920:	79 81       	ldd	r23, Y+1	; 0x01
    3922:	80 e0       	ldi	r24, 0x00	; 0
    3924:	90 e0       	ldi	r25, 0x00	; 0
    3926:	0e 94 2a 20 	call	0x4054	; 0x4054 <__floatunsisf>
    392a:	20 e0       	ldi	r18, 0x00	; 0
    392c:	30 ec       	ldi	r19, 0xC0	; 192
    392e:	4f e7       	ldi	r20, 0x7F	; 127
    3930:	54 e4       	ldi	r21, 0x44	; 68
    3932:	0e 94 82 1f 	call	0x3f04	; 0x3f04 <__divsf3>
    3936:	20 e0       	ldi	r18, 0x00	; 0
    3938:	30 e0       	ldi	r19, 0x00	; 0
    393a:	48 ec       	ldi	r20, 0xC8	; 200
    393c:	52 e4       	ldi	r21, 0x42	; 66
    393e:	0e 94 b8 20 	call	0x4170	; 0x4170 <__mulsf3>
    3942:	0e 94 f4 1f 	call	0x3fe8	; 0x3fe8 <__fixsfsi>
    3946:	70 93 cd 03 	sts	0x03CD, r23	; 0x8003cd <NivelPolvo3+0x1>
    394a:	60 93 cc 03 	sts	0x03CC, r22	; 0x8003cc <NivelPolvo3>
	leer_ADC(3); // Lee el valor del pin PC0
    394e:	83 e0       	ldi	r24, 0x03	; 3
    3950:	0e 94 d2 09 	call	0x13a4	; 0x13a4 <leer_ADC>
	 NivelPolvo4 = ((float)ADC/1023)*100; // Guarda el valor del ADC en porcentaje (por eso dividimos por la resolución y por 100)
    3954:	68 81       	ld	r22, Y
    3956:	79 81       	ldd	r23, Y+1	; 0x01
    3958:	80 e0       	ldi	r24, 0x00	; 0
    395a:	90 e0       	ldi	r25, 0x00	; 0
    395c:	0e 94 2a 20 	call	0x4054	; 0x4054 <__floatunsisf>
    3960:	20 e0       	ldi	r18, 0x00	; 0
    3962:	30 ec       	ldi	r19, 0xC0	; 192
    3964:	4f e7       	ldi	r20, 0x7F	; 127
    3966:	54 e4       	ldi	r21, 0x44	; 68
    3968:	0e 94 82 1f 	call	0x3f04	; 0x3f04 <__divsf3>
    396c:	20 e0       	ldi	r18, 0x00	; 0
    396e:	30 e0       	ldi	r19, 0x00	; 0
    3970:	48 ec       	ldi	r20, 0xC8	; 200
    3972:	52 e4       	ldi	r21, 0x42	; 66
    3974:	0e 94 b8 20 	call	0x4170	; 0x4170 <__mulsf3>
    3978:	0e 94 f4 1f 	call	0x3fe8	; 0x3fe8 <__fixsfsi>
    397c:	70 93 cb 03 	sts	0x03CB, r23	; 0x8003cb <NivelPolvo4+0x1>
    3980:	60 93 ca 03 	sts	0x03CA, r22	; 0x8003ca <NivelPolvo4>
	};	
    3984:	df 91       	pop	r29
    3986:	cf 91       	pop	r28
    3988:	08 95       	ret

0000398a <MedirVariables>:

void MedirVariables(void){
	
		MedicionPolvos();
    398a:	0e 94 52 1c 	call	0x38a4	; 0x38a4 <MedicionPolvos>
		MedirBidon();
    398e:	0e 94 00 1a 	call	0x3400	; 0x3400 <MedirBidon>
        LeerSensores();
    3992:	0e 94 37 1c 	call	0x386e	; 0x386e <LeerSensores>
		LeerBotones();
    3996:	0e 94 b6 1b 	call	0x376c	; 0x376c <LeerBotones>
    399a:	08 95       	ret

0000399c <ConfiguracionIncial>:
	}
void ConfiguracionIncial(void){
	   ApagarTodo();					//Apagamos todo el Pcs8575, que por defecto está todo prendido
    399c:	0e 94 24 13 	call	0x2648	; 0x2648 <ApagarTodo>
	   iniciar_ADC();					// Inicializamos el ADC
    39a0:	0e 94 c1 09 	call	0x1382	; 0x1382 <iniciar_ADC>
       uart_init();						//Inicializamos la uart
    39a4:	0e 94 bf 13 	call	0x277e	; 0x277e <uart_init>
	   ConfigurarPinesSensores();		//Configuramos los pines de los sensores 
    39a8:	0e 94 29 13 	call	0x2652	; 0x2652 <ConfigurarPinesSensores>
	   ConfigurarBotones();				//Configuramos los botones.
    39ac:	0e 94 4b 13 	call	0x2696	; 0x2696 <ConfigurarBotones>
	   PWM_init();                      // Configuramos el PWM
    39b0:	0e 94 6f 13 	call	0x26de	; 0x26de <PWM_init>
	   if((BanderaBienvenida==0)&&(BanderaError==0)){        // Primer ejecución del programa
    39b4:	80 91 91 03 	lds	r24, 0x0391	; 0x800391 <BanderaBienvenida>
    39b8:	81 11       	cpse	r24, r1
    39ba:	15 c0       	rjmp	.+42     	; 0x39e6 <ConfiguracionIncial+0x4a>
    39bc:	80 91 90 03 	lds	r24, 0x0390	; 0x800390 <BanderaError>
    39c0:	81 11       	cpse	r24, r1
    39c2:	11 c0       	rjmp	.+34     	; 0x39e6 <ConfiguracionIncial+0x4a>
		    Bienvenida();
    39c4:	0e 94 13 14 	call	0x2826	; 0x2826 <Bienvenida>
			BanderaBienvenida=1;
    39c8:	81 e0       	ldi	r24, 0x01	; 1
    39ca:	80 93 91 03 	sts	0x0391, r24	; 0x800391 <BanderaBienvenida>
			lcd_init();
    39ce:	0e 94 ed 0f 	call	0x1fda	; 0x1fda <lcd_init>
			escribirEnLCD(" Bienvenido UwU");
    39d2:	8c ee       	ldi	r24, 0xEC	; 236
    39d4:	92 e0       	ldi	r25, 0x02	; 2
    39d6:	0e 94 1f 10 	call	0x203e	; 0x203e <escribirEnLCD>
			escribirSegundaLinea(">______________<");
    39da:	8c ef       	ldi	r24, 0xFC	; 252
    39dc:	92 e0       	ldi	r25, 0x02	; 2
    39de:	0e 94 2c 10 	call	0x2058	; 0x2058 <escribirSegundaLinea>
			i2c_stop();
    39e2:	0e 94 0a 0f 	call	0x1e14	; 0x1e14 <i2c_stop>
	   } 
	   ConfiguracionIncialEeprom();     // Verificamos que la configuración inicial esté en la eprom, caso contrario la configuramos
    39e6:	0e 94 e1 19 	call	0x33c2	; 0x33c2 <ConfiguracionIncialEeprom>
	   MenuInicial();                   // Menu de inicio owo
    39ea:	0e 94 dd 14 	call	0x29ba	; 0x29ba <MenuInicial>
	   Timer0_init();
    39ee:	0e 94 97 13 	call	0x272e	; 0x272e <Timer0_init>
	   setupTimer1();
    39f2:	0e 94 a8 13 	call	0x2750	; 0x2750 <setupTimer1>
    39f6:	08 95       	ret

000039f8 <MenuUart>:
   }
void MenuUart(void) 
    {; // se recibe el dato de forma no bloqueante
    39f8:	ef 92       	push	r14
    39fa:	ff 92       	push	r15
    39fc:	0f 93       	push	r16
    39fe:	1f 93       	push	r17
    3a00:	cf 93       	push	r28
    3a02:	df 93       	push	r29
		DecisionMenuUart=UART_receive_non_blocking();
    3a04:	0e 94 0a 14 	call	0x2814	; 0x2814 <UART_receive_non_blocking>
    3a08:	80 93 e9 03 	sts	0x03E9, r24	; 0x8003e9 <DecisionMenuUart>
	switch (DecisionMenuUart) {
    3a0c:	e0 91 e9 03 	lds	r30, 0x03E9	; 0x8003e9 <DecisionMenuUart>
    3a10:	8e 2f       	mov	r24, r30
    3a12:	90 e0       	ldi	r25, 0x00	; 0
    3a14:	fc 01       	movw	r30, r24
    3a16:	f1 97       	sbiw	r30, 0x31	; 49
    3a18:	ea 32       	cpi	r30, 0x2A	; 42
    3a1a:	f1 05       	cpc	r31, r1
    3a1c:	08 f0       	brcs	.+2      	; 0x3a20 <MenuUart+0x28>
    3a1e:	2b c1       	rjmp	.+598    	; 0x3c76 <MenuUart+0x27e>
    3a20:	ec 5c       	subi	r30, 0xCC	; 204
    3a22:	ff 4f       	sbci	r31, 0xFF	; 255
    3a24:	0c 94 25 21 	jmp	0x424a	; 0x424a <__tablejump2__>
		case '1':
		MenuMediciones(PesoBidon,TemperaturaBidon,NivelPolvo1,NivelPolvo2,NivelPolvo3,NivelPolvo4);
    3a28:	60 91 ea 03 	lds	r22, 0x03EA	; 0x8003ea <TemperaturaBidon>
    3a2c:	70 91 eb 03 	lds	r23, 0x03EB	; 0x8003eb <TemperaturaBidon+0x1>
    3a30:	80 91 c8 03 	lds	r24, 0x03C8	; 0x8003c8 <PesoBidon>
    3a34:	90 91 c9 03 	lds	r25, 0x03C9	; 0x8003c9 <PesoBidon+0x1>
    3a38:	e0 90 ca 03 	lds	r14, 0x03CA	; 0x8003ca <NivelPolvo4>
    3a3c:	f0 90 cb 03 	lds	r15, 0x03CB	; 0x8003cb <NivelPolvo4+0x1>
    3a40:	00 91 cc 03 	lds	r16, 0x03CC	; 0x8003cc <NivelPolvo3>
    3a44:	10 91 cd 03 	lds	r17, 0x03CD	; 0x8003cd <NivelPolvo3+0x1>
    3a48:	20 91 ce 03 	lds	r18, 0x03CE	; 0x8003ce <NivelPolvo2>
    3a4c:	30 91 cf 03 	lds	r19, 0x03CF	; 0x8003cf <NivelPolvo2+0x1>
    3a50:	40 91 c6 03 	lds	r20, 0x03C6	; 0x8003c6 <NivelPolvo1>
    3a54:	50 91 c7 03 	lds	r21, 0x03C7	; 0x8003c7 <NivelPolvo1+0x1>
    3a58:	0e 94 02 15 	call	0x2a04	; 0x2a04 <MenuMediciones>
		DecisionMenuUart=","; // Esto se va a repetir de ahora en adelante, es sólo para "limpiar" la variable.
    3a5c:	8d e0       	ldi	r24, 0x0D	; 13
    3a5e:	93 e0       	ldi	r25, 0x03	; 3
    3a60:	80 93 e9 03 	sts	0x03E9, r24	; 0x8003e9 <DecisionMenuUart>
		break;
    3a64:	08 c1       	rjmp	.+528    	; 0x3c76 <MenuUart+0x27e>
		case '2':
		MenuConfiguraciones();
    3a66:	0e 94 11 16 	call	0x2c22	; 0x2c22 <MenuConfiguraciones>
		DecisionMenuUart=",";
    3a6a:	8d e0       	ldi	r24, 0x0D	; 13
    3a6c:	93 e0       	ldi	r25, 0x03	; 3
    3a6e:	80 93 e9 03 	sts	0x03E9, r24	; 0x8003e9 <DecisionMenuUart>
		break;
    3a72:	01 c1       	rjmp	.+514    	; 0x3c76 <MenuUart+0x27e>
		case '3':
		Carpy();
    3a74:	0e 94 4e 14 	call	0x289c	; 0x289c <Carpy>
		DecisionMenuUart=",";
    3a78:	8d e0       	ldi	r24, 0x0D	; 13
    3a7a:	93 e0       	ldi	r25, 0x03	; 3
    3a7c:	80 93 e9 03 	sts	0x03E9, r24	; 0x8003e9 <DecisionMenuUart>
		break;
    3a80:	fa c0       	rjmp	.+500    	; 0x3c76 <MenuUart+0x27e>
		DecisionMenuUart=",";
		case '4':
		uart_send_newline();
    3a82:	0e 94 df 13 	call	0x27be	; 0x27be <uart_send_newline>
		uart_send_string(">>Del siguiente listado, escoja que configurar:");
    3a86:	8f e0       	ldi	r24, 0x0F	; 15
    3a88:	93 e0       	ldi	r25, 0x03	; 3
    3a8a:	0e 94 d2 13 	call	0x27a4	; 0x27a4 <uart_send_string>
		MenuConfiguraciones();
    3a8e:	0e 94 11 16 	call	0x2c22	; 0x2c22 <MenuConfiguraciones>
		uart_send_newline();
    3a92:	0e 94 df 13 	call	0x27be	; 0x27be <uart_send_newline>
	    uart_send_string(">>Seleccione una de las anteriores opciones y siga las instrucciones ");
    3a96:	8f e3       	ldi	r24, 0x3F	; 63
    3a98:	93 e0       	ldi	r25, 0x03	; 3
    3a9a:	0e 94 d2 13 	call	0x27a4	; 0x27a4 <uart_send_string>
		uart_send_newline();
    3a9e:	0e 94 df 13 	call	0x27be	; 0x27be <uart_send_newline>
		// Recibir Configuracion
		DecisionMenuUart=",";
    3aa2:	8d e0       	ldi	r24, 0x0D	; 13
    3aa4:	93 e0       	ldi	r25, 0x03	; 3
    3aa6:	80 93 e9 03 	sts	0x03E9, r24	; 0x8003e9 <DecisionMenuUart>
		break;
    3aaa:	e5 c0       	rjmp	.+458    	; 0x3c76 <MenuUart+0x27e>
		case 'A':
		LlenarVectorConDosCaracteres(TemperaturaDeseada);
    3aac:	84 eb       	ldi	r24, 0xB4	; 180
    3aae:	90 e0       	ldi	r25, 0x00	; 0
    3ab0:	0e 94 35 0d 	call	0x1a6a	; 0x1a6a <LlenarVectorConDosCaracteres>
		DecisionMenuUart=",";
    3ab4:	8d e0       	ldi	r24, 0x0D	; 13
    3ab6:	93 e0       	ldi	r25, 0x03	; 3
    3ab8:	80 93 e9 03 	sts	0x03E9, r24	; 0x8003e9 <DecisionMenuUart>
		break;
    3abc:	dc c0       	rjmp	.+440    	; 0x3c76 <MenuUart+0x27e>
		case 'B':
		MenuCambioDeNombre();
    3abe:	0e 94 72 17 	call	0x2ee4	; 0x2ee4 <MenuCambioDeNombre>
		LlenarVectorConDiezCaracteres(NombreB1);
    3ac2:	8a e0       	ldi	r24, 0x0A	; 10
    3ac4:	90 e0       	ldi	r25, 0x00	; 0
    3ac6:	0e 94 98 0d 	call	0x1b30	; 0x1b30 <LlenarVectorConDiezCaracteres>
		DecisionMenuUart=",";
    3aca:	8d e0       	ldi	r24, 0x0D	; 13
    3acc:	93 e0       	ldi	r25, 0x03	; 3
    3ace:	80 93 e9 03 	sts	0x03E9, r24	; 0x8003e9 <DecisionMenuUart>
		break;
    3ad2:	d1 c0       	rjmp	.+418    	; 0x3c76 <MenuUart+0x27e>
		case 'C':
		MenuCambioDeNombre();
    3ad4:	0e 94 72 17 	call	0x2ee4	; 0x2ee4 <MenuCambioDeNombre>
		LlenarVectorConDiezCaracteres(NombreB2);
    3ad8:	89 e1       	ldi	r24, 0x19	; 25
    3ada:	90 e0       	ldi	r25, 0x00	; 0
    3adc:	0e 94 98 0d 	call	0x1b30	; 0x1b30 <LlenarVectorConDiezCaracteres>
		DecisionMenuUart=",";
    3ae0:	8d e0       	ldi	r24, 0x0D	; 13
    3ae2:	93 e0       	ldi	r25, 0x03	; 3
    3ae4:	80 93 e9 03 	sts	0x03E9, r24	; 0x8003e9 <DecisionMenuUart>
		break;
    3ae8:	c6 c0       	rjmp	.+396    	; 0x3c76 <MenuUart+0x27e>
		DecisionMenuUart=",";
		case 'D':
		MenuCambioDeNombre();
    3aea:	0e 94 72 17 	call	0x2ee4	; 0x2ee4 <MenuCambioDeNombre>
		LlenarVectorConDiezCaracteres(NombreB3);
    3aee:	88 e2       	ldi	r24, 0x28	; 40
    3af0:	90 e0       	ldi	r25, 0x00	; 0
    3af2:	0e 94 98 0d 	call	0x1b30	; 0x1b30 <LlenarVectorConDiezCaracteres>
		DecisionMenuUart=",";
    3af6:	8d e0       	ldi	r24, 0x0D	; 13
    3af8:	93 e0       	ldi	r25, 0x03	; 3
    3afa:	80 93 e9 03 	sts	0x03E9, r24	; 0x8003e9 <DecisionMenuUart>
		break;
    3afe:	bb c0       	rjmp	.+374    	; 0x3c76 <MenuUart+0x27e>
		case 'E':
		MenuCambioDeNombre();
    3b00:	0e 94 72 17 	call	0x2ee4	; 0x2ee4 <MenuCambioDeNombre>
		LlenarVectorConDiezCaracteres(NombreB4);
    3b04:	87 e3       	ldi	r24, 0x37	; 55
    3b06:	90 e0       	ldi	r25, 0x00	; 0
    3b08:	0e 94 98 0d 	call	0x1b30	; 0x1b30 <LlenarVectorConDiezCaracteres>
		DecisionMenuUart=",";
    3b0c:	8d e0       	ldi	r24, 0x0D	; 13
    3b0e:	93 e0       	ldi	r25, 0x03	; 3
    3b10:	80 93 e9 03 	sts	0x03E9, r24	; 0x8003e9 <DecisionMenuUart>
		break;
    3b14:	b0 c0       	rjmp	.+352    	; 0x3c76 <MenuUart+0x27e>
		case 'F':
		DecisionMenuUart=",";
    3b16:	8d e0       	ldi	r24, 0x0D	; 13
    3b18:	93 e0       	ldi	r25, 0x03	; 3
    3b1a:	80 93 e9 03 	sts	0x03E9, r24	; 0x8003e9 <DecisionMenuUart>
		break;
    3b1e:	ab c0       	rjmp	.+342    	; 0x3c76 <MenuUart+0x27e>
		case 'G':
		LlenarVectorConDosCaracteres(KpEprom);
    3b20:	8a ea       	ldi	r24, 0xAA	; 170
    3b22:	90 e0       	ldi	r25, 0x00	; 0
    3b24:	0e 94 35 0d 	call	0x1a6a	; 0x1a6a <LlenarVectorConDosCaracteres>
		DecisionMenuUart=",";
    3b28:	8d e0       	ldi	r24, 0x0D	; 13
    3b2a:	93 e0       	ldi	r25, 0x03	; 3
    3b2c:	80 93 e9 03 	sts	0x03E9, r24	; 0x8003e9 <DecisionMenuUart>
		break;
    3b30:	a2 c0       	rjmp	.+324    	; 0x3c76 <MenuUart+0x27e>
		DecisionMenuUart=",";
		case 'H':
		LlenarVectorConTresCaracteres(DosificacionB1);
    3b32:	88 e1       	ldi	r24, 0x18	; 24
    3b34:	91 e0       	ldi	r25, 0x01	; 1
    3b36:	0e 94 15 0e 	call	0x1c2a	; 0x1c2a <LlenarVectorConTresCaracteres>
		DecisionMenuUart=",";
    3b3a:	8d e0       	ldi	r24, 0x0D	; 13
    3b3c:	93 e0       	ldi	r25, 0x03	; 3
    3b3e:	80 93 e9 03 	sts	0x03E9, r24	; 0x8003e9 <DecisionMenuUart>
		break;
    3b42:	99 c0       	rjmp	.+306    	; 0x3c76 <MenuUart+0x27e>
		case 'I':
		LlenarVectorConTresCaracteres(DosificacionB2);
    3b44:	86 e4       	ldi	r24, 0x46	; 70
    3b46:	90 e0       	ldi	r25, 0x00	; 0
    3b48:	0e 94 15 0e 	call	0x1c2a	; 0x1c2a <LlenarVectorConTresCaracteres>
		break;
    3b4c:	94 c0       	rjmp	.+296    	; 0x3c76 <MenuUart+0x27e>
		case 'J':
		LlenarVectorConTresCaracteres(DosificacionB3);
    3b4e:	80 e5       	ldi	r24, 0x50	; 80
    3b50:	90 e0       	ldi	r25, 0x00	; 0
    3b52:	0e 94 15 0e 	call	0x1c2a	; 0x1c2a <LlenarVectorConTresCaracteres>
		DecisionMenuUart=",";
    3b56:	8d e0       	ldi	r24, 0x0D	; 13
    3b58:	93 e0       	ldi	r25, 0x03	; 3
    3b5a:	80 93 e9 03 	sts	0x03E9, r24	; 0x8003e9 <DecisionMenuUart>
		break;
    3b5e:	8b c0       	rjmp	.+278    	; 0x3c76 <MenuUart+0x27e>
		case 'K':
		LlenarVectorConTresCaracteres(DosificacionB4);
    3b60:	8a e5       	ldi	r24, 0x5A	; 90
    3b62:	90 e0       	ldi	r25, 0x00	; 0
    3b64:	0e 94 15 0e 	call	0x1c2a	; 0x1c2a <LlenarVectorConTresCaracteres>
		DecisionMenuUart=",";
    3b68:	8d e0       	ldi	r24, 0x0D	; 13
    3b6a:	93 e0       	ldi	r25, 0x03	; 3
    3b6c:	80 93 e9 03 	sts	0x03E9, r24	; 0x8003e9 <DecisionMenuUart>
		break;
    3b70:	82 c0       	rjmp	.+260    	; 0x3c76 <MenuUart+0x27e>
	
		case 'M':
		LlenarVectorConTresCaracteres(CAguaB1);
    3b72:	84 e6       	ldi	r24, 0x64	; 100
    3b74:	90 e0       	ldi	r25, 0x00	; 0
    3b76:	0e 94 15 0e 	call	0x1c2a	; 0x1c2a <LlenarVectorConTresCaracteres>
		DecisionMenuUart=",";
    3b7a:	8d e0       	ldi	r24, 0x0D	; 13
    3b7c:	93 e0       	ldi	r25, 0x03	; 3
    3b7e:	80 93 e9 03 	sts	0x03E9, r24	; 0x8003e9 <DecisionMenuUart>
		DecisionMenuUart=",";
    3b82:	80 93 e9 03 	sts	0x03E9, r24	; 0x8003e9 <DecisionMenuUart>
		break;
    3b86:	77 c0       	rjmp	.+238    	; 0x3c76 <MenuUart+0x27e>
		case 'L':
		DecisionMenuUart=",";
    3b88:	8d e0       	ldi	r24, 0x0D	; 13
    3b8a:	93 e0       	ldi	r25, 0x03	; 3
    3b8c:	80 93 e9 03 	sts	0x03E9, r24	; 0x8003e9 <DecisionMenuUart>
		LlenarVectorConTresCaracteres(CAguaB2);
    3b90:	8e e6       	ldi	r24, 0x6E	; 110
    3b92:	90 e0       	ldi	r25, 0x00	; 0
    3b94:	0e 94 15 0e 	call	0x1c2a	; 0x1c2a <LlenarVectorConTresCaracteres>
		break;
    3b98:	6e c0       	rjmp	.+220    	; 0x3c76 <MenuUart+0x27e>
		case 'O':
		DecisionMenuUart=",";
    3b9a:	8d e0       	ldi	r24, 0x0D	; 13
    3b9c:	93 e0       	ldi	r25, 0x03	; 3
    3b9e:	80 93 e9 03 	sts	0x03E9, r24	; 0x8003e9 <DecisionMenuUart>
		LlenarVectorConTresCaracteres(CAguaB3);
    3ba2:	88 e7       	ldi	r24, 0x78	; 120
    3ba4:	90 e0       	ldi	r25, 0x00	; 0
    3ba6:	0e 94 15 0e 	call	0x1c2a	; 0x1c2a <LlenarVectorConTresCaracteres>
		break;
    3baa:	65 c0       	rjmp	.+202    	; 0x3c76 <MenuUart+0x27e>
		case 'P':
		DecisionMenuUart=",";
    3bac:	cd e0       	ldi	r28, 0x0D	; 13
    3bae:	d3 e0       	ldi	r29, 0x03	; 3
    3bb0:	c0 93 e9 03 	sts	0x03E9, r28	; 0x8003e9 <DecisionMenuUart>
		LlenarVectorConTresCaracteres(CAguaB4);
    3bb4:	82 e8       	ldi	r24, 0x82	; 130
    3bb6:	90 e0       	ldi	r25, 0x00	; 0
    3bb8:	0e 94 15 0e 	call	0x1c2a	; 0x1c2a <LlenarVectorConTresCaracteres>
		DecisionMenuUart=",";
    3bbc:	c0 93 e9 03 	sts	0x03E9, r28	; 0x8003e9 <DecisionMenuUart>
		break;
    3bc0:	5a c0       	rjmp	.+180    	; 0x3c76 <MenuUart+0x27e>
		case 'Q':
		DecisionMenuUart=",";
    3bc2:	8d e0       	ldi	r24, 0x0D	; 13
    3bc4:	93 e0       	ldi	r25, 0x03	; 3
    3bc6:	80 93 e9 03 	sts	0x03E9, r24	; 0x8003e9 <DecisionMenuUart>
		LlenarVectorConDosCaracteres(PorcDescargaB1);
    3bca:	8c e8       	ldi	r24, 0x8C	; 140
    3bcc:	90 e0       	ldi	r25, 0x00	; 0
    3bce:	0e 94 35 0d 	call	0x1a6a	; 0x1a6a <LlenarVectorConDosCaracteres>
		break;
    3bd2:	51 c0       	rjmp	.+162    	; 0x3c76 <MenuUart+0x27e>
		case 'R':
		DecisionMenuUart=",";
    3bd4:	8d e0       	ldi	r24, 0x0D	; 13
    3bd6:	93 e0       	ldi	r25, 0x03	; 3
    3bd8:	80 93 e9 03 	sts	0x03E9, r24	; 0x8003e9 <DecisionMenuUart>
		LlenarVectorConDosCaracteres(PorcDescargaB2);
    3bdc:	81 e9       	ldi	r24, 0x91	; 145
    3bde:	90 e0       	ldi	r25, 0x00	; 0
    3be0:	0e 94 35 0d 	call	0x1a6a	; 0x1a6a <LlenarVectorConDosCaracteres>
		break;
    3be4:	48 c0       	rjmp	.+144    	; 0x3c76 <MenuUart+0x27e>
		case 'S':
		DecisionMenuUart=",";
    3be6:	8d e0       	ldi	r24, 0x0D	; 13
    3be8:	93 e0       	ldi	r25, 0x03	; 3
    3bea:	80 93 e9 03 	sts	0x03E9, r24	; 0x8003e9 <DecisionMenuUart>
		LlenarVectorConDosCaracteres(PorcDescargaB3);
    3bee:	86 e9       	ldi	r24, 0x96	; 150
    3bf0:	90 e0       	ldi	r25, 0x00	; 0
    3bf2:	0e 94 35 0d 	call	0x1a6a	; 0x1a6a <LlenarVectorConDosCaracteres>
		break;
    3bf6:	3f c0       	rjmp	.+126    	; 0x3c76 <MenuUart+0x27e>
		DecisionMenuUart=",";
		case 'T':
		DecisionMenuUart=",";
    3bf8:	8d e0       	ldi	r24, 0x0D	; 13
    3bfa:	93 e0       	ldi	r25, 0x03	; 3
    3bfc:	80 93 e9 03 	sts	0x03E9, r24	; 0x8003e9 <DecisionMenuUart>
		LlenarVectorConDosCaracteres(PorcDescargaB4);
    3c00:	8b e9       	ldi	r24, 0x9B	; 155
    3c02:	90 e0       	ldi	r25, 0x00	; 0
    3c04:	0e 94 35 0d 	call	0x1a6a	; 0x1a6a <LlenarVectorConDosCaracteres>
		break;
    3c08:	36 c0       	rjmp	.+108    	; 0x3c76 <MenuUart+0x27e>
		case 'U':
		MenuTamanho();
    3c0a:	0e 94 db 17 	call	0x2fb6	; 0x2fb6 <MenuTamanho>
		DecisionMenuUart=",";
    3c0e:	8d e0       	ldi	r24, 0x0D	; 13
    3c10:	93 e0       	ldi	r25, 0x03	; 3
    3c12:	80 93 e9 03 	sts	0x03E9, r24	; 0x8003e9 <DecisionMenuUart>
		break;
    3c16:	2f c0       	rjmp	.+94     	; 0x3c76 <MenuUart+0x27e>
		case 'V':
		EPROM_Write_String(TamagnoBidon, "1"); // Guaradamos
    3c18:	65 e8       	ldi	r22, 0x85	; 133
    3c1a:	73 e0       	ldi	r23, 0x03	; 3
    3c1c:	80 ea       	ldi	r24, 0xA0	; 160
    3c1e:	90 e0       	ldi	r25, 0x00	; 0
    3c20:	0e 94 8b 0e 	call	0x1d16	; 0x1d16 <EPROM_Write_String>
		uart_send_newline();
    3c24:	0e 94 df 13 	call	0x27be	; 0x27be <uart_send_newline>
		MenuInicial();
    3c28:	0e 94 dd 14 	call	0x29ba	; 0x29ba <MenuInicial>
		uart_send_newline();
    3c2c:	0e 94 df 13 	call	0x27be	; 0x27be <uart_send_newline>
		DecisionMenuUart=",";																																														
    3c30:	8d e0       	ldi	r24, 0x0D	; 13
    3c32:	93 e0       	ldi	r25, 0x03	; 3
    3c34:	80 93 e9 03 	sts	0x03E9, r24	; 0x8003e9 <DecisionMenuUart>
		break;
    3c38:	1e c0       	rjmp	.+60     	; 0x3c76 <MenuUart+0x27e>
		case 'W':
		uart_send_newline();
    3c3a:	0e 94 df 13 	call	0x27be	; 0x27be <uart_send_newline>
		EPROM_Write_String(TamagnoBidon, "2"); // Guaradamos
    3c3e:	67 e8       	ldi	r22, 0x87	; 135
    3c40:	73 e0       	ldi	r23, 0x03	; 3
    3c42:	80 ea       	ldi	r24, 0xA0	; 160
    3c44:	90 e0       	ldi	r25, 0x00	; 0
    3c46:	0e 94 8b 0e 	call	0x1d16	; 0x1d16 <EPROM_Write_String>
		MenuInicial();
    3c4a:	0e 94 dd 14 	call	0x29ba	; 0x29ba <MenuInicial>
		uart_send_newline();
    3c4e:	0e 94 df 13 	call	0x27be	; 0x27be <uart_send_newline>
		DecisionMenuUart=",";																																														
    3c52:	8d e0       	ldi	r24, 0x0D	; 13
    3c54:	93 e0       	ldi	r25, 0x03	; 3
    3c56:	80 93 e9 03 	sts	0x03E9, r24	; 0x8003e9 <DecisionMenuUart>
		break;
    3c5a:	0d c0       	rjmp	.+26     	; 0x3c76 <MenuUart+0x27e>
		case 'X':
		MenuInicial();
    3c5c:	0e 94 dd 14 	call	0x29ba	; 0x29ba <MenuInicial>
		DecisionMenuUart=",";
    3c60:	8d e0       	ldi	r24, 0x0D	; 13
    3c62:	93 e0       	ldi	r25, 0x03	; 3
    3c64:	80 93 e9 03 	sts	0x03E9, r24	; 0x8003e9 <DecisionMenuUart>
		break;
    3c68:	06 c0       	rjmp	.+12     	; 0x3c76 <MenuUart+0x27e>
		case 'Z':
		ConfiguracionPredeterminada();// Reseteo de fabrica
    3c6a:	0e 94 6d 18 	call	0x30da	; 0x30da <ConfiguracionPredeterminada>
		DecisionMenuUart=",";
    3c6e:	8d e0       	ldi	r24, 0x0D	; 13
    3c70:	93 e0       	ldi	r25, 0x03	; 3
    3c72:	80 93 e9 03 	sts	0x03E9, r24	; 0x8003e9 <DecisionMenuUart>
		break;
		default:
		// Ninguna opción válida, 
		break;
	}
}
    3c76:	df 91       	pop	r29
    3c78:	cf 91       	pop	r28
    3c7a:	1f 91       	pop	r17
    3c7c:	0f 91       	pop	r16
    3c7e:	ff 90       	pop	r15
    3c80:	ef 90       	pop	r14
    3c82:	08 95       	ret

00003c84 <main>:
 *                                                                                                       
 * ==========================================================================================================*/

   
int main(void){ 
	   cli(); // NOS ASEGURAMOS QUE LAS INTERRUPCIONES ESTEN DESACTIVADAS, POR BUENA PRACTICA
    3c84:	f8 94       	cli
	   ConfiguracionIncial();//Configuramos todo
    3c86:	0e 94 ce 1c 	call	0x399c	; 0x399c <ConfiguracionIncial>
	 for (int i = 0; i < 6; i++) // Hay que medir varias veces, porque las primeras mediciones pueden ser erradas
    3c8a:	c0 e0       	ldi	r28, 0x00	; 0
    3c8c:	d0 e0       	ldi	r29, 0x00	; 0
    3c8e:	03 c0       	rjmp	.+6      	; 0x3c96 <main+0x12>
	 {MedirVariables(); //Medición inicial
    3c90:	0e 94 c5 1c 	call	0x398a	; 0x398a <MedirVariables>

   
int main(void){ 
	   cli(); // NOS ASEGURAMOS QUE LAS INTERRUPCIONES ESTEN DESACTIVADAS, POR BUENA PRACTICA
	   ConfiguracionIncial();//Configuramos todo
	 for (int i = 0; i < 6; i++) // Hay que medir varias veces, porque las primeras mediciones pueden ser erradas
    3c94:	21 96       	adiw	r28, 0x01	; 1
    3c96:	c6 30       	cpi	r28, 0x06	; 6
    3c98:	d1 05       	cpc	r29, r1
    3c9a:	d4 f3       	brlt	.-12     	; 0x3c90 <main+0xc>
	 {MedirVariables(); //Medición inicial
	 }
	    sei(); // Prendendemos las interrupciones
    3c9c:	78 94       	sei
		DetectarError();// Por si llegare a iniciarse con algo mal
    3c9e:	0e 94 f0 17 	call	0x2fe0	; 0x2fe0 <DetectarError>
	while(1){
		  sei(); // NOS ASEGURAMOS QUE ESTEN ACTIVADAS
    3ca2:	78 94       	sei
		if (Simultaneidad==1){
    3ca4:	80 91 95 03 	lds	r24, 0x0395	; 0x800395 <Simultaneidad>
    3ca8:	90 91 96 03 	lds	r25, 0x0396	; 0x800396 <Simultaneidad+0x1>
    3cac:	01 97       	sbiw	r24, 0x01	; 1
    3cae:	31 f4       	brne	.+12     	; 0x3cbc <main+0x38>
			MenuNivelesLcd();
    3cb0:	0e 94 55 1a 	call	0x34aa	; 0x34aa <MenuNivelesLcd>
			Simultaneidad=0;
    3cb4:	10 92 96 03 	sts	0x0396, r1	; 0x800396 <Simultaneidad+0x1>
    3cb8:	10 92 95 03 	sts	0x0395, r1	; 0x800395 <Simultaneidad>
		}  
		DetectarError();
    3cbc:	0e 94 f0 17 	call	0x2fe0	; 0x2fe0 <DetectarError>
		Servido(); 
    3cc0:	0e 94 38 18 	call	0x3070	; 0x3070 <Servido>
		MenuUart();
    3cc4:	0e 94 fc 1c 	call	0x39f8	; 0x39f8 <MenuUart>
		//fin
	}
    3cc8:	ec cf       	rjmp	.-40     	; 0x3ca2 <main+0x1e>

00003cca <__vector_11>:
 *      #   #    ##     #     #        #    #   #    #   #     #  #        #     #   #   #     #  #    ##  #        #     # 
 *     ###  #     #     #     #######  #     #  #     #   #####   #         #####   ###  #######  #     #  #######   #####  
 *                                                                                                                          
 */
	
ISR(TIMER1_COMPA_vect) {// Esto se ejecuta cada 1 segundo
    3cca:	1f 92       	push	r1
    3ccc:	0f 92       	push	r0
    3cce:	0f b6       	in	r0, 0x3f	; 63
    3cd0:	0f 92       	push	r0
    3cd2:	11 24       	eor	r1, r1
    3cd4:	2f 93       	push	r18
    3cd6:	3f 93       	push	r19
    3cd8:	4f 93       	push	r20
    3cda:	5f 93       	push	r21
    3cdc:	6f 93       	push	r22
    3cde:	7f 93       	push	r23
    3ce0:	8f 93       	push	r24
    3ce2:	9f 93       	push	r25
    3ce4:	af 93       	push	r26
    3ce6:	bf 93       	push	r27
    3ce8:	ef 93       	push	r30
    3cea:	ff 93       	push	r31
	 MedirVariables();
    3cec:	0e 94 c5 1c 	call	0x398a	; 0x398a <MedirVariables>
	ControlarTemperatura();         // Se controla la temperatura por interrupción
    3cf0:	0e 94 13 1a 	call	0x3426	; 0x3426 <ControlarTemperatura>
	
}//Fin
    3cf4:	ff 91       	pop	r31
    3cf6:	ef 91       	pop	r30
    3cf8:	bf 91       	pop	r27
    3cfa:	af 91       	pop	r26
    3cfc:	9f 91       	pop	r25
    3cfe:	8f 91       	pop	r24
    3d00:	7f 91       	pop	r23
    3d02:	6f 91       	pop	r22
    3d04:	5f 91       	pop	r21
    3d06:	4f 91       	pop	r20
    3d08:	3f 91       	pop	r19
    3d0a:	2f 91       	pop	r18
    3d0c:	0f 90       	pop	r0
    3d0e:	0f be       	out	0x3f, r0	; 63
    3d10:	0f 90       	pop	r0
    3d12:	1f 90       	pop	r1
    3d14:	18 95       	reti

00003d16 <__vector_14>:
ISR(TIMER0_COMPA_vect) {
    3d16:	1f 92       	push	r1
    3d18:	0f 92       	push	r0
    3d1a:	0f b6       	in	r0, 0x3f	; 63
    3d1c:	0f 92       	push	r0
    3d1e:	11 24       	eor	r1, r1
    3d20:	2f 93       	push	r18
    3d22:	3f 93       	push	r19
    3d24:	4f 93       	push	r20
    3d26:	5f 93       	push	r21
    3d28:	6f 93       	push	r22
    3d2a:	7f 93       	push	r23
    3d2c:	8f 93       	push	r24
    3d2e:	9f 93       	push	r25
    3d30:	af 93       	push	r26
    3d32:	bf 93       	push	r27
    3d34:	cf 93       	push	r28
    3d36:	ef 93       	push	r30
    3d38:	ff 93       	push	r31
	 int BotonAceptarRR = !((PIND & (1 << PPD6)) ? 1 : 0); // lee el botón aceptar
    3d3a:	89 b1       	in	r24, 0x09	; 9
    3d3c:	c8 2f       	mov	r28, r24
    3d3e:	c0 74       	andi	r28, 0x40	; 64
	// Incrementar contador de tiempo
	ContadorControlarBotones++; 
    3d40:	80 91 93 03 	lds	r24, 0x0393	; 0x800393 <ContadorControlarBotones>
    3d44:	90 91 94 03 	lds	r25, 0x0394	; 0x800394 <ContadorControlarBotones+0x1>
    3d48:	01 96       	adiw	r24, 0x01	; 1
    3d4a:	90 93 94 03 	sts	0x0394, r25	; 0x800394 <ContadorControlarBotones+0x1>
    3d4e:	80 93 93 03 	sts	0x0393, r24	; 0x800393 <ContadorControlarBotones>
	if (ContadorControlarBotones==55) // Para que se active por cada 56 ms
    3d52:	80 91 93 03 	lds	r24, 0x0393	; 0x800393 <ContadorControlarBotones>
    3d56:	90 91 94 03 	lds	r25, 0x0394	; 0x800394 <ContadorControlarBotones+0x1>
    3d5a:	c7 97       	sbiw	r24, 0x37	; 55
    3d5c:	31 f4       	brne	.+12     	; 0x3d6a <__vector_14+0x54>
	{LeerBotones();
    3d5e:	0e 94 b6 1b 	call	0x376c	; 0x376c <LeerBotones>
    // LeerSensores();
	ContadorControlarBotones=0 //Reiniciamos contador
    3d62:	10 92 94 03 	sts	0x0394, r1	; 0x800394 <ContadorControlarBotones+0x1>
    3d66:	10 92 93 03 	sts	0x0393, r1	; 0x800393 <ContadorControlarBotones>
	;};
	// Incrementar contador de tiempo si los dos botones están presionados
    
	// Leer estado de los pines PD3 y PD4
	pinState = (BotonAceptarr && BotonSeleccionarr);
    3d6a:	80 91 9c 03 	lds	r24, 0x039C	; 0x80039c <BotonAceptarr>
    3d6e:	88 23       	and	r24, r24
    3d70:	29 f0       	breq	.+10     	; 0x3d7c <__vector_14+0x66>
    3d72:	80 91 9d 03 	lds	r24, 0x039D	; 0x80039d <BotonSeleccionarr>
    3d76:	81 11       	cpse	r24, r1
    3d78:	03 c0       	rjmp	.+6      	; 0x3d80 <__vector_14+0x6a>
    3d7a:	03 c0       	rjmp	.+6      	; 0x3d82 <__vector_14+0x6c>
    3d7c:	80 e0       	ldi	r24, 0x00	; 0
    3d7e:	01 c0       	rjmp	.+2      	; 0x3d82 <__vector_14+0x6c>
    3d80:	81 e0       	ldi	r24, 0x01	; 1
    3d82:	80 93 9b 03 	sts	0x039B, r24	; 0x80039b <pinState>
	if (pinState != 0){timerCounter++;}
    3d86:	80 91 9b 03 	lds	r24, 0x039B	; 0x80039b <pinState>
    3d8a:	88 23       	and	r24, r24
    3d8c:	a1 f0       	breq	.+40     	; 0x3db6 <__vector_14+0xa0>
    3d8e:	80 91 97 03 	lds	r24, 0x0397	; 0x800397 <timerCounter>
    3d92:	90 91 98 03 	lds	r25, 0x0398	; 0x800398 <timerCounter+0x1>
    3d96:	a0 91 99 03 	lds	r26, 0x0399	; 0x800399 <timerCounter+0x2>
    3d9a:	b0 91 9a 03 	lds	r27, 0x039A	; 0x80039a <timerCounter+0x3>
    3d9e:	01 96       	adiw	r24, 0x01	; 1
    3da0:	a1 1d       	adc	r26, r1
    3da2:	b1 1d       	adc	r27, r1
    3da4:	80 93 97 03 	sts	0x0397, r24	; 0x800397 <timerCounter>
    3da8:	90 93 98 03 	sts	0x0398, r25	; 0x800398 <timerCounter+0x1>
    3dac:	a0 93 99 03 	sts	0x0399, r26	; 0x800399 <timerCounter+0x2>
    3db0:	b0 93 9a 03 	sts	0x039A, r27	; 0x80039a <timerCounter+0x3>
    3db4:	09 c0       	rjmp	.+18     	; 0x3dc8 <__vector_14+0xb2>
    else { if ((BotonAceptarRR != 0)&& (BotonSeleccionarr==0))  //Se activa si sólo se presionó el botón Seleccionar
    3db6:	c1 11       	cpse	r28, r1
    3db8:	07 c0       	rjmp	.+14     	; 0x3dc8 <__vector_14+0xb2>
    3dba:	80 91 9d 03 	lds	r24, 0x039D	; 0x80039d <BotonSeleccionarr>
    3dbe:	81 11       	cpse	r24, r1
    3dc0:	03 c0       	rjmp	.+6      	; 0x3dc8 <__vector_14+0xb2>
	{BanderaServido=1;	 																																																																																						   
    3dc2:	81 e0       	ldi	r24, 0x01	; 1
    3dc4:	80 93 92 03 	sts	0x0392, r24	; 0x800392 <BanderaServido>
    }
    }
	// Si ambos pines están en bajo y el contador ha alcanzado mas o menos (5 segundos)
	if (pinState != 0 && timerCounter >= 3700) {
    3dc8:	80 91 9b 03 	lds	r24, 0x039B	; 0x80039b <pinState>
    3dcc:	88 23       	and	r24, r24
    3dce:	d9 f0       	breq	.+54     	; 0x3e06 <__vector_14+0xf0>
    3dd0:	80 91 97 03 	lds	r24, 0x0397	; 0x800397 <timerCounter>
    3dd4:	90 91 98 03 	lds	r25, 0x0398	; 0x800398 <timerCounter+0x1>
    3dd8:	a0 91 99 03 	lds	r26, 0x0399	; 0x800399 <timerCounter+0x2>
    3ddc:	b0 91 9a 03 	lds	r27, 0x039A	; 0x80039a <timerCounter+0x3>
    3de0:	84 37       	cpi	r24, 0x74	; 116
    3de2:	9e 40       	sbci	r25, 0x0E	; 14
    3de4:	a1 05       	cpc	r26, r1
    3de6:	b1 05       	cpc	r27, r1
    3de8:	70 f0       	brcs	.+28     	; 0x3e06 <__vector_14+0xf0>
		Simultaneidad=1;
    3dea:	81 e0       	ldi	r24, 0x01	; 1
    3dec:	90 e0       	ldi	r25, 0x00	; 0
    3dee:	90 93 96 03 	sts	0x0396, r25	; 0x800396 <Simultaneidad+0x1>
    3df2:	80 93 95 03 	sts	0x0395, r24	; 0x800395 <Simultaneidad>
		// Reiniciar contador
		timerCounter = 0;
    3df6:	10 92 97 03 	sts	0x0397, r1	; 0x800397 <timerCounter>
    3dfa:	10 92 98 03 	sts	0x0398, r1	; 0x800398 <timerCounter+0x1>
    3dfe:	10 92 99 03 	sts	0x0399, r1	; 0x800399 <timerCounter+0x2>
    3e02:	10 92 9a 03 	sts	0x039A, r1	; 0x80039a <timerCounter+0x3>
	} 
} //Fin
    3e06:	ff 91       	pop	r31
    3e08:	ef 91       	pop	r30
    3e0a:	cf 91       	pop	r28
    3e0c:	bf 91       	pop	r27
    3e0e:	af 91       	pop	r26
    3e10:	9f 91       	pop	r25
    3e12:	8f 91       	pop	r24
    3e14:	7f 91       	pop	r23
    3e16:	6f 91       	pop	r22
    3e18:	5f 91       	pop	r21
    3e1a:	4f 91       	pop	r20
    3e1c:	3f 91       	pop	r19
    3e1e:	2f 91       	pop	r18
    3e20:	0f 90       	pop	r0
    3e22:	0f be       	out	0x3f, r0	; 63
    3e24:	0f 90       	pop	r0
    3e26:	1f 90       	pop	r1
    3e28:	18 95       	reti

00003e2a <__subsf3>:
    3e2a:	50 58       	subi	r21, 0x80	; 128

00003e2c <__addsf3>:
    3e2c:	bb 27       	eor	r27, r27
    3e2e:	aa 27       	eor	r26, r26
    3e30:	0e 94 2d 1f 	call	0x3e5a	; 0x3e5a <__addsf3x>
    3e34:	0c 94 7e 20 	jmp	0x40fc	; 0x40fc <__fp_round>
    3e38:	0e 94 70 20 	call	0x40e0	; 0x40e0 <__fp_pscA>
    3e3c:	38 f0       	brcs	.+14     	; 0x3e4c <__addsf3+0x20>
    3e3e:	0e 94 77 20 	call	0x40ee	; 0x40ee <__fp_pscB>
    3e42:	20 f0       	brcs	.+8      	; 0x3e4c <__addsf3+0x20>
    3e44:	39 f4       	brne	.+14     	; 0x3e54 <__addsf3+0x28>
    3e46:	9f 3f       	cpi	r25, 0xFF	; 255
    3e48:	19 f4       	brne	.+6      	; 0x3e50 <__addsf3+0x24>
    3e4a:	26 f4       	brtc	.+8      	; 0x3e54 <__addsf3+0x28>
    3e4c:	0c 94 6d 20 	jmp	0x40da	; 0x40da <__fp_nan>
    3e50:	0e f4       	brtc	.+2      	; 0x3e54 <__addsf3+0x28>
    3e52:	e0 95       	com	r30
    3e54:	e7 fb       	bst	r30, 7
    3e56:	0c 94 67 20 	jmp	0x40ce	; 0x40ce <__fp_inf>

00003e5a <__addsf3x>:
    3e5a:	e9 2f       	mov	r30, r25
    3e5c:	0e 94 8f 20 	call	0x411e	; 0x411e <__fp_split3>
    3e60:	58 f3       	brcs	.-42     	; 0x3e38 <__addsf3+0xc>
    3e62:	ba 17       	cp	r27, r26
    3e64:	62 07       	cpc	r22, r18
    3e66:	73 07       	cpc	r23, r19
    3e68:	84 07       	cpc	r24, r20
    3e6a:	95 07       	cpc	r25, r21
    3e6c:	20 f0       	brcs	.+8      	; 0x3e76 <__addsf3x+0x1c>
    3e6e:	79 f4       	brne	.+30     	; 0x3e8e <__addsf3x+0x34>
    3e70:	a6 f5       	brtc	.+104    	; 0x3eda <__addsf3x+0x80>
    3e72:	0c 94 b1 20 	jmp	0x4162	; 0x4162 <__fp_zero>
    3e76:	0e f4       	brtc	.+2      	; 0x3e7a <__addsf3x+0x20>
    3e78:	e0 95       	com	r30
    3e7a:	0b 2e       	mov	r0, r27
    3e7c:	ba 2f       	mov	r27, r26
    3e7e:	a0 2d       	mov	r26, r0
    3e80:	0b 01       	movw	r0, r22
    3e82:	b9 01       	movw	r22, r18
    3e84:	90 01       	movw	r18, r0
    3e86:	0c 01       	movw	r0, r24
    3e88:	ca 01       	movw	r24, r20
    3e8a:	a0 01       	movw	r20, r0
    3e8c:	11 24       	eor	r1, r1
    3e8e:	ff 27       	eor	r31, r31
    3e90:	59 1b       	sub	r21, r25
    3e92:	99 f0       	breq	.+38     	; 0x3eba <__addsf3x+0x60>
    3e94:	59 3f       	cpi	r21, 0xF9	; 249
    3e96:	50 f4       	brcc	.+20     	; 0x3eac <__addsf3x+0x52>
    3e98:	50 3e       	cpi	r21, 0xE0	; 224
    3e9a:	68 f1       	brcs	.+90     	; 0x3ef6 <__addsf3x+0x9c>
    3e9c:	1a 16       	cp	r1, r26
    3e9e:	f0 40       	sbci	r31, 0x00	; 0
    3ea0:	a2 2f       	mov	r26, r18
    3ea2:	23 2f       	mov	r18, r19
    3ea4:	34 2f       	mov	r19, r20
    3ea6:	44 27       	eor	r20, r20
    3ea8:	58 5f       	subi	r21, 0xF8	; 248
    3eaa:	f3 cf       	rjmp	.-26     	; 0x3e92 <__addsf3x+0x38>
    3eac:	46 95       	lsr	r20
    3eae:	37 95       	ror	r19
    3eb0:	27 95       	ror	r18
    3eb2:	a7 95       	ror	r26
    3eb4:	f0 40       	sbci	r31, 0x00	; 0
    3eb6:	53 95       	inc	r21
    3eb8:	c9 f7       	brne	.-14     	; 0x3eac <__addsf3x+0x52>
    3eba:	7e f4       	brtc	.+30     	; 0x3eda <__addsf3x+0x80>
    3ebc:	1f 16       	cp	r1, r31
    3ebe:	ba 0b       	sbc	r27, r26
    3ec0:	62 0b       	sbc	r22, r18
    3ec2:	73 0b       	sbc	r23, r19
    3ec4:	84 0b       	sbc	r24, r20
    3ec6:	ba f0       	brmi	.+46     	; 0x3ef6 <__addsf3x+0x9c>
    3ec8:	91 50       	subi	r25, 0x01	; 1
    3eca:	a1 f0       	breq	.+40     	; 0x3ef4 <__addsf3x+0x9a>
    3ecc:	ff 0f       	add	r31, r31
    3ece:	bb 1f       	adc	r27, r27
    3ed0:	66 1f       	adc	r22, r22
    3ed2:	77 1f       	adc	r23, r23
    3ed4:	88 1f       	adc	r24, r24
    3ed6:	c2 f7       	brpl	.-16     	; 0x3ec8 <__addsf3x+0x6e>
    3ed8:	0e c0       	rjmp	.+28     	; 0x3ef6 <__addsf3x+0x9c>
    3eda:	ba 0f       	add	r27, r26
    3edc:	62 1f       	adc	r22, r18
    3ede:	73 1f       	adc	r23, r19
    3ee0:	84 1f       	adc	r24, r20
    3ee2:	48 f4       	brcc	.+18     	; 0x3ef6 <__addsf3x+0x9c>
    3ee4:	87 95       	ror	r24
    3ee6:	77 95       	ror	r23
    3ee8:	67 95       	ror	r22
    3eea:	b7 95       	ror	r27
    3eec:	f7 95       	ror	r31
    3eee:	9e 3f       	cpi	r25, 0xFE	; 254
    3ef0:	08 f0       	brcs	.+2      	; 0x3ef4 <__addsf3x+0x9a>
    3ef2:	b0 cf       	rjmp	.-160    	; 0x3e54 <__addsf3+0x28>
    3ef4:	93 95       	inc	r25
    3ef6:	88 0f       	add	r24, r24
    3ef8:	08 f0       	brcs	.+2      	; 0x3efc <__addsf3x+0xa2>
    3efa:	99 27       	eor	r25, r25
    3efc:	ee 0f       	add	r30, r30
    3efe:	97 95       	ror	r25
    3f00:	87 95       	ror	r24
    3f02:	08 95       	ret

00003f04 <__divsf3>:
    3f04:	0e 94 96 1f 	call	0x3f2c	; 0x3f2c <__divsf3x>
    3f08:	0c 94 7e 20 	jmp	0x40fc	; 0x40fc <__fp_round>
    3f0c:	0e 94 77 20 	call	0x40ee	; 0x40ee <__fp_pscB>
    3f10:	58 f0       	brcs	.+22     	; 0x3f28 <__divsf3+0x24>
    3f12:	0e 94 70 20 	call	0x40e0	; 0x40e0 <__fp_pscA>
    3f16:	40 f0       	brcs	.+16     	; 0x3f28 <__divsf3+0x24>
    3f18:	29 f4       	brne	.+10     	; 0x3f24 <__divsf3+0x20>
    3f1a:	5f 3f       	cpi	r21, 0xFF	; 255
    3f1c:	29 f0       	breq	.+10     	; 0x3f28 <__divsf3+0x24>
    3f1e:	0c 94 67 20 	jmp	0x40ce	; 0x40ce <__fp_inf>
    3f22:	51 11       	cpse	r21, r1
    3f24:	0c 94 b2 20 	jmp	0x4164	; 0x4164 <__fp_szero>
    3f28:	0c 94 6d 20 	jmp	0x40da	; 0x40da <__fp_nan>

00003f2c <__divsf3x>:
    3f2c:	0e 94 8f 20 	call	0x411e	; 0x411e <__fp_split3>
    3f30:	68 f3       	brcs	.-38     	; 0x3f0c <__divsf3+0x8>

00003f32 <__divsf3_pse>:
    3f32:	99 23       	and	r25, r25
    3f34:	b1 f3       	breq	.-20     	; 0x3f22 <__divsf3+0x1e>
    3f36:	55 23       	and	r21, r21
    3f38:	91 f3       	breq	.-28     	; 0x3f1e <__divsf3+0x1a>
    3f3a:	95 1b       	sub	r25, r21
    3f3c:	55 0b       	sbc	r21, r21
    3f3e:	bb 27       	eor	r27, r27
    3f40:	aa 27       	eor	r26, r26
    3f42:	62 17       	cp	r22, r18
    3f44:	73 07       	cpc	r23, r19
    3f46:	84 07       	cpc	r24, r20
    3f48:	38 f0       	brcs	.+14     	; 0x3f58 <__divsf3_pse+0x26>
    3f4a:	9f 5f       	subi	r25, 0xFF	; 255
    3f4c:	5f 4f       	sbci	r21, 0xFF	; 255
    3f4e:	22 0f       	add	r18, r18
    3f50:	33 1f       	adc	r19, r19
    3f52:	44 1f       	adc	r20, r20
    3f54:	aa 1f       	adc	r26, r26
    3f56:	a9 f3       	breq	.-22     	; 0x3f42 <__divsf3_pse+0x10>
    3f58:	35 d0       	rcall	.+106    	; 0x3fc4 <__divsf3_pse+0x92>
    3f5a:	0e 2e       	mov	r0, r30
    3f5c:	3a f0       	brmi	.+14     	; 0x3f6c <__divsf3_pse+0x3a>
    3f5e:	e0 e8       	ldi	r30, 0x80	; 128
    3f60:	32 d0       	rcall	.+100    	; 0x3fc6 <__divsf3_pse+0x94>
    3f62:	91 50       	subi	r25, 0x01	; 1
    3f64:	50 40       	sbci	r21, 0x00	; 0
    3f66:	e6 95       	lsr	r30
    3f68:	00 1c       	adc	r0, r0
    3f6a:	ca f7       	brpl	.-14     	; 0x3f5e <__divsf3_pse+0x2c>
    3f6c:	2b d0       	rcall	.+86     	; 0x3fc4 <__divsf3_pse+0x92>
    3f6e:	fe 2f       	mov	r31, r30
    3f70:	29 d0       	rcall	.+82     	; 0x3fc4 <__divsf3_pse+0x92>
    3f72:	66 0f       	add	r22, r22
    3f74:	77 1f       	adc	r23, r23
    3f76:	88 1f       	adc	r24, r24
    3f78:	bb 1f       	adc	r27, r27
    3f7a:	26 17       	cp	r18, r22
    3f7c:	37 07       	cpc	r19, r23
    3f7e:	48 07       	cpc	r20, r24
    3f80:	ab 07       	cpc	r26, r27
    3f82:	b0 e8       	ldi	r27, 0x80	; 128
    3f84:	09 f0       	breq	.+2      	; 0x3f88 <__divsf3_pse+0x56>
    3f86:	bb 0b       	sbc	r27, r27
    3f88:	80 2d       	mov	r24, r0
    3f8a:	bf 01       	movw	r22, r30
    3f8c:	ff 27       	eor	r31, r31
    3f8e:	93 58       	subi	r25, 0x83	; 131
    3f90:	5f 4f       	sbci	r21, 0xFF	; 255
    3f92:	3a f0       	brmi	.+14     	; 0x3fa2 <__divsf3_pse+0x70>
    3f94:	9e 3f       	cpi	r25, 0xFE	; 254
    3f96:	51 05       	cpc	r21, r1
    3f98:	78 f0       	brcs	.+30     	; 0x3fb8 <__divsf3_pse+0x86>
    3f9a:	0c 94 67 20 	jmp	0x40ce	; 0x40ce <__fp_inf>
    3f9e:	0c 94 b2 20 	jmp	0x4164	; 0x4164 <__fp_szero>
    3fa2:	5f 3f       	cpi	r21, 0xFF	; 255
    3fa4:	e4 f3       	brlt	.-8      	; 0x3f9e <__divsf3_pse+0x6c>
    3fa6:	98 3e       	cpi	r25, 0xE8	; 232
    3fa8:	d4 f3       	brlt	.-12     	; 0x3f9e <__divsf3_pse+0x6c>
    3faa:	86 95       	lsr	r24
    3fac:	77 95       	ror	r23
    3fae:	67 95       	ror	r22
    3fb0:	b7 95       	ror	r27
    3fb2:	f7 95       	ror	r31
    3fb4:	9f 5f       	subi	r25, 0xFF	; 255
    3fb6:	c9 f7       	brne	.-14     	; 0x3faa <__divsf3_pse+0x78>
    3fb8:	88 0f       	add	r24, r24
    3fba:	91 1d       	adc	r25, r1
    3fbc:	96 95       	lsr	r25
    3fbe:	87 95       	ror	r24
    3fc0:	97 f9       	bld	r25, 7
    3fc2:	08 95       	ret
    3fc4:	e1 e0       	ldi	r30, 0x01	; 1
    3fc6:	66 0f       	add	r22, r22
    3fc8:	77 1f       	adc	r23, r23
    3fca:	88 1f       	adc	r24, r24
    3fcc:	bb 1f       	adc	r27, r27
    3fce:	62 17       	cp	r22, r18
    3fd0:	73 07       	cpc	r23, r19
    3fd2:	84 07       	cpc	r24, r20
    3fd4:	ba 07       	cpc	r27, r26
    3fd6:	20 f0       	brcs	.+8      	; 0x3fe0 <__divsf3_pse+0xae>
    3fd8:	62 1b       	sub	r22, r18
    3fda:	73 0b       	sbc	r23, r19
    3fdc:	84 0b       	sbc	r24, r20
    3fde:	ba 0b       	sbc	r27, r26
    3fe0:	ee 1f       	adc	r30, r30
    3fe2:	88 f7       	brcc	.-30     	; 0x3fc6 <__divsf3_pse+0x94>
    3fe4:	e0 95       	com	r30
    3fe6:	08 95       	ret

00003fe8 <__fixsfsi>:
    3fe8:	0e 94 fb 1f 	call	0x3ff6	; 0x3ff6 <__fixunssfsi>
    3fec:	68 94       	set
    3fee:	b1 11       	cpse	r27, r1
    3ff0:	0c 94 b2 20 	jmp	0x4164	; 0x4164 <__fp_szero>
    3ff4:	08 95       	ret

00003ff6 <__fixunssfsi>:
    3ff6:	0e 94 97 20 	call	0x412e	; 0x412e <__fp_splitA>
    3ffa:	88 f0       	brcs	.+34     	; 0x401e <__fixunssfsi+0x28>
    3ffc:	9f 57       	subi	r25, 0x7F	; 127
    3ffe:	98 f0       	brcs	.+38     	; 0x4026 <__fixunssfsi+0x30>
    4000:	b9 2f       	mov	r27, r25
    4002:	99 27       	eor	r25, r25
    4004:	b7 51       	subi	r27, 0x17	; 23
    4006:	b0 f0       	brcs	.+44     	; 0x4034 <__fixunssfsi+0x3e>
    4008:	e1 f0       	breq	.+56     	; 0x4042 <__fixunssfsi+0x4c>
    400a:	66 0f       	add	r22, r22
    400c:	77 1f       	adc	r23, r23
    400e:	88 1f       	adc	r24, r24
    4010:	99 1f       	adc	r25, r25
    4012:	1a f0       	brmi	.+6      	; 0x401a <__fixunssfsi+0x24>
    4014:	ba 95       	dec	r27
    4016:	c9 f7       	brne	.-14     	; 0x400a <__fixunssfsi+0x14>
    4018:	14 c0       	rjmp	.+40     	; 0x4042 <__fixunssfsi+0x4c>
    401a:	b1 30       	cpi	r27, 0x01	; 1
    401c:	91 f0       	breq	.+36     	; 0x4042 <__fixunssfsi+0x4c>
    401e:	0e 94 b1 20 	call	0x4162	; 0x4162 <__fp_zero>
    4022:	b1 e0       	ldi	r27, 0x01	; 1
    4024:	08 95       	ret
    4026:	0c 94 b1 20 	jmp	0x4162	; 0x4162 <__fp_zero>
    402a:	67 2f       	mov	r22, r23
    402c:	78 2f       	mov	r23, r24
    402e:	88 27       	eor	r24, r24
    4030:	b8 5f       	subi	r27, 0xF8	; 248
    4032:	39 f0       	breq	.+14     	; 0x4042 <__fixunssfsi+0x4c>
    4034:	b9 3f       	cpi	r27, 0xF9	; 249
    4036:	cc f3       	brlt	.-14     	; 0x402a <__fixunssfsi+0x34>
    4038:	86 95       	lsr	r24
    403a:	77 95       	ror	r23
    403c:	67 95       	ror	r22
    403e:	b3 95       	inc	r27
    4040:	d9 f7       	brne	.-10     	; 0x4038 <__fixunssfsi+0x42>
    4042:	3e f4       	brtc	.+14     	; 0x4052 <__fixunssfsi+0x5c>
    4044:	90 95       	com	r25
    4046:	80 95       	com	r24
    4048:	70 95       	com	r23
    404a:	61 95       	neg	r22
    404c:	7f 4f       	sbci	r23, 0xFF	; 255
    404e:	8f 4f       	sbci	r24, 0xFF	; 255
    4050:	9f 4f       	sbci	r25, 0xFF	; 255
    4052:	08 95       	ret

00004054 <__floatunsisf>:
    4054:	e8 94       	clt
    4056:	09 c0       	rjmp	.+18     	; 0x406a <__floatsisf+0x12>

00004058 <__floatsisf>:
    4058:	97 fb       	bst	r25, 7
    405a:	3e f4       	brtc	.+14     	; 0x406a <__floatsisf+0x12>
    405c:	90 95       	com	r25
    405e:	80 95       	com	r24
    4060:	70 95       	com	r23
    4062:	61 95       	neg	r22
    4064:	7f 4f       	sbci	r23, 0xFF	; 255
    4066:	8f 4f       	sbci	r24, 0xFF	; 255
    4068:	9f 4f       	sbci	r25, 0xFF	; 255
    406a:	99 23       	and	r25, r25
    406c:	a9 f0       	breq	.+42     	; 0x4098 <__floatsisf+0x40>
    406e:	f9 2f       	mov	r31, r25
    4070:	96 e9       	ldi	r25, 0x96	; 150
    4072:	bb 27       	eor	r27, r27
    4074:	93 95       	inc	r25
    4076:	f6 95       	lsr	r31
    4078:	87 95       	ror	r24
    407a:	77 95       	ror	r23
    407c:	67 95       	ror	r22
    407e:	b7 95       	ror	r27
    4080:	f1 11       	cpse	r31, r1
    4082:	f8 cf       	rjmp	.-16     	; 0x4074 <__floatsisf+0x1c>
    4084:	fa f4       	brpl	.+62     	; 0x40c4 <__floatsisf+0x6c>
    4086:	bb 0f       	add	r27, r27
    4088:	11 f4       	brne	.+4      	; 0x408e <__floatsisf+0x36>
    408a:	60 ff       	sbrs	r22, 0
    408c:	1b c0       	rjmp	.+54     	; 0x40c4 <__floatsisf+0x6c>
    408e:	6f 5f       	subi	r22, 0xFF	; 255
    4090:	7f 4f       	sbci	r23, 0xFF	; 255
    4092:	8f 4f       	sbci	r24, 0xFF	; 255
    4094:	9f 4f       	sbci	r25, 0xFF	; 255
    4096:	16 c0       	rjmp	.+44     	; 0x40c4 <__floatsisf+0x6c>
    4098:	88 23       	and	r24, r24
    409a:	11 f0       	breq	.+4      	; 0x40a0 <__floatsisf+0x48>
    409c:	96 e9       	ldi	r25, 0x96	; 150
    409e:	11 c0       	rjmp	.+34     	; 0x40c2 <__floatsisf+0x6a>
    40a0:	77 23       	and	r23, r23
    40a2:	21 f0       	breq	.+8      	; 0x40ac <__floatsisf+0x54>
    40a4:	9e e8       	ldi	r25, 0x8E	; 142
    40a6:	87 2f       	mov	r24, r23
    40a8:	76 2f       	mov	r23, r22
    40aa:	05 c0       	rjmp	.+10     	; 0x40b6 <__floatsisf+0x5e>
    40ac:	66 23       	and	r22, r22
    40ae:	71 f0       	breq	.+28     	; 0x40cc <__floatsisf+0x74>
    40b0:	96 e8       	ldi	r25, 0x86	; 134
    40b2:	86 2f       	mov	r24, r22
    40b4:	70 e0       	ldi	r23, 0x00	; 0
    40b6:	60 e0       	ldi	r22, 0x00	; 0
    40b8:	2a f0       	brmi	.+10     	; 0x40c4 <__floatsisf+0x6c>
    40ba:	9a 95       	dec	r25
    40bc:	66 0f       	add	r22, r22
    40be:	77 1f       	adc	r23, r23
    40c0:	88 1f       	adc	r24, r24
    40c2:	da f7       	brpl	.-10     	; 0x40ba <__floatsisf+0x62>
    40c4:	88 0f       	add	r24, r24
    40c6:	96 95       	lsr	r25
    40c8:	87 95       	ror	r24
    40ca:	97 f9       	bld	r25, 7
    40cc:	08 95       	ret

000040ce <__fp_inf>:
    40ce:	97 f9       	bld	r25, 7
    40d0:	9f 67       	ori	r25, 0x7F	; 127
    40d2:	80 e8       	ldi	r24, 0x80	; 128
    40d4:	70 e0       	ldi	r23, 0x00	; 0
    40d6:	60 e0       	ldi	r22, 0x00	; 0
    40d8:	08 95       	ret

000040da <__fp_nan>:
    40da:	9f ef       	ldi	r25, 0xFF	; 255
    40dc:	80 ec       	ldi	r24, 0xC0	; 192
    40de:	08 95       	ret

000040e0 <__fp_pscA>:
    40e0:	00 24       	eor	r0, r0
    40e2:	0a 94       	dec	r0
    40e4:	16 16       	cp	r1, r22
    40e6:	17 06       	cpc	r1, r23
    40e8:	18 06       	cpc	r1, r24
    40ea:	09 06       	cpc	r0, r25
    40ec:	08 95       	ret

000040ee <__fp_pscB>:
    40ee:	00 24       	eor	r0, r0
    40f0:	0a 94       	dec	r0
    40f2:	12 16       	cp	r1, r18
    40f4:	13 06       	cpc	r1, r19
    40f6:	14 06       	cpc	r1, r20
    40f8:	05 06       	cpc	r0, r21
    40fa:	08 95       	ret

000040fc <__fp_round>:
    40fc:	09 2e       	mov	r0, r25
    40fe:	03 94       	inc	r0
    4100:	00 0c       	add	r0, r0
    4102:	11 f4       	brne	.+4      	; 0x4108 <__fp_round+0xc>
    4104:	88 23       	and	r24, r24
    4106:	52 f0       	brmi	.+20     	; 0x411c <__fp_round+0x20>
    4108:	bb 0f       	add	r27, r27
    410a:	40 f4       	brcc	.+16     	; 0x411c <__fp_round+0x20>
    410c:	bf 2b       	or	r27, r31
    410e:	11 f4       	brne	.+4      	; 0x4114 <__fp_round+0x18>
    4110:	60 ff       	sbrs	r22, 0
    4112:	04 c0       	rjmp	.+8      	; 0x411c <__fp_round+0x20>
    4114:	6f 5f       	subi	r22, 0xFF	; 255
    4116:	7f 4f       	sbci	r23, 0xFF	; 255
    4118:	8f 4f       	sbci	r24, 0xFF	; 255
    411a:	9f 4f       	sbci	r25, 0xFF	; 255
    411c:	08 95       	ret

0000411e <__fp_split3>:
    411e:	57 fd       	sbrc	r21, 7
    4120:	90 58       	subi	r25, 0x80	; 128
    4122:	44 0f       	add	r20, r20
    4124:	55 1f       	adc	r21, r21
    4126:	59 f0       	breq	.+22     	; 0x413e <__fp_splitA+0x10>
    4128:	5f 3f       	cpi	r21, 0xFF	; 255
    412a:	71 f0       	breq	.+28     	; 0x4148 <__fp_splitA+0x1a>
    412c:	47 95       	ror	r20

0000412e <__fp_splitA>:
    412e:	88 0f       	add	r24, r24
    4130:	97 fb       	bst	r25, 7
    4132:	99 1f       	adc	r25, r25
    4134:	61 f0       	breq	.+24     	; 0x414e <__fp_splitA+0x20>
    4136:	9f 3f       	cpi	r25, 0xFF	; 255
    4138:	79 f0       	breq	.+30     	; 0x4158 <__fp_splitA+0x2a>
    413a:	87 95       	ror	r24
    413c:	08 95       	ret
    413e:	12 16       	cp	r1, r18
    4140:	13 06       	cpc	r1, r19
    4142:	14 06       	cpc	r1, r20
    4144:	55 1f       	adc	r21, r21
    4146:	f2 cf       	rjmp	.-28     	; 0x412c <__fp_split3+0xe>
    4148:	46 95       	lsr	r20
    414a:	f1 df       	rcall	.-30     	; 0x412e <__fp_splitA>
    414c:	08 c0       	rjmp	.+16     	; 0x415e <__fp_splitA+0x30>
    414e:	16 16       	cp	r1, r22
    4150:	17 06       	cpc	r1, r23
    4152:	18 06       	cpc	r1, r24
    4154:	99 1f       	adc	r25, r25
    4156:	f1 cf       	rjmp	.-30     	; 0x413a <__fp_splitA+0xc>
    4158:	86 95       	lsr	r24
    415a:	71 05       	cpc	r23, r1
    415c:	61 05       	cpc	r22, r1
    415e:	08 94       	sec
    4160:	08 95       	ret

00004162 <__fp_zero>:
    4162:	e8 94       	clt

00004164 <__fp_szero>:
    4164:	bb 27       	eor	r27, r27
    4166:	66 27       	eor	r22, r22
    4168:	77 27       	eor	r23, r23
    416a:	cb 01       	movw	r24, r22
    416c:	97 f9       	bld	r25, 7
    416e:	08 95       	ret

00004170 <__mulsf3>:
    4170:	0e 94 cb 20 	call	0x4196	; 0x4196 <__mulsf3x>
    4174:	0c 94 7e 20 	jmp	0x40fc	; 0x40fc <__fp_round>
    4178:	0e 94 70 20 	call	0x40e0	; 0x40e0 <__fp_pscA>
    417c:	38 f0       	brcs	.+14     	; 0x418c <__mulsf3+0x1c>
    417e:	0e 94 77 20 	call	0x40ee	; 0x40ee <__fp_pscB>
    4182:	20 f0       	brcs	.+8      	; 0x418c <__mulsf3+0x1c>
    4184:	95 23       	and	r25, r21
    4186:	11 f0       	breq	.+4      	; 0x418c <__mulsf3+0x1c>
    4188:	0c 94 67 20 	jmp	0x40ce	; 0x40ce <__fp_inf>
    418c:	0c 94 6d 20 	jmp	0x40da	; 0x40da <__fp_nan>
    4190:	11 24       	eor	r1, r1
    4192:	0c 94 b2 20 	jmp	0x4164	; 0x4164 <__fp_szero>

00004196 <__mulsf3x>:
    4196:	0e 94 8f 20 	call	0x411e	; 0x411e <__fp_split3>
    419a:	70 f3       	brcs	.-36     	; 0x4178 <__mulsf3+0x8>

0000419c <__mulsf3_pse>:
    419c:	95 9f       	mul	r25, r21
    419e:	c1 f3       	breq	.-16     	; 0x4190 <__mulsf3+0x20>
    41a0:	95 0f       	add	r25, r21
    41a2:	50 e0       	ldi	r21, 0x00	; 0
    41a4:	55 1f       	adc	r21, r21
    41a6:	62 9f       	mul	r22, r18
    41a8:	f0 01       	movw	r30, r0
    41aa:	72 9f       	mul	r23, r18
    41ac:	bb 27       	eor	r27, r27
    41ae:	f0 0d       	add	r31, r0
    41b0:	b1 1d       	adc	r27, r1
    41b2:	63 9f       	mul	r22, r19
    41b4:	aa 27       	eor	r26, r26
    41b6:	f0 0d       	add	r31, r0
    41b8:	b1 1d       	adc	r27, r1
    41ba:	aa 1f       	adc	r26, r26
    41bc:	64 9f       	mul	r22, r20
    41be:	66 27       	eor	r22, r22
    41c0:	b0 0d       	add	r27, r0
    41c2:	a1 1d       	adc	r26, r1
    41c4:	66 1f       	adc	r22, r22
    41c6:	82 9f       	mul	r24, r18
    41c8:	22 27       	eor	r18, r18
    41ca:	b0 0d       	add	r27, r0
    41cc:	a1 1d       	adc	r26, r1
    41ce:	62 1f       	adc	r22, r18
    41d0:	73 9f       	mul	r23, r19
    41d2:	b0 0d       	add	r27, r0
    41d4:	a1 1d       	adc	r26, r1
    41d6:	62 1f       	adc	r22, r18
    41d8:	83 9f       	mul	r24, r19
    41da:	a0 0d       	add	r26, r0
    41dc:	61 1d       	adc	r22, r1
    41de:	22 1f       	adc	r18, r18
    41e0:	74 9f       	mul	r23, r20
    41e2:	33 27       	eor	r19, r19
    41e4:	a0 0d       	add	r26, r0
    41e6:	61 1d       	adc	r22, r1
    41e8:	23 1f       	adc	r18, r19
    41ea:	84 9f       	mul	r24, r20
    41ec:	60 0d       	add	r22, r0
    41ee:	21 1d       	adc	r18, r1
    41f0:	82 2f       	mov	r24, r18
    41f2:	76 2f       	mov	r23, r22
    41f4:	6a 2f       	mov	r22, r26
    41f6:	11 24       	eor	r1, r1
    41f8:	9f 57       	subi	r25, 0x7F	; 127
    41fa:	50 40       	sbci	r21, 0x00	; 0
    41fc:	9a f0       	brmi	.+38     	; 0x4224 <__mulsf3_pse+0x88>
    41fe:	f1 f0       	breq	.+60     	; 0x423c <__mulsf3_pse+0xa0>
    4200:	88 23       	and	r24, r24
    4202:	4a f0       	brmi	.+18     	; 0x4216 <__mulsf3_pse+0x7a>
    4204:	ee 0f       	add	r30, r30
    4206:	ff 1f       	adc	r31, r31
    4208:	bb 1f       	adc	r27, r27
    420a:	66 1f       	adc	r22, r22
    420c:	77 1f       	adc	r23, r23
    420e:	88 1f       	adc	r24, r24
    4210:	91 50       	subi	r25, 0x01	; 1
    4212:	50 40       	sbci	r21, 0x00	; 0
    4214:	a9 f7       	brne	.-22     	; 0x4200 <__mulsf3_pse+0x64>
    4216:	9e 3f       	cpi	r25, 0xFE	; 254
    4218:	51 05       	cpc	r21, r1
    421a:	80 f0       	brcs	.+32     	; 0x423c <__mulsf3_pse+0xa0>
    421c:	0c 94 67 20 	jmp	0x40ce	; 0x40ce <__fp_inf>
    4220:	0c 94 b2 20 	jmp	0x4164	; 0x4164 <__fp_szero>
    4224:	5f 3f       	cpi	r21, 0xFF	; 255
    4226:	e4 f3       	brlt	.-8      	; 0x4220 <__mulsf3_pse+0x84>
    4228:	98 3e       	cpi	r25, 0xE8	; 232
    422a:	d4 f3       	brlt	.-12     	; 0x4220 <__mulsf3_pse+0x84>
    422c:	86 95       	lsr	r24
    422e:	77 95       	ror	r23
    4230:	67 95       	ror	r22
    4232:	b7 95       	ror	r27
    4234:	f7 95       	ror	r31
    4236:	e7 95       	ror	r30
    4238:	9f 5f       	subi	r25, 0xFF	; 255
    423a:	c1 f7       	brne	.-16     	; 0x422c <__mulsf3_pse+0x90>
    423c:	fe 2b       	or	r31, r30
    423e:	88 0f       	add	r24, r24
    4240:	91 1d       	adc	r25, r1
    4242:	96 95       	lsr	r25
    4244:	87 95       	ror	r24
    4246:	97 f9       	bld	r25, 7
    4248:	08 95       	ret

0000424a <__tablejump2__>:
    424a:	ee 0f       	add	r30, r30
    424c:	ff 1f       	adc	r31, r31
    424e:	05 90       	lpm	r0, Z+
    4250:	f4 91       	lpm	r31, Z
    4252:	e0 2d       	mov	r30, r0
    4254:	09 94       	ijmp

00004256 <atoi>:
    4256:	fc 01       	movw	r30, r24
    4258:	88 27       	eor	r24, r24
    425a:	99 27       	eor	r25, r25
    425c:	e8 94       	clt
    425e:	21 91       	ld	r18, Z+
    4260:	20 32       	cpi	r18, 0x20	; 32
    4262:	e9 f3       	breq	.-6      	; 0x425e <atoi+0x8>
    4264:	29 30       	cpi	r18, 0x09	; 9
    4266:	10 f0       	brcs	.+4      	; 0x426c <atoi+0x16>
    4268:	2e 30       	cpi	r18, 0x0E	; 14
    426a:	c8 f3       	brcs	.-14     	; 0x425e <atoi+0x8>
    426c:	2b 32       	cpi	r18, 0x2B	; 43
    426e:	41 f0       	breq	.+16     	; 0x4280 <atoi+0x2a>
    4270:	2d 32       	cpi	r18, 0x2D	; 45
    4272:	39 f4       	brne	.+14     	; 0x4282 <atoi+0x2c>
    4274:	68 94       	set
    4276:	04 c0       	rjmp	.+8      	; 0x4280 <atoi+0x2a>
    4278:	0e 94 49 21 	call	0x4292	; 0x4292 <__mulhi_const_10>
    427c:	82 0f       	add	r24, r18
    427e:	91 1d       	adc	r25, r1
    4280:	21 91       	ld	r18, Z+
    4282:	20 53       	subi	r18, 0x30	; 48
    4284:	2a 30       	cpi	r18, 0x0A	; 10
    4286:	c0 f3       	brcs	.-16     	; 0x4278 <atoi+0x22>
    4288:	1e f4       	brtc	.+6      	; 0x4290 <atoi+0x3a>
    428a:	90 95       	com	r25
    428c:	81 95       	neg	r24
    428e:	9f 4f       	sbci	r25, 0xFF	; 255
    4290:	08 95       	ret

00004292 <__mulhi_const_10>:
    4292:	7a e0       	ldi	r23, 0x0A	; 10
    4294:	97 9f       	mul	r25, r23
    4296:	90 2d       	mov	r25, r0
    4298:	87 9f       	mul	r24, r23
    429a:	80 2d       	mov	r24, r0
    429c:	91 0d       	add	r25, r1
    429e:	11 24       	eor	r1, r1
    42a0:	08 95       	ret

000042a2 <sprintf>:
    42a2:	ae e0       	ldi	r26, 0x0E	; 14
    42a4:	b0 e0       	ldi	r27, 0x00	; 0
    42a6:	e7 e5       	ldi	r30, 0x57	; 87
    42a8:	f1 e2       	ldi	r31, 0x21	; 33
    42aa:	0c 94 12 24 	jmp	0x4824	; 0x4824 <__prologue_saves__+0x1c>
    42ae:	0d 89       	ldd	r16, Y+21	; 0x15
    42b0:	1e 89       	ldd	r17, Y+22	; 0x16
    42b2:	86 e0       	ldi	r24, 0x06	; 6
    42b4:	8c 83       	std	Y+4, r24	; 0x04
    42b6:	1a 83       	std	Y+2, r17	; 0x02
    42b8:	09 83       	std	Y+1, r16	; 0x01
    42ba:	8f ef       	ldi	r24, 0xFF	; 255
    42bc:	9f e7       	ldi	r25, 0x7F	; 127
    42be:	9e 83       	std	Y+6, r25	; 0x06
    42c0:	8d 83       	std	Y+5, r24	; 0x05
    42c2:	ae 01       	movw	r20, r28
    42c4:	47 5e       	subi	r20, 0xE7	; 231
    42c6:	5f 4f       	sbci	r21, 0xFF	; 255
    42c8:	6f 89       	ldd	r22, Y+23	; 0x17
    42ca:	78 8d       	ldd	r23, Y+24	; 0x18
    42cc:	ce 01       	movw	r24, r28
    42ce:	01 96       	adiw	r24, 0x01	; 1
    42d0:	0e 94 73 21 	call	0x42e6	; 0x42e6 <vfprintf>
    42d4:	ef 81       	ldd	r30, Y+7	; 0x07
    42d6:	f8 85       	ldd	r31, Y+8	; 0x08
    42d8:	e0 0f       	add	r30, r16
    42da:	f1 1f       	adc	r31, r17
    42dc:	10 82       	st	Z, r1
    42de:	2e 96       	adiw	r28, 0x0e	; 14
    42e0:	e4 e0       	ldi	r30, 0x04	; 4
    42e2:	0c 94 2e 24 	jmp	0x485c	; 0x485c <__epilogue_restores__+0x1c>

000042e6 <vfprintf>:
    42e6:	ab e0       	ldi	r26, 0x0B	; 11
    42e8:	b0 e0       	ldi	r27, 0x00	; 0
    42ea:	e9 e7       	ldi	r30, 0x79	; 121
    42ec:	f1 e2       	ldi	r31, 0x21	; 33
    42ee:	0c 94 04 24 	jmp	0x4808	; 0x4808 <__prologue_saves__>
    42f2:	6c 01       	movw	r12, r24
    42f4:	7b 01       	movw	r14, r22
    42f6:	8a 01       	movw	r16, r20
    42f8:	fc 01       	movw	r30, r24
    42fa:	17 82       	std	Z+7, r1	; 0x07
    42fc:	16 82       	std	Z+6, r1	; 0x06
    42fe:	83 81       	ldd	r24, Z+3	; 0x03
    4300:	81 ff       	sbrs	r24, 1
    4302:	cc c1       	rjmp	.+920    	; 0x469c <vfprintf+0x3b6>
    4304:	ce 01       	movw	r24, r28
    4306:	01 96       	adiw	r24, 0x01	; 1
    4308:	3c 01       	movw	r6, r24
    430a:	f6 01       	movw	r30, r12
    430c:	93 81       	ldd	r25, Z+3	; 0x03
    430e:	f7 01       	movw	r30, r14
    4310:	93 fd       	sbrc	r25, 3
    4312:	85 91       	lpm	r24, Z+
    4314:	93 ff       	sbrs	r25, 3
    4316:	81 91       	ld	r24, Z+
    4318:	7f 01       	movw	r14, r30
    431a:	88 23       	and	r24, r24
    431c:	09 f4       	brne	.+2      	; 0x4320 <vfprintf+0x3a>
    431e:	ba c1       	rjmp	.+884    	; 0x4694 <vfprintf+0x3ae>
    4320:	85 32       	cpi	r24, 0x25	; 37
    4322:	39 f4       	brne	.+14     	; 0x4332 <vfprintf+0x4c>
    4324:	93 fd       	sbrc	r25, 3
    4326:	85 91       	lpm	r24, Z+
    4328:	93 ff       	sbrs	r25, 3
    432a:	81 91       	ld	r24, Z+
    432c:	7f 01       	movw	r14, r30
    432e:	85 32       	cpi	r24, 0x25	; 37
    4330:	29 f4       	brne	.+10     	; 0x433c <vfprintf+0x56>
    4332:	b6 01       	movw	r22, r12
    4334:	90 e0       	ldi	r25, 0x00	; 0
    4336:	0e 94 6a 23 	call	0x46d4	; 0x46d4 <fputc>
    433a:	e7 cf       	rjmp	.-50     	; 0x430a <vfprintf+0x24>
    433c:	91 2c       	mov	r9, r1
    433e:	21 2c       	mov	r2, r1
    4340:	31 2c       	mov	r3, r1
    4342:	ff e1       	ldi	r31, 0x1F	; 31
    4344:	f3 15       	cp	r31, r3
    4346:	d8 f0       	brcs	.+54     	; 0x437e <vfprintf+0x98>
    4348:	8b 32       	cpi	r24, 0x2B	; 43
    434a:	79 f0       	breq	.+30     	; 0x436a <vfprintf+0x84>
    434c:	38 f4       	brcc	.+14     	; 0x435c <vfprintf+0x76>
    434e:	80 32       	cpi	r24, 0x20	; 32
    4350:	79 f0       	breq	.+30     	; 0x4370 <vfprintf+0x8a>
    4352:	83 32       	cpi	r24, 0x23	; 35
    4354:	a1 f4       	brne	.+40     	; 0x437e <vfprintf+0x98>
    4356:	23 2d       	mov	r18, r3
    4358:	20 61       	ori	r18, 0x10	; 16
    435a:	1d c0       	rjmp	.+58     	; 0x4396 <vfprintf+0xb0>
    435c:	8d 32       	cpi	r24, 0x2D	; 45
    435e:	61 f0       	breq	.+24     	; 0x4378 <vfprintf+0x92>
    4360:	80 33       	cpi	r24, 0x30	; 48
    4362:	69 f4       	brne	.+26     	; 0x437e <vfprintf+0x98>
    4364:	23 2d       	mov	r18, r3
    4366:	21 60       	ori	r18, 0x01	; 1
    4368:	16 c0       	rjmp	.+44     	; 0x4396 <vfprintf+0xb0>
    436a:	83 2d       	mov	r24, r3
    436c:	82 60       	ori	r24, 0x02	; 2
    436e:	38 2e       	mov	r3, r24
    4370:	e3 2d       	mov	r30, r3
    4372:	e4 60       	ori	r30, 0x04	; 4
    4374:	3e 2e       	mov	r3, r30
    4376:	2a c0       	rjmp	.+84     	; 0x43cc <vfprintf+0xe6>
    4378:	f3 2d       	mov	r31, r3
    437a:	f8 60       	ori	r31, 0x08	; 8
    437c:	1d c0       	rjmp	.+58     	; 0x43b8 <vfprintf+0xd2>
    437e:	37 fc       	sbrc	r3, 7
    4380:	2d c0       	rjmp	.+90     	; 0x43dc <vfprintf+0xf6>
    4382:	20 ed       	ldi	r18, 0xD0	; 208
    4384:	28 0f       	add	r18, r24
    4386:	2a 30       	cpi	r18, 0x0A	; 10
    4388:	40 f0       	brcs	.+16     	; 0x439a <vfprintf+0xb4>
    438a:	8e 32       	cpi	r24, 0x2E	; 46
    438c:	b9 f4       	brne	.+46     	; 0x43bc <vfprintf+0xd6>
    438e:	36 fc       	sbrc	r3, 6
    4390:	81 c1       	rjmp	.+770    	; 0x4694 <vfprintf+0x3ae>
    4392:	23 2d       	mov	r18, r3
    4394:	20 64       	ori	r18, 0x40	; 64
    4396:	32 2e       	mov	r3, r18
    4398:	19 c0       	rjmp	.+50     	; 0x43cc <vfprintf+0xe6>
    439a:	36 fe       	sbrs	r3, 6
    439c:	06 c0       	rjmp	.+12     	; 0x43aa <vfprintf+0xc4>
    439e:	8a e0       	ldi	r24, 0x0A	; 10
    43a0:	98 9e       	mul	r9, r24
    43a2:	20 0d       	add	r18, r0
    43a4:	11 24       	eor	r1, r1
    43a6:	92 2e       	mov	r9, r18
    43a8:	11 c0       	rjmp	.+34     	; 0x43cc <vfprintf+0xe6>
    43aa:	ea e0       	ldi	r30, 0x0A	; 10
    43ac:	2e 9e       	mul	r2, r30
    43ae:	20 0d       	add	r18, r0
    43b0:	11 24       	eor	r1, r1
    43b2:	22 2e       	mov	r2, r18
    43b4:	f3 2d       	mov	r31, r3
    43b6:	f0 62       	ori	r31, 0x20	; 32
    43b8:	3f 2e       	mov	r3, r31
    43ba:	08 c0       	rjmp	.+16     	; 0x43cc <vfprintf+0xe6>
    43bc:	8c 36       	cpi	r24, 0x6C	; 108
    43be:	21 f4       	brne	.+8      	; 0x43c8 <vfprintf+0xe2>
    43c0:	83 2d       	mov	r24, r3
    43c2:	80 68       	ori	r24, 0x80	; 128
    43c4:	38 2e       	mov	r3, r24
    43c6:	02 c0       	rjmp	.+4      	; 0x43cc <vfprintf+0xe6>
    43c8:	88 36       	cpi	r24, 0x68	; 104
    43ca:	41 f4       	brne	.+16     	; 0x43dc <vfprintf+0xf6>
    43cc:	f7 01       	movw	r30, r14
    43ce:	93 fd       	sbrc	r25, 3
    43d0:	85 91       	lpm	r24, Z+
    43d2:	93 ff       	sbrs	r25, 3
    43d4:	81 91       	ld	r24, Z+
    43d6:	7f 01       	movw	r14, r30
    43d8:	81 11       	cpse	r24, r1
    43da:	b3 cf       	rjmp	.-154    	; 0x4342 <vfprintf+0x5c>
    43dc:	98 2f       	mov	r25, r24
    43de:	9f 7d       	andi	r25, 0xDF	; 223
    43e0:	95 54       	subi	r25, 0x45	; 69
    43e2:	93 30       	cpi	r25, 0x03	; 3
    43e4:	28 f4       	brcc	.+10     	; 0x43f0 <vfprintf+0x10a>
    43e6:	0c 5f       	subi	r16, 0xFC	; 252
    43e8:	1f 4f       	sbci	r17, 0xFF	; 255
    43ea:	9f e3       	ldi	r25, 0x3F	; 63
    43ec:	99 83       	std	Y+1, r25	; 0x01
    43ee:	0d c0       	rjmp	.+26     	; 0x440a <vfprintf+0x124>
    43f0:	83 36       	cpi	r24, 0x63	; 99
    43f2:	31 f0       	breq	.+12     	; 0x4400 <vfprintf+0x11a>
    43f4:	83 37       	cpi	r24, 0x73	; 115
    43f6:	71 f0       	breq	.+28     	; 0x4414 <vfprintf+0x12e>
    43f8:	83 35       	cpi	r24, 0x53	; 83
    43fa:	09 f0       	breq	.+2      	; 0x43fe <vfprintf+0x118>
    43fc:	59 c0       	rjmp	.+178    	; 0x44b0 <vfprintf+0x1ca>
    43fe:	21 c0       	rjmp	.+66     	; 0x4442 <vfprintf+0x15c>
    4400:	f8 01       	movw	r30, r16
    4402:	80 81       	ld	r24, Z
    4404:	89 83       	std	Y+1, r24	; 0x01
    4406:	0e 5f       	subi	r16, 0xFE	; 254
    4408:	1f 4f       	sbci	r17, 0xFF	; 255
    440a:	88 24       	eor	r8, r8
    440c:	83 94       	inc	r8
    440e:	91 2c       	mov	r9, r1
    4410:	53 01       	movw	r10, r6
    4412:	13 c0       	rjmp	.+38     	; 0x443a <vfprintf+0x154>
    4414:	28 01       	movw	r4, r16
    4416:	f2 e0       	ldi	r31, 0x02	; 2
    4418:	4f 0e       	add	r4, r31
    441a:	51 1c       	adc	r5, r1
    441c:	f8 01       	movw	r30, r16
    441e:	a0 80       	ld	r10, Z
    4420:	b1 80       	ldd	r11, Z+1	; 0x01
    4422:	36 fe       	sbrs	r3, 6
    4424:	03 c0       	rjmp	.+6      	; 0x442c <vfprintf+0x146>
    4426:	69 2d       	mov	r22, r9
    4428:	70 e0       	ldi	r23, 0x00	; 0
    442a:	02 c0       	rjmp	.+4      	; 0x4430 <vfprintf+0x14a>
    442c:	6f ef       	ldi	r22, 0xFF	; 255
    442e:	7f ef       	ldi	r23, 0xFF	; 255
    4430:	c5 01       	movw	r24, r10
    4432:	0e 94 5f 23 	call	0x46be	; 0x46be <strnlen>
    4436:	4c 01       	movw	r8, r24
    4438:	82 01       	movw	r16, r4
    443a:	f3 2d       	mov	r31, r3
    443c:	ff 77       	andi	r31, 0x7F	; 127
    443e:	3f 2e       	mov	r3, r31
    4440:	16 c0       	rjmp	.+44     	; 0x446e <vfprintf+0x188>
    4442:	28 01       	movw	r4, r16
    4444:	22 e0       	ldi	r18, 0x02	; 2
    4446:	42 0e       	add	r4, r18
    4448:	51 1c       	adc	r5, r1
    444a:	f8 01       	movw	r30, r16
    444c:	a0 80       	ld	r10, Z
    444e:	b1 80       	ldd	r11, Z+1	; 0x01
    4450:	36 fe       	sbrs	r3, 6
    4452:	03 c0       	rjmp	.+6      	; 0x445a <vfprintf+0x174>
    4454:	69 2d       	mov	r22, r9
    4456:	70 e0       	ldi	r23, 0x00	; 0
    4458:	02 c0       	rjmp	.+4      	; 0x445e <vfprintf+0x178>
    445a:	6f ef       	ldi	r22, 0xFF	; 255
    445c:	7f ef       	ldi	r23, 0xFF	; 255
    445e:	c5 01       	movw	r24, r10
    4460:	0e 94 54 23 	call	0x46a8	; 0x46a8 <strnlen_P>
    4464:	4c 01       	movw	r8, r24
    4466:	f3 2d       	mov	r31, r3
    4468:	f0 68       	ori	r31, 0x80	; 128
    446a:	3f 2e       	mov	r3, r31
    446c:	82 01       	movw	r16, r4
    446e:	33 fc       	sbrc	r3, 3
    4470:	1b c0       	rjmp	.+54     	; 0x44a8 <vfprintf+0x1c2>
    4472:	82 2d       	mov	r24, r2
    4474:	90 e0       	ldi	r25, 0x00	; 0
    4476:	88 16       	cp	r8, r24
    4478:	99 06       	cpc	r9, r25
    447a:	b0 f4       	brcc	.+44     	; 0x44a8 <vfprintf+0x1c2>
    447c:	b6 01       	movw	r22, r12
    447e:	80 e2       	ldi	r24, 0x20	; 32
    4480:	90 e0       	ldi	r25, 0x00	; 0
    4482:	0e 94 6a 23 	call	0x46d4	; 0x46d4 <fputc>
    4486:	2a 94       	dec	r2
    4488:	f4 cf       	rjmp	.-24     	; 0x4472 <vfprintf+0x18c>
    448a:	f5 01       	movw	r30, r10
    448c:	37 fc       	sbrc	r3, 7
    448e:	85 91       	lpm	r24, Z+
    4490:	37 fe       	sbrs	r3, 7
    4492:	81 91       	ld	r24, Z+
    4494:	5f 01       	movw	r10, r30
    4496:	b6 01       	movw	r22, r12
    4498:	90 e0       	ldi	r25, 0x00	; 0
    449a:	0e 94 6a 23 	call	0x46d4	; 0x46d4 <fputc>
    449e:	21 10       	cpse	r2, r1
    44a0:	2a 94       	dec	r2
    44a2:	21 e0       	ldi	r18, 0x01	; 1
    44a4:	82 1a       	sub	r8, r18
    44a6:	91 08       	sbc	r9, r1
    44a8:	81 14       	cp	r8, r1
    44aa:	91 04       	cpc	r9, r1
    44ac:	71 f7       	brne	.-36     	; 0x448a <vfprintf+0x1a4>
    44ae:	e8 c0       	rjmp	.+464    	; 0x4680 <vfprintf+0x39a>
    44b0:	84 36       	cpi	r24, 0x64	; 100
    44b2:	11 f0       	breq	.+4      	; 0x44b8 <vfprintf+0x1d2>
    44b4:	89 36       	cpi	r24, 0x69	; 105
    44b6:	41 f5       	brne	.+80     	; 0x4508 <vfprintf+0x222>
    44b8:	f8 01       	movw	r30, r16
    44ba:	37 fe       	sbrs	r3, 7
    44bc:	07 c0       	rjmp	.+14     	; 0x44cc <vfprintf+0x1e6>
    44be:	60 81       	ld	r22, Z
    44c0:	71 81       	ldd	r23, Z+1	; 0x01
    44c2:	82 81       	ldd	r24, Z+2	; 0x02
    44c4:	93 81       	ldd	r25, Z+3	; 0x03
    44c6:	0c 5f       	subi	r16, 0xFC	; 252
    44c8:	1f 4f       	sbci	r17, 0xFF	; 255
    44ca:	08 c0       	rjmp	.+16     	; 0x44dc <vfprintf+0x1f6>
    44cc:	60 81       	ld	r22, Z
    44ce:	71 81       	ldd	r23, Z+1	; 0x01
    44d0:	07 2e       	mov	r0, r23
    44d2:	00 0c       	add	r0, r0
    44d4:	88 0b       	sbc	r24, r24
    44d6:	99 0b       	sbc	r25, r25
    44d8:	0e 5f       	subi	r16, 0xFE	; 254
    44da:	1f 4f       	sbci	r17, 0xFF	; 255
    44dc:	f3 2d       	mov	r31, r3
    44de:	ff 76       	andi	r31, 0x6F	; 111
    44e0:	3f 2e       	mov	r3, r31
    44e2:	97 ff       	sbrs	r25, 7
    44e4:	09 c0       	rjmp	.+18     	; 0x44f8 <vfprintf+0x212>
    44e6:	90 95       	com	r25
    44e8:	80 95       	com	r24
    44ea:	70 95       	com	r23
    44ec:	61 95       	neg	r22
    44ee:	7f 4f       	sbci	r23, 0xFF	; 255
    44f0:	8f 4f       	sbci	r24, 0xFF	; 255
    44f2:	9f 4f       	sbci	r25, 0xFF	; 255
    44f4:	f0 68       	ori	r31, 0x80	; 128
    44f6:	3f 2e       	mov	r3, r31
    44f8:	2a e0       	ldi	r18, 0x0A	; 10
    44fa:	30 e0       	ldi	r19, 0x00	; 0
    44fc:	a3 01       	movw	r20, r6
    44fe:	0e 94 a6 23 	call	0x474c	; 0x474c <__ultoa_invert>
    4502:	88 2e       	mov	r8, r24
    4504:	86 18       	sub	r8, r6
    4506:	45 c0       	rjmp	.+138    	; 0x4592 <vfprintf+0x2ac>
    4508:	85 37       	cpi	r24, 0x75	; 117
    450a:	31 f4       	brne	.+12     	; 0x4518 <vfprintf+0x232>
    450c:	23 2d       	mov	r18, r3
    450e:	2f 7e       	andi	r18, 0xEF	; 239
    4510:	b2 2e       	mov	r11, r18
    4512:	2a e0       	ldi	r18, 0x0A	; 10
    4514:	30 e0       	ldi	r19, 0x00	; 0
    4516:	25 c0       	rjmp	.+74     	; 0x4562 <vfprintf+0x27c>
    4518:	93 2d       	mov	r25, r3
    451a:	99 7f       	andi	r25, 0xF9	; 249
    451c:	b9 2e       	mov	r11, r25
    451e:	8f 36       	cpi	r24, 0x6F	; 111
    4520:	c1 f0       	breq	.+48     	; 0x4552 <vfprintf+0x26c>
    4522:	18 f4       	brcc	.+6      	; 0x452a <vfprintf+0x244>
    4524:	88 35       	cpi	r24, 0x58	; 88
    4526:	79 f0       	breq	.+30     	; 0x4546 <vfprintf+0x260>
    4528:	b5 c0       	rjmp	.+362    	; 0x4694 <vfprintf+0x3ae>
    452a:	80 37       	cpi	r24, 0x70	; 112
    452c:	19 f0       	breq	.+6      	; 0x4534 <vfprintf+0x24e>
    452e:	88 37       	cpi	r24, 0x78	; 120
    4530:	21 f0       	breq	.+8      	; 0x453a <vfprintf+0x254>
    4532:	b0 c0       	rjmp	.+352    	; 0x4694 <vfprintf+0x3ae>
    4534:	e9 2f       	mov	r30, r25
    4536:	e0 61       	ori	r30, 0x10	; 16
    4538:	be 2e       	mov	r11, r30
    453a:	b4 fe       	sbrs	r11, 4
    453c:	0d c0       	rjmp	.+26     	; 0x4558 <vfprintf+0x272>
    453e:	fb 2d       	mov	r31, r11
    4540:	f4 60       	ori	r31, 0x04	; 4
    4542:	bf 2e       	mov	r11, r31
    4544:	09 c0       	rjmp	.+18     	; 0x4558 <vfprintf+0x272>
    4546:	34 fe       	sbrs	r3, 4
    4548:	0a c0       	rjmp	.+20     	; 0x455e <vfprintf+0x278>
    454a:	29 2f       	mov	r18, r25
    454c:	26 60       	ori	r18, 0x06	; 6
    454e:	b2 2e       	mov	r11, r18
    4550:	06 c0       	rjmp	.+12     	; 0x455e <vfprintf+0x278>
    4552:	28 e0       	ldi	r18, 0x08	; 8
    4554:	30 e0       	ldi	r19, 0x00	; 0
    4556:	05 c0       	rjmp	.+10     	; 0x4562 <vfprintf+0x27c>
    4558:	20 e1       	ldi	r18, 0x10	; 16
    455a:	30 e0       	ldi	r19, 0x00	; 0
    455c:	02 c0       	rjmp	.+4      	; 0x4562 <vfprintf+0x27c>
    455e:	20 e1       	ldi	r18, 0x10	; 16
    4560:	32 e0       	ldi	r19, 0x02	; 2
    4562:	f8 01       	movw	r30, r16
    4564:	b7 fe       	sbrs	r11, 7
    4566:	07 c0       	rjmp	.+14     	; 0x4576 <vfprintf+0x290>
    4568:	60 81       	ld	r22, Z
    456a:	71 81       	ldd	r23, Z+1	; 0x01
    456c:	82 81       	ldd	r24, Z+2	; 0x02
    456e:	93 81       	ldd	r25, Z+3	; 0x03
    4570:	0c 5f       	subi	r16, 0xFC	; 252
    4572:	1f 4f       	sbci	r17, 0xFF	; 255
    4574:	06 c0       	rjmp	.+12     	; 0x4582 <vfprintf+0x29c>
    4576:	60 81       	ld	r22, Z
    4578:	71 81       	ldd	r23, Z+1	; 0x01
    457a:	80 e0       	ldi	r24, 0x00	; 0
    457c:	90 e0       	ldi	r25, 0x00	; 0
    457e:	0e 5f       	subi	r16, 0xFE	; 254
    4580:	1f 4f       	sbci	r17, 0xFF	; 255
    4582:	a3 01       	movw	r20, r6
    4584:	0e 94 a6 23 	call	0x474c	; 0x474c <__ultoa_invert>
    4588:	88 2e       	mov	r8, r24
    458a:	86 18       	sub	r8, r6
    458c:	fb 2d       	mov	r31, r11
    458e:	ff 77       	andi	r31, 0x7F	; 127
    4590:	3f 2e       	mov	r3, r31
    4592:	36 fe       	sbrs	r3, 6
    4594:	0d c0       	rjmp	.+26     	; 0x45b0 <vfprintf+0x2ca>
    4596:	23 2d       	mov	r18, r3
    4598:	2e 7f       	andi	r18, 0xFE	; 254
    459a:	a2 2e       	mov	r10, r18
    459c:	89 14       	cp	r8, r9
    459e:	58 f4       	brcc	.+22     	; 0x45b6 <vfprintf+0x2d0>
    45a0:	34 fe       	sbrs	r3, 4
    45a2:	0b c0       	rjmp	.+22     	; 0x45ba <vfprintf+0x2d4>
    45a4:	32 fc       	sbrc	r3, 2
    45a6:	09 c0       	rjmp	.+18     	; 0x45ba <vfprintf+0x2d4>
    45a8:	83 2d       	mov	r24, r3
    45aa:	8e 7e       	andi	r24, 0xEE	; 238
    45ac:	a8 2e       	mov	r10, r24
    45ae:	05 c0       	rjmp	.+10     	; 0x45ba <vfprintf+0x2d4>
    45b0:	b8 2c       	mov	r11, r8
    45b2:	a3 2c       	mov	r10, r3
    45b4:	03 c0       	rjmp	.+6      	; 0x45bc <vfprintf+0x2d6>
    45b6:	b8 2c       	mov	r11, r8
    45b8:	01 c0       	rjmp	.+2      	; 0x45bc <vfprintf+0x2d6>
    45ba:	b9 2c       	mov	r11, r9
    45bc:	a4 fe       	sbrs	r10, 4
    45be:	0f c0       	rjmp	.+30     	; 0x45de <vfprintf+0x2f8>
    45c0:	fe 01       	movw	r30, r28
    45c2:	e8 0d       	add	r30, r8
    45c4:	f1 1d       	adc	r31, r1
    45c6:	80 81       	ld	r24, Z
    45c8:	80 33       	cpi	r24, 0x30	; 48
    45ca:	21 f4       	brne	.+8      	; 0x45d4 <vfprintf+0x2ee>
    45cc:	9a 2d       	mov	r25, r10
    45ce:	99 7e       	andi	r25, 0xE9	; 233
    45d0:	a9 2e       	mov	r10, r25
    45d2:	09 c0       	rjmp	.+18     	; 0x45e6 <vfprintf+0x300>
    45d4:	a2 fe       	sbrs	r10, 2
    45d6:	06 c0       	rjmp	.+12     	; 0x45e4 <vfprintf+0x2fe>
    45d8:	b3 94       	inc	r11
    45da:	b3 94       	inc	r11
    45dc:	04 c0       	rjmp	.+8      	; 0x45e6 <vfprintf+0x300>
    45de:	8a 2d       	mov	r24, r10
    45e0:	86 78       	andi	r24, 0x86	; 134
    45e2:	09 f0       	breq	.+2      	; 0x45e6 <vfprintf+0x300>
    45e4:	b3 94       	inc	r11
    45e6:	a3 fc       	sbrc	r10, 3
    45e8:	11 c0       	rjmp	.+34     	; 0x460c <vfprintf+0x326>
    45ea:	a0 fe       	sbrs	r10, 0
    45ec:	06 c0       	rjmp	.+12     	; 0x45fa <vfprintf+0x314>
    45ee:	b2 14       	cp	r11, r2
    45f0:	88 f4       	brcc	.+34     	; 0x4614 <vfprintf+0x32e>
    45f2:	28 0c       	add	r2, r8
    45f4:	92 2c       	mov	r9, r2
    45f6:	9b 18       	sub	r9, r11
    45f8:	0e c0       	rjmp	.+28     	; 0x4616 <vfprintf+0x330>
    45fa:	b2 14       	cp	r11, r2
    45fc:	60 f4       	brcc	.+24     	; 0x4616 <vfprintf+0x330>
    45fe:	b6 01       	movw	r22, r12
    4600:	80 e2       	ldi	r24, 0x20	; 32
    4602:	90 e0       	ldi	r25, 0x00	; 0
    4604:	0e 94 6a 23 	call	0x46d4	; 0x46d4 <fputc>
    4608:	b3 94       	inc	r11
    460a:	f7 cf       	rjmp	.-18     	; 0x45fa <vfprintf+0x314>
    460c:	b2 14       	cp	r11, r2
    460e:	18 f4       	brcc	.+6      	; 0x4616 <vfprintf+0x330>
    4610:	2b 18       	sub	r2, r11
    4612:	02 c0       	rjmp	.+4      	; 0x4618 <vfprintf+0x332>
    4614:	98 2c       	mov	r9, r8
    4616:	21 2c       	mov	r2, r1
    4618:	a4 fe       	sbrs	r10, 4
    461a:	10 c0       	rjmp	.+32     	; 0x463c <vfprintf+0x356>
    461c:	b6 01       	movw	r22, r12
    461e:	80 e3       	ldi	r24, 0x30	; 48
    4620:	90 e0       	ldi	r25, 0x00	; 0
    4622:	0e 94 6a 23 	call	0x46d4	; 0x46d4 <fputc>
    4626:	a2 fe       	sbrs	r10, 2
    4628:	17 c0       	rjmp	.+46     	; 0x4658 <vfprintf+0x372>
    462a:	a1 fc       	sbrc	r10, 1
    462c:	03 c0       	rjmp	.+6      	; 0x4634 <vfprintf+0x34e>
    462e:	88 e7       	ldi	r24, 0x78	; 120
    4630:	90 e0       	ldi	r25, 0x00	; 0
    4632:	02 c0       	rjmp	.+4      	; 0x4638 <vfprintf+0x352>
    4634:	88 e5       	ldi	r24, 0x58	; 88
    4636:	90 e0       	ldi	r25, 0x00	; 0
    4638:	b6 01       	movw	r22, r12
    463a:	0c c0       	rjmp	.+24     	; 0x4654 <vfprintf+0x36e>
    463c:	8a 2d       	mov	r24, r10
    463e:	86 78       	andi	r24, 0x86	; 134
    4640:	59 f0       	breq	.+22     	; 0x4658 <vfprintf+0x372>
    4642:	a1 fe       	sbrs	r10, 1
    4644:	02 c0       	rjmp	.+4      	; 0x464a <vfprintf+0x364>
    4646:	8b e2       	ldi	r24, 0x2B	; 43
    4648:	01 c0       	rjmp	.+2      	; 0x464c <vfprintf+0x366>
    464a:	80 e2       	ldi	r24, 0x20	; 32
    464c:	a7 fc       	sbrc	r10, 7
    464e:	8d e2       	ldi	r24, 0x2D	; 45
    4650:	b6 01       	movw	r22, r12
    4652:	90 e0       	ldi	r25, 0x00	; 0
    4654:	0e 94 6a 23 	call	0x46d4	; 0x46d4 <fputc>
    4658:	89 14       	cp	r8, r9
    465a:	38 f4       	brcc	.+14     	; 0x466a <vfprintf+0x384>
    465c:	b6 01       	movw	r22, r12
    465e:	80 e3       	ldi	r24, 0x30	; 48
    4660:	90 e0       	ldi	r25, 0x00	; 0
    4662:	0e 94 6a 23 	call	0x46d4	; 0x46d4 <fputc>
    4666:	9a 94       	dec	r9
    4668:	f7 cf       	rjmp	.-18     	; 0x4658 <vfprintf+0x372>
    466a:	8a 94       	dec	r8
    466c:	f3 01       	movw	r30, r6
    466e:	e8 0d       	add	r30, r8
    4670:	f1 1d       	adc	r31, r1
    4672:	80 81       	ld	r24, Z
    4674:	b6 01       	movw	r22, r12
    4676:	90 e0       	ldi	r25, 0x00	; 0
    4678:	0e 94 6a 23 	call	0x46d4	; 0x46d4 <fputc>
    467c:	81 10       	cpse	r8, r1
    467e:	f5 cf       	rjmp	.-22     	; 0x466a <vfprintf+0x384>
    4680:	22 20       	and	r2, r2
    4682:	09 f4       	brne	.+2      	; 0x4686 <vfprintf+0x3a0>
    4684:	42 ce       	rjmp	.-892    	; 0x430a <vfprintf+0x24>
    4686:	b6 01       	movw	r22, r12
    4688:	80 e2       	ldi	r24, 0x20	; 32
    468a:	90 e0       	ldi	r25, 0x00	; 0
    468c:	0e 94 6a 23 	call	0x46d4	; 0x46d4 <fputc>
    4690:	2a 94       	dec	r2
    4692:	f6 cf       	rjmp	.-20     	; 0x4680 <vfprintf+0x39a>
    4694:	f6 01       	movw	r30, r12
    4696:	86 81       	ldd	r24, Z+6	; 0x06
    4698:	97 81       	ldd	r25, Z+7	; 0x07
    469a:	02 c0       	rjmp	.+4      	; 0x46a0 <vfprintf+0x3ba>
    469c:	8f ef       	ldi	r24, 0xFF	; 255
    469e:	9f ef       	ldi	r25, 0xFF	; 255
    46a0:	2b 96       	adiw	r28, 0x0b	; 11
    46a2:	e2 e1       	ldi	r30, 0x12	; 18
    46a4:	0c 94 20 24 	jmp	0x4840	; 0x4840 <__epilogue_restores__>

000046a8 <strnlen_P>:
    46a8:	fc 01       	movw	r30, r24
    46aa:	05 90       	lpm	r0, Z+
    46ac:	61 50       	subi	r22, 0x01	; 1
    46ae:	70 40       	sbci	r23, 0x00	; 0
    46b0:	01 10       	cpse	r0, r1
    46b2:	d8 f7       	brcc	.-10     	; 0x46aa <strnlen_P+0x2>
    46b4:	80 95       	com	r24
    46b6:	90 95       	com	r25
    46b8:	8e 0f       	add	r24, r30
    46ba:	9f 1f       	adc	r25, r31
    46bc:	08 95       	ret

000046be <strnlen>:
    46be:	fc 01       	movw	r30, r24
    46c0:	61 50       	subi	r22, 0x01	; 1
    46c2:	70 40       	sbci	r23, 0x00	; 0
    46c4:	01 90       	ld	r0, Z+
    46c6:	01 10       	cpse	r0, r1
    46c8:	d8 f7       	brcc	.-10     	; 0x46c0 <strnlen+0x2>
    46ca:	80 95       	com	r24
    46cc:	90 95       	com	r25
    46ce:	8e 0f       	add	r24, r30
    46d0:	9f 1f       	adc	r25, r31
    46d2:	08 95       	ret

000046d4 <fputc>:
    46d4:	0f 93       	push	r16
    46d6:	1f 93       	push	r17
    46d8:	cf 93       	push	r28
    46da:	df 93       	push	r29
    46dc:	fb 01       	movw	r30, r22
    46de:	23 81       	ldd	r18, Z+3	; 0x03
    46e0:	21 fd       	sbrc	r18, 1
    46e2:	03 c0       	rjmp	.+6      	; 0x46ea <fputc+0x16>
    46e4:	8f ef       	ldi	r24, 0xFF	; 255
    46e6:	9f ef       	ldi	r25, 0xFF	; 255
    46e8:	2c c0       	rjmp	.+88     	; 0x4742 <fputc+0x6e>
    46ea:	22 ff       	sbrs	r18, 2
    46ec:	16 c0       	rjmp	.+44     	; 0x471a <fputc+0x46>
    46ee:	46 81       	ldd	r20, Z+6	; 0x06
    46f0:	57 81       	ldd	r21, Z+7	; 0x07
    46f2:	24 81       	ldd	r18, Z+4	; 0x04
    46f4:	35 81       	ldd	r19, Z+5	; 0x05
    46f6:	42 17       	cp	r20, r18
    46f8:	53 07       	cpc	r21, r19
    46fa:	44 f4       	brge	.+16     	; 0x470c <fputc+0x38>
    46fc:	a0 81       	ld	r26, Z
    46fe:	b1 81       	ldd	r27, Z+1	; 0x01
    4700:	9d 01       	movw	r18, r26
    4702:	2f 5f       	subi	r18, 0xFF	; 255
    4704:	3f 4f       	sbci	r19, 0xFF	; 255
    4706:	31 83       	std	Z+1, r19	; 0x01
    4708:	20 83       	st	Z, r18
    470a:	8c 93       	st	X, r24
    470c:	26 81       	ldd	r18, Z+6	; 0x06
    470e:	37 81       	ldd	r19, Z+7	; 0x07
    4710:	2f 5f       	subi	r18, 0xFF	; 255
    4712:	3f 4f       	sbci	r19, 0xFF	; 255
    4714:	37 83       	std	Z+7, r19	; 0x07
    4716:	26 83       	std	Z+6, r18	; 0x06
    4718:	14 c0       	rjmp	.+40     	; 0x4742 <fputc+0x6e>
    471a:	8b 01       	movw	r16, r22
    471c:	ec 01       	movw	r28, r24
    471e:	fb 01       	movw	r30, r22
    4720:	00 84       	ldd	r0, Z+8	; 0x08
    4722:	f1 85       	ldd	r31, Z+9	; 0x09
    4724:	e0 2d       	mov	r30, r0
    4726:	09 95       	icall
    4728:	89 2b       	or	r24, r25
    472a:	e1 f6       	brne	.-72     	; 0x46e4 <fputc+0x10>
    472c:	d8 01       	movw	r26, r16
    472e:	16 96       	adiw	r26, 0x06	; 6
    4730:	8d 91       	ld	r24, X+
    4732:	9c 91       	ld	r25, X
    4734:	17 97       	sbiw	r26, 0x07	; 7
    4736:	01 96       	adiw	r24, 0x01	; 1
    4738:	17 96       	adiw	r26, 0x07	; 7
    473a:	9c 93       	st	X, r25
    473c:	8e 93       	st	-X, r24
    473e:	16 97       	sbiw	r26, 0x06	; 6
    4740:	ce 01       	movw	r24, r28
    4742:	df 91       	pop	r29
    4744:	cf 91       	pop	r28
    4746:	1f 91       	pop	r17
    4748:	0f 91       	pop	r16
    474a:	08 95       	ret

0000474c <__ultoa_invert>:
    474c:	fa 01       	movw	r30, r20
    474e:	aa 27       	eor	r26, r26
    4750:	28 30       	cpi	r18, 0x08	; 8
    4752:	51 f1       	breq	.+84     	; 0x47a8 <__ultoa_invert+0x5c>
    4754:	20 31       	cpi	r18, 0x10	; 16
    4756:	81 f1       	breq	.+96     	; 0x47b8 <__ultoa_invert+0x6c>
    4758:	e8 94       	clt
    475a:	6f 93       	push	r22
    475c:	6e 7f       	andi	r22, 0xFE	; 254
    475e:	6e 5f       	subi	r22, 0xFE	; 254
    4760:	7f 4f       	sbci	r23, 0xFF	; 255
    4762:	8f 4f       	sbci	r24, 0xFF	; 255
    4764:	9f 4f       	sbci	r25, 0xFF	; 255
    4766:	af 4f       	sbci	r26, 0xFF	; 255
    4768:	b1 e0       	ldi	r27, 0x01	; 1
    476a:	3e d0       	rcall	.+124    	; 0x47e8 <__ultoa_invert+0x9c>
    476c:	b4 e0       	ldi	r27, 0x04	; 4
    476e:	3c d0       	rcall	.+120    	; 0x47e8 <__ultoa_invert+0x9c>
    4770:	67 0f       	add	r22, r23
    4772:	78 1f       	adc	r23, r24
    4774:	89 1f       	adc	r24, r25
    4776:	9a 1f       	adc	r25, r26
    4778:	a1 1d       	adc	r26, r1
    477a:	68 0f       	add	r22, r24
    477c:	79 1f       	adc	r23, r25
    477e:	8a 1f       	adc	r24, r26
    4780:	91 1d       	adc	r25, r1
    4782:	a1 1d       	adc	r26, r1
    4784:	6a 0f       	add	r22, r26
    4786:	71 1d       	adc	r23, r1
    4788:	81 1d       	adc	r24, r1
    478a:	91 1d       	adc	r25, r1
    478c:	a1 1d       	adc	r26, r1
    478e:	20 d0       	rcall	.+64     	; 0x47d0 <__ultoa_invert+0x84>
    4790:	09 f4       	brne	.+2      	; 0x4794 <__ultoa_invert+0x48>
    4792:	68 94       	set
    4794:	3f 91       	pop	r19
    4796:	2a e0       	ldi	r18, 0x0A	; 10
    4798:	26 9f       	mul	r18, r22
    479a:	11 24       	eor	r1, r1
    479c:	30 19       	sub	r19, r0
    479e:	30 5d       	subi	r19, 0xD0	; 208
    47a0:	31 93       	st	Z+, r19
    47a2:	de f6       	brtc	.-74     	; 0x475a <__ultoa_invert+0xe>
    47a4:	cf 01       	movw	r24, r30
    47a6:	08 95       	ret
    47a8:	46 2f       	mov	r20, r22
    47aa:	47 70       	andi	r20, 0x07	; 7
    47ac:	40 5d       	subi	r20, 0xD0	; 208
    47ae:	41 93       	st	Z+, r20
    47b0:	b3 e0       	ldi	r27, 0x03	; 3
    47b2:	0f d0       	rcall	.+30     	; 0x47d2 <__ultoa_invert+0x86>
    47b4:	c9 f7       	brne	.-14     	; 0x47a8 <__ultoa_invert+0x5c>
    47b6:	f6 cf       	rjmp	.-20     	; 0x47a4 <__ultoa_invert+0x58>
    47b8:	46 2f       	mov	r20, r22
    47ba:	4f 70       	andi	r20, 0x0F	; 15
    47bc:	40 5d       	subi	r20, 0xD0	; 208
    47be:	4a 33       	cpi	r20, 0x3A	; 58
    47c0:	18 f0       	brcs	.+6      	; 0x47c8 <__ultoa_invert+0x7c>
    47c2:	49 5d       	subi	r20, 0xD9	; 217
    47c4:	31 fd       	sbrc	r19, 1
    47c6:	40 52       	subi	r20, 0x20	; 32
    47c8:	41 93       	st	Z+, r20
    47ca:	02 d0       	rcall	.+4      	; 0x47d0 <__ultoa_invert+0x84>
    47cc:	a9 f7       	brne	.-22     	; 0x47b8 <__ultoa_invert+0x6c>
    47ce:	ea cf       	rjmp	.-44     	; 0x47a4 <__ultoa_invert+0x58>
    47d0:	b4 e0       	ldi	r27, 0x04	; 4
    47d2:	a6 95       	lsr	r26
    47d4:	97 95       	ror	r25
    47d6:	87 95       	ror	r24
    47d8:	77 95       	ror	r23
    47da:	67 95       	ror	r22
    47dc:	ba 95       	dec	r27
    47de:	c9 f7       	brne	.-14     	; 0x47d2 <__ultoa_invert+0x86>
    47e0:	00 97       	sbiw	r24, 0x00	; 0
    47e2:	61 05       	cpc	r22, r1
    47e4:	71 05       	cpc	r23, r1
    47e6:	08 95       	ret
    47e8:	9b 01       	movw	r18, r22
    47ea:	ac 01       	movw	r20, r24
    47ec:	0a 2e       	mov	r0, r26
    47ee:	06 94       	lsr	r0
    47f0:	57 95       	ror	r21
    47f2:	47 95       	ror	r20
    47f4:	37 95       	ror	r19
    47f6:	27 95       	ror	r18
    47f8:	ba 95       	dec	r27
    47fa:	c9 f7       	brne	.-14     	; 0x47ee <__ultoa_invert+0xa2>
    47fc:	62 0f       	add	r22, r18
    47fe:	73 1f       	adc	r23, r19
    4800:	84 1f       	adc	r24, r20
    4802:	95 1f       	adc	r25, r21
    4804:	a0 1d       	adc	r26, r0
    4806:	08 95       	ret

00004808 <__prologue_saves__>:
    4808:	2f 92       	push	r2
    480a:	3f 92       	push	r3
    480c:	4f 92       	push	r4
    480e:	5f 92       	push	r5
    4810:	6f 92       	push	r6
    4812:	7f 92       	push	r7
    4814:	8f 92       	push	r8
    4816:	9f 92       	push	r9
    4818:	af 92       	push	r10
    481a:	bf 92       	push	r11
    481c:	cf 92       	push	r12
    481e:	df 92       	push	r13
    4820:	ef 92       	push	r14
    4822:	ff 92       	push	r15
    4824:	0f 93       	push	r16
    4826:	1f 93       	push	r17
    4828:	cf 93       	push	r28
    482a:	df 93       	push	r29
    482c:	cd b7       	in	r28, 0x3d	; 61
    482e:	de b7       	in	r29, 0x3e	; 62
    4830:	ca 1b       	sub	r28, r26
    4832:	db 0b       	sbc	r29, r27
    4834:	0f b6       	in	r0, 0x3f	; 63
    4836:	f8 94       	cli
    4838:	de bf       	out	0x3e, r29	; 62
    483a:	0f be       	out	0x3f, r0	; 63
    483c:	cd bf       	out	0x3d, r28	; 61
    483e:	09 94       	ijmp

00004840 <__epilogue_restores__>:
    4840:	2a 88       	ldd	r2, Y+18	; 0x12
    4842:	39 88       	ldd	r3, Y+17	; 0x11
    4844:	48 88       	ldd	r4, Y+16	; 0x10
    4846:	5f 84       	ldd	r5, Y+15	; 0x0f
    4848:	6e 84       	ldd	r6, Y+14	; 0x0e
    484a:	7d 84       	ldd	r7, Y+13	; 0x0d
    484c:	8c 84       	ldd	r8, Y+12	; 0x0c
    484e:	9b 84       	ldd	r9, Y+11	; 0x0b
    4850:	aa 84       	ldd	r10, Y+10	; 0x0a
    4852:	b9 84       	ldd	r11, Y+9	; 0x09
    4854:	c8 84       	ldd	r12, Y+8	; 0x08
    4856:	df 80       	ldd	r13, Y+7	; 0x07
    4858:	ee 80       	ldd	r14, Y+6	; 0x06
    485a:	fd 80       	ldd	r15, Y+5	; 0x05
    485c:	0c 81       	ldd	r16, Y+4	; 0x04
    485e:	1b 81       	ldd	r17, Y+3	; 0x03
    4860:	aa 81       	ldd	r26, Y+2	; 0x02
    4862:	b9 81       	ldd	r27, Y+1	; 0x01
    4864:	ce 0f       	add	r28, r30
    4866:	d1 1d       	adc	r29, r1
    4868:	0f b6       	in	r0, 0x3f	; 63
    486a:	f8 94       	cli
    486c:	de bf       	out	0x3e, r29	; 62
    486e:	0f be       	out	0x3f, r0	; 63
    4870:	cd bf       	out	0x3d, r28	; 61
    4872:	ed 01       	movw	r28, r26
    4874:	08 95       	ret

00004876 <_exit>:
    4876:	f8 94       	cli

00004878 <__stop_program>:
    4878:	ff cf       	rjmp	.-2      	; 0x4878 <__stop_program>
